,21,22,23
0,등짝 과 배가 너무 아파요,안녕하세요    살 여자입니다 평소에는 아무런 증상 없었는데 오늘 자다가 갑자기 명치쪽에 통증이와서 일어나니 등짝과 동시에 통증이 왔습니다 명치 부위는 무언가가 꽉 막혀있는 느낌살짝 욱신  했던 것 같고 토 할 것 같았습니다 등짝은 금방이라도 끊겨버릴 것 같이 너무너무 아팠습니다 한     분 지나니 통증이 가라앉아서 괜찮아 졌어요 처음으로 느껴보는 통증이라 무섭네요 왜 이러는 걸까요  췌장 쪽 병일까봐 너무 걱정이에요  ,마취통증의학과
1,등 가운데 통증,설거지하면서      분정도 서 있는데 척추쪽이 끊어질 듯 아파서 앉아 있으니 괜찮졌는데 정형외과나 통증의학과에 가면 되나요   소화불량 체중감소는 없어요,마취통증의학과
2,오른쪽 아래 갈비뼈 쑤심 통증,어제부터 계속 누워있으면 오른쪽 위 갈비뼈 통증이 자꾸 오네요    콕콕 쑤시는 느낌이랄까 찌르는 느낌같고 계속 통증이 있다가 없다가 그래서요   무슨 증상인지 알려주시고 어떻게 해야하는지 알려주세요  ,마취통증의학과
3,허리디스크 통증,저 통증이 너무 심한 거 같아요   일자로 누워있으면 일어날때 너무 아파요   걸을 순 있는데   수술할 정도인가요   너무 무서워요  아픈지 한달 정도는 되었는데 더 아파졌을때가    일 전이거든요  ,마취통증의학과
4,등 척추 오른쪽 통증,  세 남자입니다  몇 일 전 부터 등 중간 척추 오른쪽에 통증이 발생했어요  누웠을 때 걸을 때 아무 이상 없고  한 번씩 이렇게 힘이 가해지면 근육통 처럼 느껴집니다   체중 감소도 없고  식욕이 너무 많아서 문제입니다   혹시 췌장 관련 됐을 수도 있나요   아니면 제가 스트레칭 한다고 다리를 오른쪽으로 한 다음 허리를 꺽는데 이때 통증이 오네요 스트레칭 자세가 잘 못 되었나요 ,마취통증의학과
5,윗배 통증,아  년전부터 매년  년에 한번씩 윗배가 아파요  매년 말이나 매년 초에 아픈데 명치쪽이 아프고  번아프면  년동안 안아파요  통증은 조금 허리비틀면 아아 아아 할정도로 아프고 누르면 아픕니다  뭐죠 ,마취통증의학과
6,왼쪽 팔 통증, 주 정도 지낫는데 왼쪽 팔을 피면 이두쪽 통증이 심해서 피지도 못할정도인데 지금 팔 접히는 부분까지 통증이 이어집니다 팔을 거의 아파서 못쓰고 있는데 무슨 병인지 병원 가야하는지 답좀 해주세요  ,마취통증의학과
7,발목뼈에 금이 간걸까요   ,안녕하세요  제가  달 하고도  주 정도 전에 축구를 하다가 발목을 접질렀습니다  당시 꽤 심한 통증이 있었지만  대체 인원이 마땅치 않아 부상후에도 계속 축구를 뛰었습니다  다치고 난 후 다음날 정형외과에 가서 초음파도 해보고 엑스레이도 찍어봤는데요  초음파로 인대부분이 손상이가서 살짝 피가 나오고 부어있는 것 까지는 확인했지만 엑스레이로 봤을때 뼈에는 문제가 없다고 하셨습니다  그래서 약을 받고 발목을 붕대로  주일 정도 감고 생활했습니다  하지만  주가 지나도 계속 통증이 있고 미미하지만 계속 그 부위가 볼록하게 부어있습니다  그래서 다시 정형외과를 방문하여 물리치료를  회정도 받았습니다  약도 다시 받고요  하지만 통증도 여전하고 아직 붓기도 여전합니다  혹시 이런경우 뼈에 금이 간 경우는 아닌지 궁금해서 질문 남깁니다  ,마취통증의학과
8,  대 학생인데 팔꿈치 통증,  대 학생이고 평소 골프 같은 운동도 많이 하지 않았는데 갑자기 팔꿈치에 찌릿찌릿한 통증이 느껴져요  그리고 가끔 심장쪽이 좀 많이 아프기도 한데 이거 무슨 병 같은 건 아니겠죠    ,마취통증의학과
9,어깨 통증 질문드려요,어깨가 너무 아파요 뼈가 아픈 건 아닌데 근육통이라고 하기엔 어깨를 심하게 움직인 적이 없어요  계속 아픈데 응급실을 가봐야할까요    시간동안 계속 이래요 ,마취통증의학과
10,허벅지 뒷쪽 통증,다리 찢을 때 허벅지 뒷쪽에 통증이 있는데 다리 찢을 때 빼고는 증상이 없어서 햄스트링 같아보이지는 않아요  몸을 잘못 푼건지 다리를 잘못된 자세로 찢은건지 뭐때문에 이런지 모르겠는데  다리 찢을 때 심하지 않은 허벅지 뒷쪽 통증  집에서 할 수 있는 처치법이나 마사지 있을까요 ,마취통증의학과
11,여자 오른쪽 골반 통증,  대 여학생입니다 항상 공부할 때도 목을 한쪽으로 꺾어서 필기하고 누울때도 주로 오른쪽을 보며 눕는 습관이 있어서 그런진 모르겠지만 몇달에 한번씩 오른쪽 골반 위에 통증이 옵니다 지금도 통증이 왔는데 심하진 않아도 좀 거슬리고 불편해서요  병원가서 치료하는 것 보단 그냥 온찜질처럼 방법을 알려주세요,마취통증의학과
12,손가락 티눈  사마귀 ,오른쪽 가운데 손가락에 이런게 생겼습니다 먼지아시는분    누르거나 마찰이생긴경우 통증이 있지는 않아요,마취통증의학과
13,울었더니 관자놀이가 아파요,한참 울다가 그치고 다시 슬퍼져서 울었더니 관자놀이가 진짜 엄청 욱신거려요,마취통증의학과
14,오른쪽 갈비뼈가 아파요,그냥 가만히 있으면 아프지 않은데 숨쉴때 오른쪽 위 갈비뼈에 통증이 느껴지는데 왜 그런건가요  병원에 가봐야 할까요 ,마취통증의학과
15,턱걸이 목 근육 통증,오늘 턱걸이를 하는데 왼쪽 목 근육 쪽에 통증이 있어요  그냥 있을 땐 괜찮은데 왼쪽 어깨를뒤로 빼면 통증이 오네요 승모근 앞 쇄골 뒤쪽 근육이 아파요 무슨 근육인지 아시나요  또 왜 여기가 아픈걸까요 ,마취통증의학과
16,광배 부분이랑 어깨 앞쪽이 아픕니다  ,평소에 오른쪽 팔을 돌리면 어깨에서 뚝뚝 소리가 나고 가끔가다가 걸리는데 그때 통증이 좀 심합니다 오른쪽 갈비뼈 안쪽  에서 뚝뚝 걸리면서 소리나고 통증이 있고  잘때 누우면 왼쪽은 괜찮은데 오른쪽등이 불편하고 오른쪽 목 뒷부분이 땡깁니다 체형이 많이 무너진건가요       ,마취통증의학과
17,왼쪽가슴위 통증,스키장을 저번주 수요일인가 목요일에 갓다왔는데 그때 좀 넘어져서 가슴에 통증 이있었은데 일상생활하기도 괜찮고해서 병원에 안가고 파스 바르는 정도만 했는데요 어제 일한후에 가슴통증이 심해졌습니다  숨을 들이마시면 통증이오고 기침해도 아픕니다 약간 부은거같기도해요 이거 염증생긴건가요 아님 실금이 간건가요   설이라 병원 영업 안해서 제가 할수 있는게 뭐가있을까요  자세한 답변 부탁드립니다,마취통증의학과
18,허리가 아픕니다,원인을 알고싶습니다   다리저림 엉덩이 통증 골반통증 허리 필때마다 고통이 심합니다  단순 근육통일까요  운동은 걷기정도만합니다 ,마취통증의학과
19,무릎연골 수술,이번에 무릎연골수술을 할머니가 하시는데 수술후에 뭐 좋은거 없을까요     먹는거나 기구나 뭐든 ,마취통증의학과
20,오른쪽 날개뼈  팔 통증,오른쪽 날개뼈가 어느 순간부터 아프기 시작합니다    오른쪽 날개뼈 통증이 있고 시간이 조금 지나고 오른쪽 팔도 같이 아파요   이거 병원 어디로 가야 되나요   ,마취통증의학과
21,무릎꿇고 앉을 때 종아리 통증,무릎을 꿇고 앉으면 종아리와 정강이가 터질듯하게 아파서 몇 초 이상 버티지 못합니다 왤까요,마취통증의학과
22,왼쪽 갈비뼈  등뼈 통증,갑자기 다친적도없는데 어제부터 숨을크게쉬거나 자세를 바꾸면 등뼈인가 갈비뼈  폐쪽에 통증이 오는데 왜이러나요,마취통증의학과
23,사시수술은,전신마취인데 전신마취 힐때 주사로 마취를 하나요 아니면 입에 가스를 넣어서 마취하나요 ,마취통증의학과
24,가슴 통증,좀 오래되엇는데 재채기할때마다 가슴 통증이 잇는데 머가 문제일까요  병원 가야할정도나여 ,마취통증의학과
25,숨쉬다가 갈비뼈 아래가 따가운데,숨쉴때마다 왼쪽 갈비뼈 밑이 바늘로 찌르는것같이 아파요 숨을 참으면 괜찮아요,마취통증의학과
26,손목 통증,손목을 자주 쓰는 알바를 하고 있어요 가만히 있을때 빨간색으로 동그라미 친 부분이 갑자기 아파요 아프다 안 아프다 하구여   특정 손가락에 힘 주면 파란색으로 동그라미 친 부분이 아파요 왼쪽 오른쪽 둘 다 아파요 왼쪽은 덜한데 오른쪽이 좀 더 아파요 젓가락질 할때도 아프더라구여 할때마다 아프기보단 젓가락질 하는 중간중간마다 아파요 설 연휴때문에 연휴 끝나고도 목요일에 어디 가서 병원을 금요일날 가야하는데 이대로 냅둬도 괜찮을까요,마취통증의학과
27,목에 있는 점을 빼고싶은데,그 점이 좀 튀어나와있는 점인데 그럼 무조건 마취주사 맞나요 ,마취통증의학과
28,배꼽주위 윗배 통증,이게 계기인지는 모르겠는데 저번주에 마라샹궈를 먹었어요 평소랑 같은 맵기여서 막 그렇게 맵지는 않았는데 그날부터 윗배가 살짝 살짝씩 아프더니 그 다음날 부터는 윗배에서 가운데 쪽 장을 쥐어짜는 듯한 통증이 어쩌다가 한번씩 나타납니다 아프기 시작한 이후로 일주일 정도가 되었는데 아플 때는 너무 아파서 잠깐 하던 일을 멈출 정도고 평소보다 방귀가 자주 나오는 거 같고 변은 잘 봅니다  연휴라서 병원들이 많이 안해서 일단 지식인에 여쭤봅니다 ,마취통증의학과
29,갈비뼈 등 통증,플랭크를 하고나서 자세가 잘못되었는지 어제 밤부터 갈비뼈부터 등까지 근육통같이 통증이 있네요  왜 어디가 아픈거고 어떻게 하면 괜찮아질지 궁금합니다 ,마취통증의학과
30,손목이 아파요,제가 동생이랑 공놀이를 집에서 하다가 넘어졌는데 손목이 아팠는데 그냥 있을때는 살짝아픈데 주먹을 쥐고 힘을 주면 통증이 새게 오는데    금갔을까봐 걱정되네요   ,마취통증의학과
31,허리통증질문,다리퍼고 앉아서 허리를 펼려고하면 왼쪽 밑 허리가 아프고 안펴집니다   그리고 펼려면 무릎을 굽혀야 펴져요  이거 문제있는건가요   ,마취통증의학과
32,이런경우 무슨과를 가서 치료해야되나요 ,허리통증이 엄청심한데  일어나질 못하고 있네요  일어날려고 하면 허리통증이 너무 심해서  누워있어야 되고  이런경우 무슨 병인가요   무슨과를 가서 치료해야되나요 ,마취통증의학과
33,발 뒤꿈치 통증이 너무 심합니다,사진에 까만색 동그라미 친 부분이 가만히 있어도 아프구요 걸을땐 정말 못걷겠다 할정도로 아프구요  가끔씩 발뒤꿈치 전체가 아팠었는데 괜찮다가 아까부터 갑자기 너무너무 아파요    저번보다 훨씬 더 아프네요 왜이런걸까요   ,마취통증의학과
34,통증 급해요,왼쪽 심장옆 숨실때마다 통증 가끔 왼쪽 배꼽 옆 통증 가끔,마취통증의학과
35,발이 아파요,정강이에서 발까지 저릿한 통증이 있어요 어릴 때부터 이유 없이 가끔씩 그랬어요 걷는 건 전혀 지장이 없는데 어떤 자세를 해도 아프고 자고 일어나야만 통증이 멈춰요  병원 가야 할까요  가야 한다면 무슨 병원을 가야 하나요  ,마취통증의학과
36,흉부 통증,어제 아침부터 자고 일어났더니 가슴 근육이 땡기고 아프다는 느낌을 받았는대요 통증이 지속돼다보니 계속 신경이 쓰이더라구요  쇄골쪽 중앙부터 가슴 중앙의 뼈와 근육이 숨을 크게 들이마실때마다 아프고 그냥 건들여도 아픕니다  등엔 척추가 있다면 앞에 뼈가 아퍼요  왜 이러는거고 또 어떤 병원을 가야할까요 ,마취통증의학과
37,여자 가운데 아래배 통증,갑자기 가운데 아랫배가 너무 아파요 배꼽아래 밴데 물소리도 나는 거 같고 너무 아파요 진짜 약은 집에 없어서 못 먹고 병원도 못 가요 이 시간에 어떡하죠 정말,마취통증의학과
38,허리 디스크일까요 ,요전에 마사지 기계로 허리쪽에 대고 한 뒤로  허리통증이 생겨서 불편하네요   허벅지떨림도 가끔씩 생기고    며칠그런게 아니라 한 일이주째 이래서             고도비만인데 다이어트를 하면 통증이 사라질까요   몸무게빼곤 특별히 허리에 부담가게 한일은 없었는데  마사지기계를 허리에 대고 한뒤로 통증이 생겼네요    병원가서 찍어봐야할까요    마사지기계 대기전까진 통증이나 이상이 전혀없었는데  ,마취통증의학과
39,날개죽지 통증,한  일전부터 오른쪽 날개죽지 부분이 너무 아파요 어제는 좀 욱씬거리는 통증  이었다면 오늘은 따끔거리네요 대체 왜 이러는지    병원 가려면 어느 과로 가야하는건지 알려주세요    ,마취통증의학과
40,오른쪽 아랫배 통증,올해 중  되는 남학생입니다 제목과 같이 어른 쪽 아랫배에 통증이 있어요 가시로 찌르는 가벼운 통증이 오늘 갑자기 시작됐어요 공복배인지 대변 배인지 모르겠습니다 눌렸을때 안아프고 장기가 움직이는느낌이들고 땔땐 안아파요  이거 맹장염인가요 아님 초기 증상인가요 아님 그냥 아닌가요,마취통증의학과
41,엉덩이 위 허리통증,엉덩이 위쪽  허리 아래쪽 부분에 통증이 생긴지 한달정도 됐습니다 만지거나 눌렀을때는 전혀 아프지 않아요 누워서 자세를 바꿀 때  누웠다가 일어날 때  앉았다 일어날 때 통증이 있고 엎드려서 기침할 때도 통증이 있습니다 왜 그런걸까요  병원은 어떤 병원을 가야하나요  ,마취통증의학과
42,가슴 통증 있어요  ,안녕하세요  올해 초 이되는 학생인데요  제가 초 쯤  부터 가슴이 조금씩 나왔어요  그런데 가슴이 어디에 세게 부딪치거나 그럴 때마다 너무 아파요    예전에 학교에서 피구했을 때 가슴에 공을 맞아서 진짜 아팠었거든요    아픈 이유가 뭔가요       지금은 막 아프진 않아요 ,마취통증의학과
43,오른쪽 위쪽 배 통증,안녕하세요   며칠 째 백신 부작용으로 설사를 하다가 갑자기 위 통증이 시작됐는데 느낌은 위경련이랑 비슷해서 이러다 말겠거니 싶었는데 위치가 명치쪽이 아니라 명치 기준 훨씬 오른쪽 갈비뼈  바로 아래가 아프네요     반나절째 쭉 아픈데 괜찮은 건가요  누워있어도 아프고 서있어도 아파요  ,마취통증의학과
44,발목 통증,사진 속 상처난 부위 살짝 아래로 뼈가 갑자기 튀어나온 느낌이고 상처부위는 좀 부었습니다 크게 안좋은 건가요  ,마취통증의학과
45,수면내시경 마취 통증,수면내시경할 때 주사 들어올때 심장쪽이 타는듯이 아픈데 괜찮은건가요 ,마취통증의학과
46,화이자  차 가슴통증,화이자  차  일차인데요  일차부터 가슴이 답답하고 통증이 오는데 몇일 지켜보고 병원을 가야 하나요 ,마취통증의학과
47,팔을 굽힐때 팔 안쪽이 아파요,최근에 갑자기 이렇게 됐는데 천천히 굽히면 그냥 욱씬한 정도인데 갑자기 팔을 확 굽히면 찌릿하면서 통증이 느껴지며 팔에 힘이빠져 뭘 잡고 있으면 그대로 손에 힘이풀려 놓어버려요   통증은 팔꿈치부터 팔뚝 중간까지 아프구요 조금 안쪽이 아픈것 같아요 방금도 또 그래서 엄청 놀랐고 제가 뭐 함쓰거나 그런것도 아예 안하는데 근육통일리도 없을 것 같아서요    왜이럴까요     ,마취통증의학과
48,울대 기준 양옆으로 멍울이 두개정도 만져집니다 오늘발견했고 움직입니다 통증은 따로 없고 목에 뭐가 걸린 느낌  가래낀 느낌이 들어요,울대 기준 양옆으로 멍울이 두개정도 만져집니다 오늘발견했고 움직입니다 통증은 따로 없고 목에 뭐가 걸린 느낌  가래낀 느낌이 들어요,마취통증의학과
49,가슴 통증이 너무 심합니다,올해   살 되는 여학생입니다    뛰거나 누를때 가슴 통증이 심합니다    눕거나 할때도 아프고요 유두 부분 쪽부터 점점 아파오는데 혹시 무슨 병일까요 ,마취통증의학과
50,반월상연골판파열 절제랑 봉합 있던데,반월상연골판파열 절제랑 봉합 있던데 어느게 더 좋을까요  그래도 봉합이 더 좋아보이는데   절제는 잘라내는거니까 더 안 좋을 거같아서요 제가 의사가 아니라서 모르겠는데 반월상연골판파열 절제랑 봉합 중에서 어느게 더 좋아요  제 얘기는 아닌데   물어볼데가 없어서 질문합니다 반월상연골판파열 절제랑 봉합 차이점 좀요,마취통증의학과
51,어깨통증    왜 아픈지 모르겠어요   ,요새 아침에 일어나면 어깨통증이 느껴져요    왜 아픈지 이유를 모르겠어요 하루이틀 아픈거면 모르겠는데 일주일 넘게 어깨통증 있는거면 문제있는건 아닐까요     어디가 어떻게 아프다기 보다는 그냥 욱신욱신거리는 어깨통증이 계속 있네요    스트레칭 하면 좋아질까요    ,마취통증의학과
52,골반통증이 운동 하다가 생길 수 있나요 ,제가 요즘 집에서 유튜브 보면서 운동을 따라하고 있는데 그거 때문인지 모르겠는데 골반통증이 갑자기 생겼어요 운동하는거랑 골반통증이랑 상관이 있나요  제가 골반을 막 움직이면서 운동하는게 아닌데   살면서 골반통증은 처음 느껴봐서 당황스러워요 아 그러고보니 운동도 살면서 처음하긴 한거네요   ,마취통증의학과
53,척추협착증 디스크는 아닌듯,제가 이제   대 후반인데 허리가 아파서 이유를 찾다가 척추협착증을 알게됐고 그 다리 들어보는 검사를 하는데 안 아프더라고요  그래서 디스크가 아니고 척추협착증이구나 짐작하고 있는데요  병원은 천천히 갈 생각인데 척추협착증에 대해서 좀 알려주세요,마취통증의학과
54,일자목 원인이 뭔지,지난주에 병원에서 목디스크 진단받고 일자목이라 도수치료도 하기로 했거든요  그리고 일자목이 될 수 있는 습관도 고치는게 좋다고 하는데 막상 생각해보니 뭐가 있는지 잘 모르겠어요  일자목 원인 좀 알려주시면 감사하겠습니다 ,마취통증의학과
55,아킬레스건 통증 축구할때 발뒤꿈치 아픔,축구할때 발뒤꿈치가 아픈데 아무래도 아킬레스건 통증인 것 같아서요  아킬레스건염  그거요  근데 처음 겪어보는 거라 맞는지 모르겠긴 한데   심하게 아픈 건 아니라 우선은 병원에 안 가고 좀 쉬면서 지켜보려고 하는데 아킬레스건 통증 나으려면 어떻게 해야 하나요  아킬레스건 통증이 나을 때까지 축구는 쉴 생각입니다 ,마취통증의학과
56,TFCC 보호대 착용하면 좋아질까요 ,제가 TFCC 진단을 받았고 치료를 했는데 사무직에 종사하다 보니 좀처럼 낫지 않아서요  그래서 TFCC 보호대 구매를 고민하고 있는데 좀 가격대가 있어서 정말 효과가 있는지 미리 알아보고 사려고요  보호대 정말 TFCC 회복하는데 도움이 될까요 ,마취통증의학과
57,손목 통증 워낙 많아서 왜 이러는지,작년 말부터 손목 통증이 있는데 찾아보니깐 원인이 워낙 많아 왜 이런 증상이 있는지 모르겠더라고요  제 생각엔 터널증후군이 제일 흔하게 생기는 것 같아 저도 이거 아닌가 싶은데   손목 통증 원인이 터널증후군인지 알려면 뭘 해야 해요  무슨 검사요  만약 손목 통증 MRI찍자고 하면 어떤    문제일까요  혹시나 MRI찍자고 할까봐요  ,마취통증의학과
58,내측상과염 골프 부상 맞죠 ,아는 분한테 골프를 배우기 시작했는데 좀 대충  알려주는 기분이 들었거든요  근데 얼마 전부터 내측상과염 증상이 있는 거예요  처음엔 이게 무슨 통증이지 하고 몰랐다가 검색하고 내측상과염이란 걸 처음 알았는데   이게 스윙을 잘못 배우면 생길 수 있다고 하더라고요  근데 내측상과염 증상이 골프하고 생겼으니깐 이거 제대로 못 배운거 맞죠 ,마취통증의학과
59,오금 당김 체대 입시 준비중인데,체대 입시를 준비하고 있는 아들이 오금 당김이 있다고 해서요  운동 전에 스트레칭도 잘 한다고 했는데 왜 오금 당김이 생겼을까요   학년이 되고 이제 정말 중요한 시기인데 오금 당김이랑 다른 부위도 조금씩 아프다고 답답해 하니 제가 너무 속상하네요 ,마취통증의학과
60,반월상연골판 수술 관리방법 질문이요,엄마가 반월상연골판 수술을 받으셨는데 선생님이 관절염 생기는 거 늦추게 열심히 재활받고 잘 관리하라고 하셔서요  지금 반월상연골판 수술을 받은지 일주일이 지났고 아직 병원에 계신데요  퇴원하시면 어떻게 관리하시면 될까요  반월상연골판 수술은 잘 끝났다고 했습니다 ,마취통증의학과
61,인공관절재활 얼마나 중요한지,엄마가 인공관절재활을 하기 싫어하셔서요  너무 아프다고 하는데 그런 엄마를 억지로 이끌고 인공관절재활을 시키기 심적으로 지쳐서요   인공관절재활 중요하다고 분명 설명을 들었는데 저도 엄마도 다시 한 번 경각심을 가져야 할듯해서요  얼마나 중요한지 왜 해야 하는지 설명 좀 부탁드려요 ,마취통증의학과
62,무릎인공관절수술 명의 찾아요   대 후반 관절염,아빠가 관절염이라 무릎인공관절수술 명의 찾고 있는데요  가족 중에 아직 아무도 이런 수술을 하신 분이 안 계셔서 발품을 팔다가 무릎인공관절수술 명의 질문까지 하게 되었네요  나이가   후반이라 무릎인공관절수술 명의분을 만나서 앞으로 무릎 사용하는데 불편함을 덜어드리고 싶어서요  아는 명의분이 계시다면 공유 부탁드립니다    ,마취통증의학과
63,꼬리뼈 통증,꼬리뼈가 닿는 안좋은 자세로 장시간 앉아 있었더니 어느 순간부터 정자세로 앉아도 통증이 느껴지기 시작했습니다  그래서 근처 병원에서 x ray 찍어보고 약 처방받아서 복용한지 약 한달 되어갑니다   근데 이게 낫는 느낌이라기 보다는 치질방석 때문에 안아픈거지 방석 빼고 앉으면 통증이 있거든요  x ray 상엔 이상이 없으니 염증일거라 하셔서 약을 복용하곤 있지만 영 시원치가 않으면 ct도 찍어봐야 할까요   ps  치질 방석이라해서 오해하실 순 있지만 꼬리뼈 통증 맞습니다,마취통증의학과
64,발등 통풍,아 진짜  같게 잠을 자고 싶은데 통증 때문에 잠도 못자고 이걸 어떻게 해야 잠을 잘수있을까 제발 방법좀 알려주세여,마취통증의학과
65,마취가 안풀려요, 주전에 전신마취로 목 뒤에 지방종 수술을 했는데요 그 부위에 추가로 부분 마취한거 같은데 마취가 안풀려요 만져도 제 살이 아닌거 같고 느낌도 안나고 어제 수술 부위에 피 찼다고 해서 주사기로 뽑아냈는데 주사기 들어가는 느낌도 안났어요 언제 풀려요  ,마취통증의학과
66,배 통증 원인,엊그제부터 배꼽 바로 위가 아프고  옆으로 누워도 통증이 있으며 식사를 할 때도 더부룩한 느낌이 들며 배변을 해도 통증이 그대로인 이유가 뭘까요 ,마취통증의학과
67,욕창인지 궁금합니다,지금 복숭아뼈 상태 입니다 어떤상태인지 치료는 어떻게해야하는지 막막합니다 자세한 답변 부탁드립니다 욕창인지도 궁금합니다,마취통증의학과
68,국소마취할때 몸무게 물어보나요,제목그대로에요   국소마취하고 수술받을 예정인데 몸무게도 물어볼까요   간단한수술이고 수술부위는 겨드랑이에요  ,마취통증의학과
69,어렸을때 길랭바레 증후군 발병후 완치한지   년이 지났는데요  그 후 후유증도 아예 없구요  곧 전신마취 수술 일정이 있는데 괜찮을까요  다시,어렸을때 길랭바레 증후군 발병후 완치한지   년이 지났는데요  그 후 후유증도 아예 없구요  곧 전신마취 수술 일정이 있는데 괜찮을까요  다시 발병한다던지 마취에 못 깨어난다던지   걱정이에요,마취통증의학과
70,저희 신랑이 등 날개뼈  왼쪽으로 담이 든것 같다며 거의  주 정도 힘들어 했습니다  근데 몇일전부터 오른쪽 등 날개뼈  쪽으로 통증이 오더니,저희 신랑이 등 날개뼈  왼쪽으로 담이 든것 같다며 거의  주 정도 힘들어 했습니다  근데 몇일전부터 오른쪽 등 날개뼈  쪽으로 통증이 오더니 팔까지 아프다고 합니다  팔은 근육이 찢어지는 것 같다고 하구요  어제는 오른쪽 가슴까지 아프다고 합니다  어떤과로 내원해야할,마취통증의학과
71,골반통증 틀어져서 그렇다는데,골반통증이 있어서 참고 참다가 병원에 갔더니 틀어져서 그렇다고 하면서 이걸 바로 잡아야 골반통증도 좋아진다고 해서요  그래서 도수치료를 해보자고 하는데 이거 혼자 낫기 힘든가요  병원에서는 골반통증이 있으니깐 그냥 약먹고 물리치료 정도만 하고싶은데  ,마취통증의학과
72,족저근막염 발바닥 따갑게 아파,발바닥이 따갑게 아픈데 족저근막염이 있으면 이런 증상이 있다고 하더라고요  그래서 병원에 가보긴 할건데 궁금한 점이 몇 가지 있어서요  제가 컨버스를 자주 신거든요  근데 이게 족저근막염의 원인이 될 수 있나요  그리고 제가 매장판매직이라 하루종일 서있고 걷고 이러는데 그래서 족저근막염이 생겼을까요 ,마취통증의학과
73,발목이시큰 계속됩니다,발목이시큰한데 이유가 뭘까요  최근에 다친 적은 없고 예전에 발을 삐끗한 적이 있는데 그래서 발목이시큰한 걸까요  근데 이상하게 뭔가 뻐근하고 발목이시큰한 느낌이 계속 있는 기분입니다   참고로 심하게 아픈 건 아니고 그런 느낌이 계속있어여,마취통증의학과
74,어깨방카르트 찢어져서 수술,어깨방카르트 질문드려요  전에 넘어지면서 어깨를 다쳐서 동네 병원에서 치료받았거든요  근데 계속 아프고 따로 노는 느낌이 들어서 더 큰 병원에 가니 어깨방카르트 찢어졌다고 수술해야 한다고 합니다  근데 저는 수술을 해야 한다는 이야기가 갑작스러워서요 어깨방카르트는 치료로 좋아지기 힘든 건가요  ,마취통증의학과
75,인공관절 통이 아니고 부분이라고,제가 이번에 인공관절수술을 하는데 전체로 하는게 아니고 부분만 하는 거라고 하면서 설명을 들었거든요  그리고 무슨 인공관절 책자도 받았는데 잃어버려서요 이게 부분만 해도 괜찮은 건가요 나중에 인공관절이 빨리 닳으면 또 수술해야 하는거 아닌가요 ,마취통증의학과
76,연골파열치료 충분할까요 ,지방에 계신 엄마한테 전화가 왔는데 무릎이 아파서 MRI를 찍었고 연골파열을 진단받아서 연골파열치료를 하자고 했대요  근데 엄마가 좀 많이 아프다고 하셔서 큰 병원에 가려고 서울로 올라오시라고 했는데   중반이시거든요  연골파열치료로 충분할까요  이 나이에 수술하시는 분들도 있고 관절염에 걸리는 분들도 있는데   많이 아프기도 하니깐 연골파열치료로 충분할까싶네요,마취통증의학과
77,반월상연골판수술 빨리 하는게 좋은 경우라고,반월상연골판수술 늦으면 안 좋다고 하던데 저는 치료도 하면서 지켜보고 싶거든요  근데 운동하다 생긴거고 파열된 부위가 더 깊어질 수 있어서 반월상연골판수술 최대한 빨리하는게 좋겠다고 하는데   이게 맞나요  그럼 치료는 왜 있어요  이렇게 반월상연골판수술할거면 ,마취통증의학과
78,근위경골절골술 엑스레이 보니 휨,처음에는 근위경골절골술을 할 정도는 아니라고 생각했는데 엑스레이 찍고 뼈를 보니 그게 아니더라고요  후   작은 습관으로도 무릎에 많은 영향을 준다고 들었는데 다리가 휘어있으니 이제는 그냥 근위경골절골술을 할까 하는 생각도 드네요  요즘 나이가 드니 건강에 관심이 많아졌는데 나중에 관절염이 되기 전에 근위경골절골술 하는게 좋겠죠       ,마취통증의학과
79,엄지발가락 접으면 발바닥 통증,엄지발가락 접으면 발바닥이 너무 엄청 아파요   왜 그런건가요  ,마취통증의학과
80,십자인대 재건술 후 정강이 감각,재건술 후 감각이 안 느껴져요,마취통증의학과
81,tfcc 왼쪽 손목 진단을 받았습니다 약 두달정도 반깊스 상태로 상태가 호전 된거 같아 회사 일을 다이 시작했는데 한달정도 일을 했는데 다시 통,tfcc 왼쪽 손목 진단을 받았습니다 약 두달정도 반깊스 상태로 상태가 호전 된거 같아 회사 일을 다이 시작했는데 한달정도 일을 했는데 다시 통증이 시작되어서 수술을 하면 보통 회복 기간은 어느정도 걸리나요,마취통증의학과
82,오른쪽 옆구리 통증,아픈곳없고  최근 백신 맞은거 밖에 없는데  갑자기 서있는데 오른쪽 옆구리가 쿡쿡 쑤셔셔  서있기도 힘들고 걸을때도 아프고   당황했네요  옆구리 통증 왜오는건가요  백신부작용은 아니겠죠    어느 병원으로 가야하나요  ,마취통증의학과
83,머리  신체부위 감각저하,머리  신체부위에 감각이저하된 느낌입니다  평소에비해     퍼 감소된 느낌이고  가끔 얼굴에 쏴한 느낌이 있습니다  평소 질환으로 일자목 무릎통증이 있고 간혹 허리도 아픕니다  시간이 지나면 나아질까요 ,마취통증의학과
84,허리수술잘하는곳 며칠째 찾고있는데,제가 며칠째 디스크때문에 허리수술잘하는곳을 찾고 있는데요  다들 도대체 좋은 정보는 어디서 얻는지 궁금해요   치료도 아니고 수술이니 이왕이면 허리수술잘하는곳에 가고싶어서 찾기 시작한건데 아직까지 못 찾고 있어요  혹시 추천해 주실만한 곳 있으면 알려주세요  허리수술잘하는곳이면 좀 멀어도 갈 생각이라서요 ,마취통증의학과
85,거북목 증후군 심한 상태,제가 기공소에서 근무를 시작하면서 거북목 증후군에 걸렸어요  사실 이 직업을 갖고 있으면 생길 거라고 예상을 했었는데 막상 거북목 증후군이 되어 심하게 목이 빠져있는 제 자신을 보니 너무 스트레스입니다  많이 나빠졌는데 지금이라도 거북목 증후군 교정 가능할까요 ,마취통증의학과
86,허리통증 병원 다양한 치료가 가능한,허리통증 병원을 찾고 있는데요  수술할 생각은 없어서 다양한 치료가 가능한 곳으로 찾고 있습니다  혹시 괜찮다고 들었거나 갔는데 괜찮은 허리통증 병원이 있다면 추천 부탁드려요  아 그리고 엑스레이만 찍어봐서 이번에 MRI도 찍을거니깐 가능한 허리통증 병원으로 추천 부탁드려요 ,마취통증의학과
87,아킬레스건 뚜둑소리랑 통증,아킬레스건을 다친거 같아서 여기에 급하게 질문올려요  어제 밤에 친구들이랑 공원에서 운동을 하다가 뛰는 동작에서 아킬레스건에서 뭔가 뚜둑하는 소리가 들렸고 동시에 통증이 나타났어요  아킬레스건에 문제가 생긴 거     맞을까요 ,마취통증의학과
88,손목 통증 넘어져 생겼는데,손목 통증 이번에 처음 겪어 보는 건데요  운동하다가 넘어졌거든요  그래서 지금 손목 통증이랑 붓기가 좀 있는데 이 정도면 병원에 가지 않고 치료해도 금방 손목 통증 좋아질 수 있겠죠 ,마취통증의학과
89,팔꿈치 통증 찌릿 저릿 뻐근,팔꿈치 통증이 있고 말고도 찌릿하고 저릿하고 뻐근한 느낌이 있어요  그래서 팔 사용할 때도 불편함이 있고요  사실 처음엔 팔꿈치 통증이라고 이야기하기 애매한 증상이라고 생각했는데 이런 증상이 점점 선명해지면서 걱정이 되더라고요   팔꿈치 통증을 검색하면 테니스엘보가 많이 발생한다고 하는데 저도 같은 이유일까요  저도 남 못지 않게 컴퓨터나 스마트폰 사용 많이 하긴 하거든요 ,마취통증의학과
90,충돌증후군 수술 뼈가 자랐어요,진지하게 충돌증후군 수술을 고민하고 있는 상태입니다  치료는  개월째 했고 원장님은 지지난달부터 충돌증후군 수술을 하는게 어떻겠냐고 권유를 하고 있는 상황인데요  제가 뼈가 자라나 있어서 더 치료 효과가 없는 것 같아요   그냥 충돌증후군 수술을 하는게 좋을까요 ,마취통증의학과
91,슬관절통 나이 든 아버지한테,아버지께서 슬관절통이 있으신데 제 생각엔 관절염같아서요  나이도 있으시고 약먹고 물리치료 받아도 낫지 않고 슬관절통이 계속 있으면 문제 있는 거 맞죠  나이가 들어서 생긴 슬관절통은 그냥 감내해야 하는 건가요 ,마취통증의학과
92,슬개골건염 운동 살살하면,저 머리털 나고 슬개골건염이라는 병  진짜 처음 들어봐요  요즘 스키를 자주 타고 꾸준히 공을 찼더니 무릎이 아파서 병원에 갔더니 슬개골건염이라고 하면서 운동은 쉬라고 하던데 살살하면 괜찮지 않을까요  이틀 약먹고 쉬니깐 슬개골건염 증상도 많이 좋아져서요 ,마취통증의학과
93,연골파열치료 더 해야 하는 건 아닌지,한달전부터 연골파열치료를 받고 있는데 걱정되는 부분이 있어서요  확실히 아무 것도 하지 않을 때보다 연골파열치료를 하니 확실히 덜 아프긴한데 안 아파도 파열은 계속 나빠지는 거 아닌가요  뭔가 다른 연골파열치료를 해서 나빠지지 않게 해야 할 것 같은데    뭘 해야 하죠 ,마취통증의학과
94,허벅지에 감각이 없어요,피가 안통하거나 화장실에 오래 앉아있다거나 하면 피 안통하면서 마취한 듯이 발이나 신체부위에 감각이 잠깐 없어지고 그러잖아요 이게 언제부터 그런건지는 모르겠는데 오른쪽 허벅지 윗쪽에 딱 한 부분이 지금 그렇게 감각이 없어요 어제 처음 발견했을 때는 의자에 너무 오래 앉아있어서 그런가 했는데 아직도 그러네요 뭔가 이상이 생긴건가요   최근에 수술하면서 아래쪽에 마취주사를 맞긴 했는데 이미 일주일은 더 지났고 또 반대쪽 허벅지는 괜찮고 오른쪽 그 부위만 그러네요,마취통증의학과
95,손가락이 아픈데 빨리 낫는법,이부분이 강하게 부딪혀서 손가락 구부리고  손가락 사용할때 통증이 심하고 부었는데 빨리 낫는법 있나요 ,마취통증의학과
96,허리통증왼쪽 결리듯이 아파,허리통증왼쪽이 결리듯이 아픈데요  제가 평소에 일을 할 때 왼쪽 모니터를 자주 보거든요  그래서 허리통증왼쪽이 심한 것 같은데    그럼 뭐 오른쪽으로 일부러 삐딱하게 해서 봐야 하나요   뭐 일을 안할 수는 없는데 허리통증왼쪽이 계속 있어서요 ,마취통증의학과
97,골반통증 생각해보니 골프시작한 후로,골반통증이 있어서 왜 이러지 이랬는데 생각해보니깐 제가 골프를 시작한 후로 골반통증이 있어요  여러 원인을 찾아보다가 골프치다가 골반이 틀어지기도 한다는 글을 봤는데 그래서인지 이젠 골반이 틀어진 것 같은 느낌이 골반통증이랑 같이 있어요   이거 어떻게 해야 나을 수 있어요  골프는 저랑 안 맞는 걸까요 ,마취통증의학과
98,요추추간판탈출증 시술할 정도는 아니라고,요추추간판탈출증으로  년째 치료를 받았고 요즘따라 너무 아파서 시술을 할까 하는데 제가 다니는 병원의 선생님이 시술할 정도는 아닌 것 같으니 요추추간판탈출증 치료 잘 받고 관리를 잘 해보자고 하십니다  근데  개월 치료한 것도 아니고  년쨰고 너무 아프다는데   해도 괜찮은거 아닌가요  시술할 정도가 아니라는게 검사를 했을 때 요추추간판탈출증이 그만큼 상태가 나쁘지 않다는 이야기인가요 ,마취통증의학과
99,종아리 발목 통증 허리디스크때문인지,종아리 발목 통증이 저릿하게 있는데 제가 여기를 다친 적이 없거든요  눈으로 보기에도 아무런 이상도 없고 근데 요즘 더릿한 종아리 발목 통증이 생겨서 스트레스입니다  이런 기분 나쁜 증상이 계속 있어서 일을 할 때 집중을 할 수가 없어요  근데 허리디스크가 있으면 다리가 저리다고 하잖아요  저도 그래서 종아리 발목 통증이 생겼을까요  저 디스크있거든요 ,마취통증의학과
100,걷기 발목 통증 계속해서 있는데,걷기 발목 통증이 있는데요  많이 안 걸으면 안 아파서 병원엔 안 갔는데 요즘 걸을 일이 좀 많아졌고 그래서인지 걷기 발목 통증이 심해졌어요  이럴 때 보호대 착용하면 좀 좋을까싶어 착용했는데 조여줘서 그런지 안정감은 있는데 똑같이 걷기 발목 통증은 있습니다  뭘 더 해줘야 할까요  ,마취통증의학과
101,고관절후방탈구 너무 아픔,방금 고관절후방탈구가 생긴 것 같아요  어찌저찌하다 보니깐 들어간 것 같은데 너무 아팠어요  진짜 옆에 아무도 없었음 고관절후방탈구 넣지도 못고 그했을 생각에 너무 무섭네요  아무튼 고관절후방탈구가 맞는지 확인하러 병원에 갈 건데   이거 심각한건가요 ,마취통증의학과
102,발목인대 염좌 냉찜질하고 온찜질인지,발목인대 염좌로 붓고 아플때 냉찜질 다음 온찜질 맞나요  전에 티비에서 어떻게 하라고 봤는데 순서가 헷갈려요  지금 발목인대 염좌가 생겨서 너무 아픈데 혼자 병원에 가기 힘들어 남편이 오길 기다리고 있어요  그 전에 발목인대 염좌 부위에 찜질을 해주려고 하는데 뭘 해줘야 하나요 ,마취통증의학과
103,팔꿈치힘줄찢어짐 치료  개월했음,팔꿈치힘줄찢어짐으로 치료를  개월 정도 받았는데요  전에 테니스엘보를 진단받았을 때 일이 줄어드니 좋아지더라고요  근데 꾸준히 일이 많아 그런지 계속 아팠고 병원에 가니 팔꿈치힘줄찢어짐이라고 전보다 심한 상태라고 하더군요    그래서 이번에 진료를 볼 때 팔꿈치힘줄찢어짐이 심해서 치료효과가 없는 거냐고 물어 볼 생각인데    나중에 일이 줄어들면 그땐 좋아질까요 ,마취통증의학과
104,무릎 앞쪽 통증 딱소리도 있음,무릎 앞쪽 통증이 있고 딱소리가 계속 들리고 무릎이 뭔가 마음대로 움직이지 않는 느낌이 있어요  참고로 저는 군인이고 요즘 업무가 줄어 운동을 많이했어요  놀 때는 축구를 하기도 하고요  이런 생활을 이어가니 무릎 앞쪽 통증이 나타나 쉬어야 하나 싶은데 우선은 정확한 무릎 앞쪽 통증 원인을 알고 싶어서요  심하게 아프진 않은데 이렇게 계속 아프면 병원에 가긴 해야 할듯합니다 ,마취통증의학과
105,안녕하세요,제가 요즘 걱정이있는데요 제가 밥을 잘안먹기는 하는데 어렸을때 부터 변비가 있었습니다  요즘은 잘싸는가 십더니  일만에 싸고 배도 아프고 등쪽이나 가슴쪽 이 통증이 오는데 심각한 질병인가요  갑자기 등이 쑤시다가 안그러다가 한   주 뒤쯤 또 아프고 암일 까요  참고로 만  살 입니다  암이라면 지금 상태 는 어떨까요    걱정이네요  ,마취통증의학과
106,신경외과병원 허리통증 있을 때,신경외과병원 허리아플때 가도 되나요  정형외과 가려고 했는데 지인이 다니는 신경외과병원가 좋다고 해서요  근데 저나 저희 가족들은 그동안 허리통증있을 때 정형외과에 갔는데    뭐 신경외과병원도 똑같죠  약 처방해주고 물리치료 해주고 이런 치료들요 ,마취통증의학과
107,협착증치료 척추 주사 맞으려고 하는데,협착증치료에 대해 알아보다가 척추 주사가 좋다고 해서 맞아볼까 하는데 아직 병원에는 가보지 못한 상태고   어떤 주사인지 미리 알 수 있을까해서요  그리고 다른 협착증치료 좋은게 있으면 추천해줘요  그리고 참고해야 하는 협착증치료할때 주의해야 하는 점 있음 함게 알려주세요 ,마취통증의학과
108,발뒤꿈치 통증 증후군 충격파치료 말고,발뒤꿈치 통증 증후군이 있어서 충격파 치료를 받았습니다  근데 이거 너무 아파요  병원에서는 더 받아야 좋아진다고 하는데 다른 발뒤꿈치 통증 증후군 없을까요  그리고 전에는 살짝 살짝 아팠는데 원래 이렇게 발뒤꿈치 통증 증후군은 갑자기 심해지나요 ,마취통증의학과
109,발목 인대 운동치료 안하면,제가 전에 발목 인대 수술을 한 적이 있는데 그 후로 발을 계속 삐끗해서 병원에 가니 불안정증 이 있다고 운동치료를 하자고 해서 하고 있거든요  근데 이 발목 인대 운동 집에서도 충분히 할 수 있을 것 같아서 그런데 안 받아도 괜찮겠죠  솔직히 막 아픈 건 아닌데 발목 인대 수술한 적이 있어 걱정되서 병원에 갔던거 거든요  ,마취통증의학과
110,테니스엘보 주사치료보다 강력한거,테니스엘보 초기치료를 못해서 좀처럼 좋아지지 않아 스테로이드 주사를 몇 번 맞았거든요   그래서인지 이제는 더 이상 테니스엘보가 좋아지지 않네요   병원에선 이미 너무 약해져서 다른 치료로도 좋아지긴 힘들다고 테니스엘보 수술하자고 하는데 어떻게 하는게 좋을까요  다름 치료방법 없을까요 ,마취통증의학과
111,팔꿈치 통증 가정주부인데,가정주부이신 엄마한테 팔꿈치 통증이 생겼습니다  찾아보니깐 테니스엘보가 많던데 치료받으면 결과가 좋은가 해서 질문드려요  몰랐는데 팔꿈치 통증을 오래 참으셨더라고요  처음에는 심하지 않아 참다가 지금은 수술하게 될까 걱정되고 무서워서 팔꿈치 통증을 숨겼다고 하는데 엄마 어떠실까요 ,마취통증의학과
112,경골절골술 빼고 연골재생수술만 하면,관절염 초기에 경골절골술이랑 연골재생수술하면 좋나요  왜 연골재생수술을 해야 하는지는 알겠는데 경골절골술도 꼭 해야 하나요  뼈에 손대는 수술이라 고민이 되고 가능하면 경골절골술 안하고 싶은 마음이 커서요 ,마취통증의학과
113,박리성골연골염 고등학교 남학생,고등학교 남학생인데 박리성골연골염이 있다는 진단을 받았고 치료를 하기로 했는데 어린 나이에 관절염 이야기도 나오니 무서워서요  박리성골연골염이 나빠져서 만약 관절염이 생기면 이 나이에 인공관절 수술을 해야 하나요  수술을 해야 할 수 있다고 하는데 그냥 지금 빨리 그 수술을 해야 관절염이 생기지 않게 막고 박리성골연골염을 나을 수 있는 거 아닌가요 ,마취통증의학과
114,뼈부러지고 회복,한  개월전에 운동하다가 손가락이 부러져서 입원해서 수술했는데요 다 낫는데 까지 한 한달 반 정도 걸렸어요  병원에서도 뼈는 어느정도 다 붙었고  붓기도 전혀 없어서  의사선생님 병원 더 안와도 된다고 하셧어요  분명 다나았는데 아프거나 큰 통증은 없는데  뻐근하고    예전처럼 손가락을 막 쓰는건 못하는거같아요 뭔가 잘못된건가요 보통 손가락 한번 부러지고 나면 원래 좀  예전만큼은손 못쓰는건가요  ,마취통증의학과
115,생리중 옆구리 통증,생리중에 오늘 화장실에서 잠깐 허리를 숙였는데 갑자기 오른쪽 옆구리가 엄청 심하게 통증이 오면서 말도 못하고 식은땀도 나고 그랬는데 변기에 앉아서 심호흡을을 하니까 좀 괜찮아 졌는데 얼마 안 지나서 조금씩 통증이 있긴 있더라구요 이거 생리통인가요  아님 다른 질병인가요 ,마취통증의학과
116,누워서 휴대폰 하다가 양쪽 팔굼치 주위 무거움 감각 이상  ,제목 그대로 평소 처럼 휴대폰 하다가 급 팔굼치쪽이 땡기는 듯 무거운 느낌이 나고 그러네요 왜 그런거죠      일시적인건지 괜찮을까요  제 휴대폰이 좀 무겁긴 해요    ,마취통증의학과
117,허리통증 질문드려요,의자에 앉아서 뒤로 허리를 젖히면 종종 허리가 아픞니다  꼬리뼈도 뻐근 합니다  허리가 약해서 그런걸까요 ,마취통증의학과
118,수면마취 전날 수면유도제 쿨드림 먹어도 되나요 ,오후  시반쯤 수술인데 전날에 쿨드림 먹고 자도 되나요,마취통증의학과
119,옆구리 통증,양쪽 옆구리 통증이 심한데 어떡하나요  숨을 쭉 쉬면 양쪽 옆구리가 찌릿찌릿하고 기침할때도 찌릿 찌릿 해요   알려주실분  ,마취통증의학과
120,새끼발가락 부었어요,새끼발가락이 부었어요  통증도 있고요  수지침으로 세번 피를 빼서 멍이 들어있는 상태에요  증상이뭘까요  병원에 간다면 어떤과로 가야될까요 ,마취통증의학과
121,뼈 통증,자고 일어나는데 온몸이 쑤시고 아파요,마취통증의학과
122,백신 맞고 운동,금요일 오후  시에 백신  차 화이자를 맞았습니다 이틀이 지난 지금 운동을 해도 될까요   아픈 곳은 백신 맞은 부위만 좀 아픕니다 너무 무리하게 하지 않으면 될까요 ,마취통증의학과
123,의자에 앉을때마다 따끔거려요,의자나 딱딱한곳에 앉을때마다 엉덩이쪽이 찌릿하면서 아파옵니다  요즘따라 자꾸그래서 병원에 가봐야 하나 고민입니다  제발 도움좀 주세요  ,마취통증의학과
124,화이자  차 접종후에 가슴두근거림, 차는 멀쩡 팔만 아픔  차 당일멀쩡  일차 열오르고 몸살 오한 팔통증 심장쪼임     차 당일 팔아픔 팔도 못들정도   시간 지나자마자 열오름 오한 근육통 난리 팔통증 졸음이 쏟어지네요 약을 시간마다 먹었어요  일차 팔통증은 나았고 열도 내리고 몸은 괜찮은데 가끔 두근거리고 가슴 답답하고 머리가 좀 어지럽네요 병원 가봐야할까요 ,마취통증의학과
125,갈비뼈아래 통증,어제새벽부터 오른쪽 왼쪽 갈비뼈 라인을 따라서 멍든것처럼 아프네요  역간 뻐근하기도 하고 허리를 숙이거나 누울때  누웠다가 일어날때 통증이 있습니다  급격한 운동을 한일이 없는데 갑자기 왜 이런 통증이 생긴걸까요 ,마취통증의학과
126,턱쪽  목쪽에 통증,추가한 사진에 동그라미 친 부분에 통증이 있습니다 그냥 고개를 위로 들어서 늘려줘도 통증이 오고 손으로 눌러도 통증이 오는데 왜 그런걸까요   이곳이 아플땐 어느 병원을 가야할까요 ,마취통증의학과
127,백신 맞고 운동,금요일 오후  시에 백신  차 화이자를 맞았습니다 이틀이 지난 지금 운동을 해도 될까요   아픈 곳은 백신 맞은 부위만 좀 아픕니다 너무 무리하게 하지 않으면 될까요 ,마취통증의학과
128,트램펄린을 타다가 갑자기 등 통증을 느껴서 멈췄는데  주일정도 지났는데도 움직일때마다 등에 통증이 심합니다 가만히 있을때는 통증이 없고 달리거나,트램펄린을 타다가 갑자기 등 통증을 느껴서 멈췄는데  주일정도 지났는데도 움직일때마다 등에 통증이 심합니다 가만히 있을때는 통증이 없고 달리거나 등에 힘이 들어가면 통증이 옵니다 통증부위는 갈비뼈바로 아래입니다 병원에 가봐야할까요,마취통증의학과
129,새끼발가락 통증,새끼발가락이 부어서 신발 신고 걸을 때 통증이 많이 느껴지는데 내과를 가야하나요   피부과를 가야하나여   ,마취통증의학과
130,왼쪽으로 뒷목의 통증,왼쪽으로목부분의통증이 있어요 아침에 목 동 서 남 북 스트레칭을 하면 중심에서 바로 옆부분 왼쪽으로 통증이 있어요  잠잘때 왼쪽으로 많이 자게 되요  남뻔이 코를 고는 관계로 왼쪽으로 자는 펀이에요  통증은 조금 오래됐어요  계속 스트레칭 하면서 생 놜하는거예요 ,마취통증의학과
131,목뼈 꺾임 통증,제가 어제 스키장에서 보드를 타다가 넘어지면서 목이 꺾였는데 그 순간부터 목을 돌리면 통증이 너무 심하고 누워있을때 머리를 들지도 못하겠습니다 정확한 통증위치는 척추랑 연결된 쭉 올라오는 뼈 기준 왼쪽  cm옆인데요 혹시 골절일가요  내일 병원을 가 볼 생각입니다,마취통증의학과
132, 차 백신맞고 이틀차 새벽부터 몸이 부대꼈고 아침에 두통  위경련이 심해서 미치겠더라구요 열도 나기 시작해서 타이레놀 먹고 겨우 누웠습니다  일, 차 백신맞고 이틀차 새벽부터 몸이 부대꼈고 아침에 두통  위경련이 심해서 미치겠더라구요 열도 나기 시작해서 타이레놀 먹고 겨우 누웠습니다  일차엔 등이 뻐근하단 느낌이 있었는데 걷다가 누가 방망이로 내려친듯한 등통증으로 쓰러졌습니다  심장마비도 이렇게 올까 무섭네요 ,마취통증의학과
133,수술전 항생제 알레르기 검사 생략 가능  ,전신마취 수술전 항생제 알레르기 검사 생략 가능한가요     과거    년 전에 동일 병원에서 같은 계열 항생제 맞은 이럭 있으면 전신마취 수술전 항생제 알레르기 검사 생략 가능한지 궁금합니다 꼭좀 알려주세요,마취통증의학과
134,엄지발가락 통증 질문 드립니다 ,몇일전부터 이렇게 빨갛게 부어서 누르면 아프고 걸을때도 아파서 너무 불편한데 어떤 증상일까요    병원은 어느병원으로 가야될까요   내과  정형외과  ,마취통증의학과
135,이유불문 아랫배 통증 ,   주  전부터 이유없이 아랫배가 계속 아프고 잘 때도 아프고 안아팠다가 아팠다가 계속 반복되고 이유가 없으니 약을 먹을 수가 없어요   왜 아픈걸까요  아랫배가 아플땐 꼬이는 기분이예요  너무 아팠다가 또 다시 안아프니까 답답하네요  어디 병원을 가야하고 무슨 이윤지 알려주실분     도와주세요,마취통증의학과
136,화이자  차 후 겨드랑이 통증,저는 엊그제 금요일 왼팔에 화이자  차를 맞은 중학생인데요  어제 내내 열 많이 나고 부작용이 꽤 있었는데 열 다 내리고 저녁부터 왼쪽 겨드랑이 아래쪽   을 누르면 조금 뻐근하듯이 통증이 있고 제 팔로 직접 가슴 쪽으로 툭툭 치면 약간 통증이 있는데 백신 맞은 것 때문인가요   그렇다면 그냥 시간 지나면 통증 사라지나요     무서워요,마취통증의학과
137,오른쪽 옆구리에 통증이 있어요 ,설명은 잘 못해도 이해 해주세요  집에 들어나고 이상한 곳은 골반위쪽으로 추정하데요    시간후에 괜찮은데 시간이 흘러 갑자기 배에 옆쪽이 아프기 시작했어요 밥을 먹고 좀만 누워있었더니 괜찮아서 늘 자는 시간에 잠을 자는데 새벽에  시 쯤에 일어나는데 아플것 같아요  화장실에 가고 잠에 자고 한번 반복하고 나서 일어나는데 지금은 괜찮게 있는데 병원에 가야 돼나요 아니면 약을 먹고 하루을 더 보내고 가야 할까요   증상은 정확하게 말을 못 하고 옆이나앞으로 누워을때 통증이 있어요 오른쪽보다 왼쪽이 더 아프것 같아요  갑자기고 통증은 오른쪽 입니다 ,마취통증의학과
138,허리 엉덩이 통증,허리가 무겁고 엉덩이 윗쪽도 같이 통증이 있는데 왜 그런걸까요   다리까지 약간 저린거 같아요 그리고 허리통증은 왼쪽이 더 심하게 느껴지는데 엉덩이는 오른쪽이 쑤시고 뭉친거 같아요,마취통증의학과
139,복숭아뼈 철심 제거 수술 전신마취,제가   년도 겨울에 복숭아뼈 골절 수술을 해서 올해  월달에 철심제거 수술을 하는데여 제가   년도에 수술할때도 전신 마취를 했는데 이번에도 전신 마취 할 수 있나요  제가 폐쇄공포  같은게 있어서 하반신 마취를 하면 수술대 위에 올라가서 있으면 공포감이 심해서요 그리고 이제까지 전신마취를 총  번 했고 이번에 수술 하면  번이 되는데 전신마취  번 해도 몸에는 괜찮을까요 ,마취통증의학과
140,오른쪽 하복부 통증이 있습니다,이틀 전에 헬스를 하던 도중 오른쪽 하복부 즉 배꼽과 사타구니 중간 즈음에서 통증이 느껴졌습니다   탈장인가 싶어서 복압을 주며 확인해봤는데 따로 만져지는 것은 없고 혹시 예상되는 것이 있을까요  ,마취통증의학과
141,발가락 구부릴 때 통증,저번주 수요일        부터 오른쪽 다리 전체하고 발이 뻐근하고 아프더니 갑자기 발가락을 구부릴 때 발가락하고 그 밑 뼈 사이가 엄청 저리고 찌릿거리면서 아픈데 왜 그럴까요 ,마취통증의학과
142,오른쪽 갈비뼈 통증,숨쉴때 오른쪽 갈비뼈가 너무너무너무 아파요 진심 누가 연속으로 세게 때리는 느낌이에요 잠깐 안아프다가 또 아프고    왜 이런걸까요 ,마취통증의학과
143,배꼽 주위 통증,배꼽 주위쪽 배가 너무 아픈데 누가 막 누르는듯이 아프고 갑자기 이러는데 왜 이럴까요  ,마취통증의학과
144,이상하리만치 아픈 통증,가끔 갈비뼈쪽에 정말 이상할만큼 아픈 통증이 아주 잠깐 왔다가 사라져요 두 세 번 아팠다 안 아팠다 반복하고 사라지는 경우도 있고 한 번 엄청 아프고 사라지는 경우도 있어요 걷다가 아픈 경우 아    소리 나올정도로 참을 수 없이 아파요 남들 다 그런 줄 알았는데 아니라고 하네요 이건 왜 그런건가요 ,마취통증의학과
145,똑바로 누워있으면 왼쪽 날개뼈 아래부분이 너무 아파요 심할땐  분만 지나도 똑바로 못 누워있고 숨을 들이 마실때도 아파서 크게 못 들이마실정도입,똑바로 누워있으면 왼쪽 날개뼈 아래부분이 너무 아파요 심할땐  분만 지나도 똑바로 못 누워있고 숨을 들이 마실때도 아파서 크게 못 들이마실정도입니다 옆으로 자세를 바꿔도 통증이 약해질뿐  이상하게 멀쩡할땐 또 정말 멀쩡합니다 꽤 오래된 증상인데 뭐가 문제일까요   ,마취통증의학과
146,엄지손톱 옆쪽을 너무바짝 깎아서 부어서 고름나오고 통증이심한데어쩌죠 내성손톱   ,엄지손톱  옆쪽을 너무바짝 깎아서 부어서 고름나오고 통증이심한데어쩌죠 내성손톱   ,마취통증의학과
147,오른쪽 갈비뼈 통증,어제 저녁부터 오른쪽 가슴 아래 부분에서 통증이 느껴집니다  숨을 크게 마시고 내쉴 때 더 아픕니다  특별하게 운동을 하지도 않았고 어디 부딪힌 적도 없는데 왜 아플까요  ,마취통증의학과
148,발 한 부분이 너무 아픈데 왜그런가요 ,혈자리   뭐인지   혈관이 막힌건지 한부분만 좀 아픈데  한  일전에 이랫다가 괜찮다가 오늘 또 아프네여  요즘 소화기능이 안좋은데 그거랑 연관잇을지      기름진거 마니 먹긴햇어여    발등도아니고 발바닥도 아니고 옆쪽이에여  사진에 동그라미 친쪽이요    알려주시면 꼭 채택드릴게요,마취통증의학과
149,신경차단주사 흔합니까,정형외과와 통증의학과에서 많이 맞는 신경주사 흔합니까  스테로이드 국소마취제 넣은거요  큰 부작용은 없지요 ,마취통증의학과
150,통증관련해서,남잔데 치골 앞 부분 중요 부위 바로 위쪽이 가끔 땡기는 거 처럼 통증이 오는데 심한건가요 부위 명칭을 잘 몰라서 태그를 하기가 어렵네요 빠르게 알려주세요,마취통증의학과
151,근육통인가요 ,얼마전 축구하다가 몸싸움을 심하게해서 팔꿈치랑 왼쪽갈비뼈 윗부분이랑 부딫쳤습니다 처음엔 아무이상 없엇는데 자고일어나니까 기침하거나 숨을 크게 들어마실때 그럴때 쿡쿡 통증이 근육통 일까요    ,마취통증의학과
152,허리 통증,허리 중간부분에서 왼쪽끝 부분이 하루에    번씩 찌릿하는 느낌이랑 구멍뚫리듯한 느낌이 드는데 이게 뭐죠   ,마취통증의학과
153,수면마취 후 구토,     수  수면마취로 내시경 이마거상술을 실시했어요 시술한 지  일이 지난 지금      토  까지도 여전히 속이 메쓰껍고 구토가 나오려고 하는데요 수면마취 부작용인가요  얼마나 지나면 괜찮아 질까요  광고 글 보이면 신고하겠습니다,마취통증의학과
154,허리 통증과 골반 비대칭,제가 요즘 허리가 왼쪽 허리가 아프고 걸음걸이도 좀 이상  하거든요  골반도 비대칭이 좀 심한 편인 것 같은데 이런 증상은 어느 병원을 내원해야 하나요   아직   살인데 허리가 좀 많이 틀어진 것 같아요 ,마취통증의학과
155,팔위통증 여기요,얼마전 운동하다가 부딪혓는데 손목움직일때와 만지면통증이있습니다 외관에멍은없구요  잠시근육이놀란거겟죠  병원에가야할까요 ,마취통증의학과
156,부유방 통증 ,부유방이 좀 있는데 누르면 아파요 살이 뭉쳐서 원래 그런건지 병원을 가봐야 하는건지 잘 모르겠어요 부유방 있는 사람들은 다 통증이 있나요 ,마취통증의학과
157,점 빼는데 ,눈 옆쪽 점 빼는데 마취할 때 주시로 하나요      ,마취통증의학과
158,성장판쪽이 이상한거같아요,이틀정도 성장판쪽에 살짝통증이있는데 왜이런가요   무릎쓰는 운동도 안하구있습니다   키크기 전에 신호라도 있는건가요    ,마취통증의학과
159,꼬리뼈 통증,어디부닺치거나 그런적이없는데    일 동안 꼬리뼈가 너무아파요 제대로 못걷겠고 앉거나 누울때 불편하고아파요 넘어진적도없고 그런데 갑자기 이러는 이유가 있나요 ,마취통증의학과
160,장꼬임 이후 골반 통증,안녕하세요 현재   살 여성입니다    일 전 첫식사를 저녁  시전에 해서 조금 급하게 먹은 탓에 소화가 안되고 있는 것 같아서 식사 후 바로 소화제를 먹었는데도 밤   시가 되면서 통증이 심해져   시에는 아예 먹은 것을 다 토했는데도 속은 괜찮아졌지만 통증이 심해 새벽내내 고생하다 잠들었습니다  분명 장이 꼬였다 생각해서 따뜻하게 잠들었고 다음 날 일어났을 때는 오른쪽 골반만 살짝 아프고 별다른 이상이 없어 병원을 가지않고 하루종일 식사를 죽으로 했어요  그런데 그 다음날이 됐는데도 오른쪽 골반이 아팠어요  심하게 아픈건 아니고 움직이거나 걸을 때 살짝 거슬리는 정도입니다  그래서 식사를 죽으로 했는데 설사를 하더라고요     이 증상을 검색해도 장꼬임 이후에 별 다른 검색 결과가 없어서 질문드려요  혹시 맹장염이나 뭐 그런걸까요  현재는 주말이라 가도 응급실이라 대충 해줄 것 같아서 먼저 질문드려요  근처 큰병원이 돈만 받아먹고 오진을 내는 경우도 있어서  현재는  일째인데 밥을 먹어도 되는건지    궁금해요,마취통증의학과
161,팔꿈치 통증,안녕하세요 저희 엄마가 팔꿈치 바깥쪽 통증이 있는데 병원을 가셔도 안 나으셔서요 팔꿈차 바깥쪽 통증이라는데 오늘 주무시다가 갑자기 팔이 안펴지고 해서 이거 병명이 뭔가요  그리고 치료법은 뭔가요  그리고 집에서 관리하는 방법좀 알려주세요  찜질 등등  내공    겁니다 제발 알려주세요,마취통증의학과
162,허벅지 윗쪽 통증,어제부터 갑자기 다리가 살짝 불편했는데 오늘부터 좀 살짝 걸을때 마다 통증이 있습니다 어떻게 해야 하나요 ,마취통증의학과
163,거북목 안절부절,자꾸만 목이 앞으로 튀어나가니 거북목이 진행되는 것 같아요  의식적으로 목을 뒤로 빼주려고 하지만 그래도 거북목 계속 신경이 쓰이네요  뻐근하게 목도 아픈 것 같고    그래도 거북목 괜찮을까요  ,마취통증의학과
164,테니스엘보 찌릿한 팔꿈치통증,찌릿찌릿한 팔꿈치통증  진짜 테니스엘보 어떻게 하고 싶어요  가끔은 새로운 팔꿈치로 교체하고 싶다는 생각까지 하게 됩니다  그래도 테니스엘보 안 괜찮아질까요  무지 걱정이네요  그리고 테니스엘보 치료는   ,마취통증의학과
165,어깨탈골 한번 정도는 괜찮겠죠 ,어깨탈골이 한번 되긴 했는데 괜찮은 걸까요  그래도 병원 가서 어깨탈골 맞추긴 했는데    검사 했더니 큰 문제는 없데요 일단    어깨탈골 되서 너무 놀랬었는데   ,마취통증의학과
166,자고 일어나면 발목 통증,자고  혹은 자다가 왼쪽 다리를 움직이려 하면 발목이 정말 아파요  부러진 발목을 단단한 물체로 지탱 지지  없이 올린다면 이런 고통일 거 같아요  오른쪽 다리는 괜찮은데 왼쪽 발목만 심하게 아픕니다    며칠 전 이불을 바꾸고 난 이후로부터 그램 는데 이불이 문제인 거 같진 않아요  뭐가 문제일까요  자고 일어난 후나 평소에는 전혀 안 아파요  딱 자다 일어나서 몽롱할때 만 그래요 ,마취통증의학과
167,발바닥 통증,발바닥 검지와 중지 사이 발바닥이 어느날 불록한 구술같은것을 밟은 느낌이더니 요즘은 아침에 이러나서 신발을 신으려면 발가락이 아품니다 바닥이 부어서 발가락 신경을 건들은걸까요 시간상 미뤄 왔는데 더 아픈겄 같습니다  어느과 진료를 받아야되는지요,마취통증의학과
168,오른쪽 옆구리 통증,일주일전쯤부터 계속 오른쪽 갈비뼈 밑이랑 옆구리 쪽에 통증이 지속되고 있는데요 참을만한데 거슬리는 통증입니다  쿡쿡 쑤시거나 찌릿한 느낌    계속 아팠다 안아팠다합니다  그래서 내과를 가서 검진을 받았는데 혈액검사나 엑스레이결과로는 아무이상이 없다고 나와서 원인이 뭘까 궁금합  다     목에 이물감도 느껴지고 그래서 역류성 식도염인가 싶기도 하고  역류성 식도염도 오른쪽 배가 아픈가요    최근 수면패턴이 많이 무너지고 밥을 제대로 안챙겨먹어서 그런지 모르겠네요  처음 느껴보는 통증이라 넘 신경쓰입니다  ,마취통증의학과
169,복싱 손목통증,제가 저번에도 복싱을하다가 손목을다쳐서 쉬고 괜찮아졌는데 이번에는 또 같은손으로 다쳐서 손목을 좌우 손바닥을 위로보게 이렇게 하는게 통증이옵니다 저번에 다쳤을 때는 이렇게 아프지는 않았지만 똑같은증상이긴합니다 해결방법이라도 있을까요  저번에 다쳤을때도 괜찮아지기까지 시간이좀걸렸는데  빠른답변부탁드리겠습니다,마취통증의학과
170,전신마취 기관삽관,제가 전에 전신마취를 했는데 수술대에 눕고 주사 연결하고 갑자기 몽롱해지면서 잠들었어요 그럼 숨을 못 쉬게 되잖아요 기관삽관은 환자가 잠들자마자 즉시 빠르게 시행하나요  그 사이에 숨 못 쉬어서 뇌 손상이 오거나 사망할 수도 있나욮 ,마취통증의학과
171,전신마취 사고,작년에 전신마취로 수술을 잘 끝내고 기관삽관 때문에 목 아픈거 외엔 잘 회복했는데 이전 수술 전신마취에서 잘 깨어났다면 다음에 하는 전신마취 수술에도 알레르기나 이상반응 없이 잘 끝낼 수 있는거죠 ,마취통증의학과
172,오른쪽 옆구리 통증,옆구리가 너무 아파요   생리하는데 생리통은 진짜 아닌 것 같고 제가 다이어트한다고 밥을 거의 안먹었는데 관련있나요   진짜 넘   아파요 ,마취통증의학과
173,왼쪽 장골 주변통증,혹시 요방형근이 안좋아져서 장골주변이랑 서혜부 대요근 통증이 생길수도 있나요  오래앉아있거나 걸으면 장골주변이 결리는듯이 통증이 심하네요 ,마취통증의학과
174,척추마취와 수면마취,남자친구가 정강이뼈두개와 발목뼈가 사고로 부러져서 수술을 했었는데요 근데 그때 얘기를 하다 싸움이 났는데 제가 너 척추마취만 했잖아 했는데 나 수면마취랑 척추마취 같이 했는데 하더라구요 그게 가능한가요   ,마취통증의학과
175, 차 백신 접종 후 겨드랑이 통증,어제 오전에  차 백신 접종 했고 저녁 쯤 돼서 겨드랑이 쪽에 통증이 오더라고요 기운도 빠지고 열도 나고 다행히 오늘도 오전에 기운도 없고 두통이 심해서 약 먹었습니다 근데 겨드랑이 통증이 점점 더 심해지는거 같아서요 만져보니 부은듯 딱딱하기도 하고 점점 가슴 옆이랑 쇄골에도 뭐가 뭉친듯 아픕니다  겨드랑이 통증 말은 안 들어본거 같아서 며칠 지나면 괜찮아지겠죠   괜히 가슴 옆 쪽으로도 아파오니까 숨 쉬기도 힘든거 같은 기분이고 그러네요,마취통증의학과
176,고자 인건가요 ,제가 오늘 놀다가 실수로 그곳에 맞았는데 평소에도 가끔 실수로 맞는데 오늘은 확인해보니깐 왼쪽 고환이 나눠져서 작게 쪼게져 있었는데요 진짜 고자인건가요    제발 되도록 빨리 알려주세요    ,마취통증의학과
177,그림그릴 때 어깨통증 이유,제가 그림을 그릴 때 어깨가 넘 아파요   잠깐 그릴때는 안아픈데  시간이 넘어가면 왼쪽 승모근  쪽이 아파요  그림을 컴퓨터로 그리고 있구요  컴퓨터로 그릴때 이게 얼굴을 자꾸 거북목처럼 컴퓨터 쪽으로 내밀게 되니까 어깨가 아픈 것 같은데 이상하게 오른쪽 어깨는 안아프고 왼쪽만 아파요  그림을 그리는 쪽 손은 오른쪽 손인데 왜 가만히 있는 왼쪽 어깨가 아픈 걸까요   일단 거북목 말고는 제가 자세가 뭐가 잘못된건지 잘 모르겠구요     그림을 오랜 시간 그려야 하는데 어깨가 아프니까 힘드네요      어깨 통증 없앨려면 어떻게 해야하나요   ,마취통증의학과
178,손목 핏줄부음,핏줄이 퉁퉁부었어요  주째 이러네요 통증은 없어요 뭘까요 ,마취통증의학과
179,발 바깥쪽 뼈부분 통증  사진 ,걸으면 저쪽 부분이 엄청 땡겨요   병원 가야할까용 ,마취통증의학과
180,발목이 너무 아파요,뛰어다니다가 발목이 뿌득 소리가 나면서 꺾였어요 그런데 너무 아파서 못 일어나고 걷지도 못해요 어떡하죠 ,마취통증의학과
181,쭈그려 앚아일하는데 옆구리가 으리하네요,심하게 아픈거는 아닌데 신장이상일까요   주정도 된거같아요 내과가니 간단한 통증약만 지어주시던데 계속 으리하니 아프네요,마취통증의학과
182,전신마취 후 심호흡 질문,제가   일 오전에 복강경 수술때문에 전신마취를  시간 가량 했는데 수술 후 깨고나서 간호사가 심호흡을 하라고 했지만 졸려서 잠에들어버렸습니다  이후로도 심호흡을 본래 코로들이마쉬고 입으로 내쉬는거였지만 저는 고통때문에 정신이 없어서 코로마쉬고 코로만 내뱉었고요   그런데 어제 다른 사람들한테는  시간동안 자지 말고 심호흡하지 않으면 폐에 문제생긴다고 하는걸 들었는데 그럼 제 폐에 문제가 생길 수도 있는건가요    지금은 가끔씩 잔기침만 하는 정도입니다 목이 건조해서인지 폐때문인지는 모르겠지만  괜찮을까요 ,마취통증의학과
183,아킬레스건염  발목에 통증이 있는데요,발목보단 아래 뒷쪽에 통증이 있는데요 일상생활할 땐 하나도 안 아픈데 아빠 발가락을 반대방향으로 쭉 뻗으면 아픈데 병원가야 하나요  쭉 뻗지만 않으면 통증도 없고 외적으로도 문제가 없는데 병원 갔다가 이것저것 찍어보는게 싫어서요   방학이라 자주 안 움직여서 이상합니다  ,마취통증의학과
184,어깨통증에 대해서,옷입으려고 팔을 뒤로할때나 열중쉬어 자세에서 팔을 조금 더 위로 올릴때 그리고 팔을 들어올린 상태에서 위로뻗을때 들어올릴때는 크게 아프지 않아요 통증이 심합니다 오십견 증상인가요 ,마취통증의학과
185,,,
186,,,
187,,,
188,,,
189,,,
