,3,4,5
0,면포 압출 후 나오는 진물의 성분,면포 압출 후에 나오는 투명한 진물은 무슨 성분으로 이루어져 있는건가요  피랑 같이 섞여나오기도 하고    궁금합니다   ,응급의학과
1,일산화탄소 중독 경증인 경우 치료,어머니가 일산화탄소 중독으로 매스꺼움  구토  두통을 겪으셨습니다    이걸 거의   시간 지난후에 알려주셨습니다  혹시나 하는 마음에 급히 모시고 응급실을 갔는데  응급실은 이미 시간이 지연이 많이되서 검사를 해도 문제가 없을 것이고 이미 산소 공급을 적정하게 받아서 해줄 조치가 없다고 하네요       그래도 걱정이 되는데 따로 치료를 받을 수 있는 병원이나 의료과가 있을까요    후유증을 겪을까 걱정이네요 ,응급의학과
2,발가락 까맣게변함,걷기운동을 시작한이후로 발가락이 저렇게됐는데    일째 안사라집니다 눌러도 아프지는않아요,응급의학과
3,다리 찰과상인데 어떻게 치료해야 할까요 ,어제 축구하다가 인조잔디에 미끄러져서 이렇게 되서 소독하고 포비돈바르고 거즈랑 밴드로 보호시켜놨었습니다 약간의 화상도 입었는데 화상연고를 바로 바르는게 좋을까요  통증은 따끔따끔 한정도 입니다,응급의학과
4,봉합후 상처부위가 부어오르고 있습니다 ,손가락을 김치자르던 가위에 베어서  바늘정도 꿰멨는데요 처음에 실밥을 제거 후 처음 몇일간 잘 아문다 싶었는데 부어오르기 시작해서 괜찮은건지 한번 봐주세요   절단면부근기준으로 잘려나갔던 부위만 붓고 있습니다,응급의학과
5,뜨거운물 화상,코로나걸려서 뜨거운물  일정도 계속 먹었더니 증세는 나아진거같은데 갑자기 목에 다른 느낌의 따끔거림이 느껴집니다 목에 화상입은거 같은데 치료 어떻게 하나요 ,응급의학과
6,끓는물 화상 치료 ,끓는물이 다리에 엎어져서 병원에 왔는데   피부가 하얀색이되고  껍질이 막 올라왔어요 의사쌤이 바로 입원하고 치료받자는데 치료가 어떤식으로 진행이 되는건가요      군인이라 카메라가 잠겨있어서 사진이 없어요  ,응급의학과
7, 도 화상 질문,바비큐 그릴에 데였습니다  해외 응급실에서는  도화상이라 하였습니다  현재 겉 표면은 벗겨진 것은 없고 얕은 굳은살처럼 딱딱합니다  데이고 몇시간은 상처부위가 따가웠는데 하루정도 지난 지금은 통증은 없고  아직 진물도 없습니다  진물은 언제부터 나오며   도화상이면 심재성인가요 표재성인가요  병원 급히 가야하나요   해외라 쉽지 않네요    관리는 어떻게 해야하는지  연고  밴드 도 부탁드립니다 ,응급의학과
8,이거 화상에 딱지가 진건가요  ,제가 두달전쯤에 핫팩가지고 잤다가 핫팩이 자는 사이에 다리로 가서 화상을 입었었는데 처음엔 맨날 피부과 잘 가다가 학원시간때매 안가서 나중에 상처 보니까 계속 이렇게 되어있더라구요   딱지인가용    병원가서 약처방받아서 이 위에 바르고 그랬는데 안발라두 되는건가요,응급의학과
9,화상입은 후 피부가 오돌토돌하게 두꺼워졌습니다 , 일 전쯤 뜨거운 물에 화상을 입고  차가운 물로 응급처치를 했습니다  해외에 있어 피부과에 가기 어려운 상황입니다   화상입은 날부터 화상연고를 꾸준히 바르고 있는데  피부가 오돌토돌하게 두꺼워지면서 굉장히 건조해졌습니다  또 새살이 돋는 것처럼 간지럽습니다   잘 치유되는 과정인가요  아니면 어렵더라도 피부과를 가는게 맞을까요  현재 영국에 있고 병원에 가려면 일주일 정도 기다려야하는걸로 알고있습니다   첫번째 사진이 가장 최근사진이고 두번째 손을펴고있는사진 은 화상입은 다음날 입니다 ,응급의학과
10,상처 흉 안지는 법,다리에 이렇게 상처가 났는데 흉 안지게 하려면 어떻게 해야하나요    메디폼 하나만 사서 붙여도 괜찮을까요   ,응급의학과
11,노인 다리 상처  염증 치료,할아버지가 다리 염증이 있으신데 치료법 좀 알려주세요 작년에 다리에 염증이 가득차서 한달간 입원 치료했습니다  수술도 하셨어요   최근에 상처 부위가 저렇게 번지는데 어떻게 치료해야되나요  지병이 있어서 코로나 백신을 못 맞으셔서 대학병원에 진료 받기에 어려움을 겪고 있어요 그리고 거동이 불편하셔서 더더욱   아니면 할아버지 대신 타인이 대신 진료를 받을 수 있나요  약이나 치료법 좀 알려주세요   집에만 계시고  상처 원인도 모릅니다,응급의학과
12,뜸 놓은 후 화상 자국 ,사진처럼 뜸 놓은 후에 화상 자국 같은게 생겼는데여 원래 이런건가요 병원가서 화상 치료 안 받아도 되는걸까요  ,응급의학과
13,혐  발에 습진 물집 ,평소에 발에 수포같은 습진이 나곤하는데 최근 운동화에 양말 신고 오래 걸어서 그런지 큰 물집같이 생겼어요 이게 뭘까요  걸을때 옆 발가락에 쓸려 좀 불편했는데 별거 아니겠거니하고 걸었더니 점점커지네요 안에 물같은게 차있는거 같은데 이게 뭘까요  가렵지는 않아요,응급의학과
14,손가락에 물집같은거,중  여자인데요 중지손가락에 뭐가 났어요 원랜 하나밖에 없었던것 같은데 하나 더 났어요 뭐죠 이거  ,응급의학과
15,쓸려서 벗겨진 피부 치료,오늘 대걸레로 열심히 청소하다가 손바닥이 쓰라린 것 같아서 봤더니 손바닥에 동전크기만큼 피부  껍질  이 벗겨져 있더라구요  그제야 막 쓰러려서 급하게 후시딘 덕지덕지 바르고 이지덤  붙였는데 너무 쓰라려서    치료가 잘못 된 건지 원래 이렇게 아픈건지 질문드립니다   ,응급의학과
16,  개월 아기 미끄럼틀에 쓸려 난 상처가 꼭 화상 입은 것처럼 됐어요 ,   일 저녁에 미끄럼틀을 타다가 마지막 부분에 턱을 맞았어요  처음에는 피는 안 나고 쓸린 상처처럼 빨갛게 됐는데 아무것도 안 발라주고 지났거든요 그러고 이틀후쯤 딱지 지고 떨어졌어요 저온화상일까요  이제 와서 상처 색을 보니 아무 조치 안해주고 지난게 걱정되고  지금은 해줄게 없죠 ,응급의학과
17,고데기 화상,이틀전 봉고데길 하다가 데였고 물집은 안잡혔고 상처색깔만 갈색으로 변했는데 흉 질까요  얼굴부위라서 너무 걱정되요    만약에 흉지면 어떠케요      ,응급의학과
18,발에 생긴 물집  ,이렇게 발가락에 물집 생겼는데 터뜨려야 하나요     아님 병원 가야하나요  만약 터뜨리게 된다면 어떻게 터뜨려야 하나요 ,응급의학과
19,화상 가려움,화상 입고 두달정도 된거같은데 나아진거같아 약바르는거 멈추고 그냥 냅두다가 다시 화상연고 바르고 하루정도 밴드붙여 생활했는데 빨간부분만 되게 가렵고 부어올랐드라고요 그냥 냅두는게 나을까요 약만 발라야할까요,응급의학과
20,심재성 도 화상,오늘 작업중에 화상을 입었는데 심재성 도라고 하시더라구요   화상직후 사진인데 흉 많이 질까요  ,응급의학과
21,아기 도이상화상 샤워,이제샤워해도될까요  한달이상 매일병원가서 하얀약 바르고 붕대했 어요 피부과가보니까 이젠후시딘바르 라던데요 이제어떤약바르나요 아기가 코로나걸려서 병원도못가요  ,응급의학과
22,목에 물집이 생겼어요,목에 물집이 생긴 지 좀 오래됐는데 만져보니까 동글돈글한 물집이더라고요 요즘 아토피도 없던게 생기고해서 한데 혹시 이게 뭘까요 ,응급의학과
23,입술 물집 ,자고 일어났더니 밑 입술이 너무 아파서 보니까 물집  뾰루지  같은게 올라와있고 꽤 부어있습니다 입을 벌릴 때도 아프고 만져도 아픕니다 혹시 왜 이런건가요  ,응급의학과
24,레이저제모하다가 화상입었는데 물집이 터졌어요,물집정도도 아니고 껍데기  같이 붙어있었는데  전혀 아프지않았음  씻다가 저도모르게 떨어졌어요 지금도 아프진 않아요 후시딘 바르고 밴드 붙여야하나요  내일 내원을 해야할 정도인가요 ,응급의학과
25,엄지손가락 물집 빨리 없애는 법 알려주세요,칼림바 연주하는데 손톱이 짧아서 그냥 살로 쳤더니 양쪽 엄지손가락에 물집이 생겼습니다    병원이나 짜는 법 말고 빨리 없애는 법 없나요  ,응급의학과
26,상처 화상 흉터연고,넘어져서 착색된 상처와 데여서 피부색이 어둡게 변한 상처에 더마틱스울트라가 괜찮을까요  더 마 라이프가 괜찮을까요  다른 제품 괜찮을 게 있을까요  쿠팡 광고 신고합니다  광고 모두 신고합니다 ,응급의학과
27,오른쪽 발의 엄지발가락 왼쪽부분이 갑자기 너무 가려워 계속 긁었더니 한시간 후에 이렇게 물집이 크게 잡혔습니다  무좀인가요 한포진인가요    처,오른쪽 발의 엄지발가락 왼쪽부분이 갑자기 너무 가려워 계속 긁었더니 한시간 후에 이렇게 물집이 크게 잡혔습니다  무좀인가요 한포진인가요    처치는 어떻게 해야하는지 답변 주시면 감사하겠습니다 ,응급의학과
28,의료용스테플러, 월  일경 밤  시 계단에서 넘어져서 두피열상으로 응급실에서 의료용스테플러로  방정도 박았습니다 오늘 오후에 소독을 하고 왔는데요 병원에서 머리감으셔도 된다고 하는데 붕대를 때고 샴푸를 사용 하여 감아도 될지 궁금합니다  머리가 길어서 피가 굳어서 머리를 감고 싶은데 그냥 감아도 될지가 의문입니다,응급의학과
29,도와주세요    ,두상이 갑자기 짜그러졌는데 왜 이런건가요      찌그러진 부위 만져보면 부딪힌 것 같이 아픈데 다시 돌아올 수 있나요    부딪혔다고 찌그러지는 게 말이 되는 건가요                 ,응급의학과
30,교상도 개방성 외상에 해당되나요 ,대부분 개방성 외상이면   찰과상  열상  자상  박탈상 결출상   절단상  절상  개를 말하던데 창상은 아마 절상과 비슷하게 베인 상처라 절상에 해당될 것 같고   교상은 개방성 외상인지 모르겠네요 ,응급의학과
31,가위에 베인상처 소독,가위에 손가락이 베여서 병원진료 받았습니다  꿰매지는 않았고 소독 후 항생제 주사랑 약 처방받았습니다  다음 날 가니 주사만 처방하시고 소독은 하루 뒤에 오라고 하셨는데 일때문에 바빠서 못갈거같은데 집에서 소독해도 될까요 ,응급의학과
32,화상질문이요  , 도인가요  도 화상인가요 뜨거운 물체에 데였습니다   피부껍질이 약간 벗겨졌습니다,응급의학과
33,물집 운동 할 때,아 너무 쓰라리고 운동 할때 벗겨지는데 어떻게 해야되죠 빨리 낫는법 없나요,응급의학과
34,손이 베이고서 간지럽고 잘 안아물어요 ,두달 전쯤에 쇠에 베었는데 아무는 것 같더니 살짝 붇고 계속 이 상태에요  간지럽고 눌러보면 그냥 그런데 문지르면 조금 아파요  이대로 흉난 건가요  아니면 아무는 중인가요  병원에 가야하는지 그냥 놔둬도 되는지 궁금합니다 ,응급의학과
35,손가락 염증 생긴거 같아요 ,얼마전에 가방 싸다가 반대 손 손톱에 긁혀서 살이 벗겨졌는데요  첫날에는 밴드 붙였다가 선이 다 뿔어서 걍 붙였는데 감염된 거 같아요  주변 부분이 약간 빨개지고 살짝 누르면 통증이 좀 있어요  이거 염증 생긴거 맞죠  어떻게 해야할까요 ,응급의학과
36,화상 물집 터짐,최근에 화상입었는데 물집이    개정도 났더라고요  근데 실수로 문에 화상부위에 스치는 바람에 물집이 터져서 스펀지처럼 생긴 화상밴드를 어제부터 붙이고 있었는데 화상 입고 물집 터지면 보통 몇일정도 상처가 아무나요   ,응급의학과
37,어깨상처염증  상처가 났는데 상태가 하얀 염증인지 궤양같은게 생겼네요,어깨상처염증  상처가 났는데 상태가 하얀 염증인지 궤양같은게 긁다가 상처가 생겼는데 사진과같이 하얀 염증이 생겼는데 약간 진무르고 하얀염증이 껴있어요 저러면서 아물지가않고 저상태네요 약도먹고 연고도 발랐는데 나아지질않네요 병원은 어느과 어디로 가는게 좋을까요 ,응급의학과
38,이 상처에 메디폼 붙여도 될까요 ,얼마 전에 아스팔트에서 쓸려서 무릎에 상처가 났는데요  밴드 붙이면 별로 좋지 않다길래 그냥 빨간약 바르고 마데카솔 발라가면서 상처 치료를 했었습니당    근데 내일이 개학이라 스타킹을 신어야 하는데 이 상처 위에 밴드를 붙여야 하나요  아님 메디폼을 붙여도 될까요  메디폼 하루에 몇 시간 이상 붙이고 있다가 갈아야 하나요    상처 치료 방법도 좀 자세히 알려주세요 부탁드립니다      번째 사진이 왼쪽 무릎이고  번째 사진이 오른쪽 무릎에요 ,응급의학과
39,안녕하세요 지금 사진에 나와있는 상처는 얼마나갈까요 ,그리고 저정도면 흉질까요  병원가봐야할까요  그냥 돌바닥에서 넘어진것밖에 없는데 상처가 커서요 그리고 손목을 움직이면아파요 앞 옆은 안아픈데 뒤에만아파요 그냥 혹시나해서 말해봅니다 상처생긴지는 이제  일됐어요,응급의학과
40,손가락 물집,일주일전부터 갑자기 손가락에 물집같은게 생겼는데 이게 뭘까요   간지럽지는 않고 누르면 조금 아프네요   ,응급의학과
41,찰과상에 물집이 잡힌건지   계속 후시딘 발라도 괜찮나요 ,이틀전 벽 모서리에 긁히고 그 다음날부터 소독하고 후시딘하고 습윤밴드 계속 붙이는 중 입니다   하얀부분이 물집인가요   약품설명서에 물집잡히면 그만 발라야 한다고 돼있어서 지금까지 하던대로 계속 소독하고 약바르고 밴드 붙이면 되는건지 아니면 소독만하고 밴드 붙여야 하는지 질문드립니다,응급의학과
42,발가락 물집,발가락에 물집이 잡히고 점점 번져요  처음엔 두번째 발가락에 생겨서 지금은 흉터가 됐고 세번째로 번져서 물집이 잡히더니 지금은 전체가 불그스름하게 저렇게 바꼈고 이제 네번째로 옮겨갈라해요     물집이 터져도 다시 생기고 엄청 가렵다가 또 만지면 아프다가 하더라구요    습진약 있어서 발랐는데 소용이없어요  이게 뭔가요   ,응급의학과
43,손가락에 이상한줄과 물집같은게 있습니다,손가락에 이상한 줄이 생겼습니다 그래서 뭐 찾아보니까 비타민 부족 심하면 암이래서 뭐 비타민 부족한가보다 생각했는데 갑자기 그 손가락에 물집같은게 생겼습니다 아프지는 않구요 병원에 가야할까요   내공    이요,응급의학과
44,찝혀서 생긴 작은 물집 내공     ,책상 두개를 옮겨붙이다가 책상 사이에 손가락이 세게 찝혀서 작은 물집이 생겼는데 물집 빨리 치료하는법 알려주세요    ,응급의학과
45,물집 생길때 어떻게 해야 나을까요 ,제가 전자기기를 좀 많이 해서 생긴거 같다고 하는데 이거 어떻게 나을까요 약은 마이케어로션 바르고 있어요  좁쌀물집이랑 여러가지 다 있어요   어떻게 나을까요 ,응급의학과
46,귀 뒤에 물집  같은게 생겼어요,귀 뒤에 물집 같은게 엄청 크게 생겼는데 만지면 말랑하면서도 안은 딱딱해서 바늘로  번정도 뚫고 짜봤는데도 피만 나오네요 이게 어떤거고 어떤 병원에 가야되나요 ,응급의학과
47,갑자기 생긴 손가락 물집 왜 이럴까요 ,상처나 물리적 충격은 없었으며 처음에 약간 가려움 정도만 있었는데 자고 일어났는데 손가락 통증과 물집이 잡혔어요 동네 피부과 다녀왔는데 병원에서도 원인을 모르겠다고 하네요  ,응급의학과
48,외상성 경막하출혈 후 극심한 두통, 월 일 계단에서 굴러서 머리를 다쳐서 외상성 경막하출혈을 진단받았습니다 수술할 정도는 아니라고 하셔서 약물치료로   일 입원치료하고 어제 퇴원했습니다 병원입원동안에도 진통제를 써도 두통이 너무 심했거든요   지금 퇴원하고 와서도 두통이 너무 극심해서 괴로워하네요 잠도 잘 못자구요 보통 이경우는 언제쯤 두통이 사라질까요    시간이 지나면 점점 두통이 좋아지는건가요 ,응급의학과
49,피부토닝 후  도화상 의료사고  ,피부과에서 토닝받다  도화상을 입었습니다  시술 중 무척 뜨거웠지만 원래 좀 따금할수잇다하기에 원래이런건가 하고 참았습니다  토닝 후   분정도 되니 물집이 올라오더군요   화상병원에서  도화상 진단받았고 상처 다 아무는데  주가 걸렸습니다   주간 화장 세수 정상적으로 할수 없었고 테이핑붙이고 댜니게됬죠  현재는 상처는 다 아물었고 상처부위가 검지손톱정도 크기로 많이 크진 않지만 색소침착과 흉터가 보여 얼굴볼때마다 너무 화가나고 스트레스입니다  피부과에서 위자료는 어느정도를 책정해야할지    이정도상태면 흉터치료 등 꾸준히 받으면 개선은 되는건지    거울볼때마다 한숨나오고 너무 답답하여 간절히 글을 올려봅니다    얼굴인지라  화장해도 가려지지도 않고   피부과에선 본인들 잘못인정한상태고 말이 저 토닝하기 전에 토닝기계 점검을 해서  출력을 좀 높여놨엇다고 그상태로 들어가서 그런거같다고하네요    색소침착되는거 치료받으면 갠찮아 질수는 있는걸까요     대 여자인데 너무 우울합니다   ,응급의학과
50,손가락 물집  손가락저림,한 틀전부터 욱신욱신하다가 어디에 찍힌것 마냥 검은색으로 변했습니다 부딧히거나 찍힌적없음  몇일뒤면 사라지나요  왜그런지 답변좀 부탁드려요,응급의학과
51,화상입었어요   급해요,안녕하세요 제가  일전에  금요일 저녁  실수로 숯불을 만져버려서 화상을 입었는데요 일단 바로 차갑게 해서 응급 처치는 했고 며칠간 손에 이지덤같은서 붙여놓고 생활했더니 보기에는 괜찮아진것같아요  물집도 생기지 않았고요  어제부터는 그냥 아무런 치료를 하지 않고 지냈는데 계속 살이 딱딱하게 느껴지고 감각이 아직도 안돌아오네요 뭔가 두꺼운 막이 피부 위에 있는 느낌  이대로 두면 감각이 돌아올까요  아니면 뭔가 치료를 해야될까요    해야한다면 어떻게 해야할지 알려주세요 아래 사진은 각각 금요일  토요일  일요일  그리고 오늘 상태입니당 ,응급의학과
52,고데기하다가 화상자국질문 ,사진에보시다시피 고데기로인해 화상자국이생겼습니다 인지못하고있다가 왜안없어지나했더니 화상자국이었습니다  얼굴이 하얀편이라 생각보다 티가많이나는데 이 자국이 아프거나 그러진않는데  이상처없애려면 치료까지받아야할까요   아니면 연고바르면없어질까요  피부과 전문가님들  만 답변부탁드립니다  ,응급의학과
53,뜨거운 컵 손잡이에 데였습니다 화상 ,컵 손잡이가 금속재질이었는데 전자렌지에 돌렸다가 데였습니다  하얗고 좀 딱딱한 물집이 잡혔는데 그냥 놔두면 알아서 나을까요  아니면 병원에 가야하는걸까요  사진 첨부합니다 ,응급의학과
54,화상 치료,안녕하세요 제가  일전에  금요일 저녁  실수로 숯불을 만져버려서 화상을 입었는데요 일단 바로 차갑게 해서 응급 처치는 했고 며칠간 손에 이지덤같은서 붙여놓고 생활했더니 보기에는 괜찮아진것같아요  물집도 생기지 않았고요  어제부터는 그냥 아무런 치료를 하지 않고 지냈는데 계속 살이 딱딱하게 느껴지고 감각이 아직도 안돌아오네요 뭔가 두꺼운 막이 피부 위에 있는 느낌  이대로 두면 감각이 돌아올까요  아니면 뭔가 치료를 해야될까요    해야한다면 어떻게 해야할지 알려주세요 아래 사진은 각각 당일  다음날  그리고 현재 상태입니당 ,응급의학과
55,화상 치료법,오븐레인지 사용하고 음식 꺼낼때 테두리에 쇠로 돼있는부분이 달아올라있었는데 거기에 데였어요 이틀 전에데였고 오븐레인지 사용할때    도로 사용했었어요  번 사진에 붙이는거  데인당일날 붙였다가 떼고 오늘은 계속 붙이고 있었어요 데이고나서 찬물에 잠깐 헹궜구요 지금 저거 떼었는데 이렇게 됐네요 그냥 후시딘같은거 바르고 반창고 붙이면 되나요 ,응급의학과
56,화상 질문이요,고데기 화상 따갑고 부넜는데 당장 후시딘 발라도 되나요  안 따갑게 하는 법 있나요 ,응급의학과
57,발에 가시박혔는데 연고발라도 됩니까 ,제가 방금 발에 가시박혔는데 칼로해도 안빠지길래 급한마음에 일단 연고바르고 밴드붙이고 내일 아침에 병원가보려고하는데 괜찮을까요      ,응급의학과
58,발 빨갛고 따가움,다이소에 파는 사포 붙여서 하는 패드로 발을 밀었는데 너무 세게 밀은건지 미는 곳이 아닌데 밀어서 그런건지 빨갛고 화상입은 것처럼 따가워요       시간 지난 지금도 계속 아픈데 어떻게 해야할까요    ,응급의학과
59,이거 발바닥 물집인가요 ,제목이 곧 내용입니다  이거 발바닥 물집인가요  나이는   살이고 생긴지는 하루에서 이틀정도 된것 같습니다  쌀알보다 약간 작거나 비슷한 크기구요 모양은 보시는 그대로 입니다   물집이 아니라면 무엇인지  어떻게 치료해야되는지 알려주세요   ,응급의학과
60,두드러기  물집   이거 포진인가요 ,이틀 전부터 손가락이 팅팅부어서 원형으로 우둘투둘하게 두드러기가 나더니 오늘은 발까지 난리네요 심하게 가렵고 엄청 붓는데     이게 한포진인가요  제가 일본이라 너무 당황스러워서 도와주세요  ,응급의학과
61,티눈 물집 터짐,티눈 냉동치료를 하고 물집이 터져서 밴드 붙히고 다니다가 새살이 나길래 밴드를 떼고 다녔는데요 아직 티눈이 완치가 되지 않은 건가요  재발한건가요   중간에 하얀색은 제가 팬치로 좀 뜯은 흔적입니다  누르면 좀 욱신욱신한 것 같기도 한데  ,응급의학과
62,길가다 넘어졌어요,길가다 넘어졌는데 상처부위가 하얗게 됐는데 이거 괜찮은건가요 계속 전율이 오고 피가 계속 흐릅니다 지금 다리에힘이없어요  ,응급의학과
63,입술화상연고,제가 마시멜로우를 구워서 먹다가 뜨겁게 녹은 마시멜로우가 입술에 닿아서 글루건 처럼 굳길래 떼냈거든요  근데 그과정에서 살이 좀 벗겨지면서 약간의 화상때문에 물집이    cm 정도로 잡혔어요     집에  바스포연고 가 있길래 발랐는데 괜찮겠죠      추후에 흉이 안지게 하려면 어떻게 해야하나요 ,응급의학과
64,화상상처 가만둬도 될까요,병원에서 입원치료 받으며 드레싱 일주일 반  이주  정도 받았는데 병원안에서 코로나걸려서 퇴원조치 됬어요 이틀은 붕대감겨있는상태로 뒀는데 이틀째엔 소독해야될거같아서 식염수랑 연고 바세린거즈 거즈 붕대 사서 했는데 너무따갑고해서 그냥 다때고 연고만 바르고 차라리 딱지생길때까지 기다리려고하는데 그냥둬도 될까요 상태는 진물이랑 피가 조금씩 나네요 이대로 격리기간풀리고 병원가면 딱지 다시 떼어내나요 ,응급의학과
65,콧등물집 관련질문이요 사진첨부,안녕하세요 혹시 콧등물집이 보이시나요    저게  년이 넘도록 안없어지고 있는데 터트려도될까요  아니면 피부과를 방문해야할까요  지금 해외라 당장 피부과 방문은 힘든데 괜찮을까요  고수님들 답변 부탁드립니다 ,응급의학과
66,엄지발바닥 물집 빨리 없애는 법  ,내일이 개학인데 오늘 무리하게 배드민턴을 쳤다가 물집이 생겼어요   되도록이면 내일 아침까지 낫는 법 있을까요   제발요  ,응급의학과
67,손가락 찰과상 후 감각 무뎌짐,중지 손가락 첫번째 마디 안쪽에 문에 찌여 살이 벌어져서 다쳤습니다  응급실에 가서 응급처치를 했지만 손가락에 피가 안통하게 막아놓은 것처럼 감각이 무디고 얼얼하네요  검색해봤는데 말초신경에 이상이 생겼을 수도 있다는 걸 알게 됐는데 괜찮은 건가요 ,응급의학과
68,물집 제거후 뜯어진 피부 관리,이거 어떻게해야하나요   제가 호텔리어라 맨날 구두신고 일하는데    일 전부터 물집이 생겼어서 터트리고 피부가 벗겨진 상황인데 일요일부터 다시 또 구두를 신고 일해야하는데 너무 아파서 어제는  시간을 절뚝거렸어요 어떻게해야할까요     ,응급의학과
69,물집 관리 시급,제가 오늘 롤러타고 집에 왔는데 보니까 물집이 생겼더라구요  제가 낼도 롤러를 타야되는데 어떡하면 좋을까요  ,응급의학과
70,물집을 터트리고 껍질을 벗겼는데,어느순간 보니까 새끼 발가락에 물집이 크게 잡혔길래 터트리고 겉에 껍질을 짤랐는데 혹시 많이 안좋을까요 다들 안터트리는게 가장 젛다고 하는게 이미 터트려서     큐,응급의학과
71,물집 잡힌건가요 ,씻다가 손등이 따가워서 봤는데 저렇게 부었 더라고요 손등에 컴싸 칠했다가 지운것같은 자국이 있고 살짝 부어서 뽈록 나와있어요  그리고 살짝 쓰라려요  물집 잡히는중인건가요   ,응급의학과
72,물집 벗겨짐 치료 문의,행군을 하다 발바닥에 물집이 생겼는데 물집이 터져서 벗겨졌습니다 치료를 할려 하는데 후시딘 발라도 될까요  내공    ,응급의학과
73,손에 물집  잡힘,놀다가 난 상쳐같은데요 상쳐나고 몇시간 후에 소독하고 약 발르고 잤어요 근데 일어나보니 물집같이  뭐가 고여있더라구요 자꾸 상쳐부위가 아픈데 어떻게 할까요   약은 봉와직염 연고 발랐어요 ,응급의학과
74,화상 입은 부위를 조심하며 짧은 옷 입는 방법 ,한 쪽은 발등  한 쪽은 발목에  도 화상을 입었고  현재는 흉터제거 연고 바르면서 지내고 있어요  착새된 피부가 그나마 괜찮아지려면  년은 기다려야 한다네요  자외선 차단 잘 해야 한다는데 봄이 오니 치마가 입고 싶어요  혹시 화상입은 부위 붕대로 감고 치마 입어도 될까요  아니면 그냥 꾹 참고  년은 긴 바지 입고 지내야 하나요 ,응급의학과
75,응급실 약 처방,제가 몇일전에 코로나 확진 판정받고 응급실에서 근육주사 맞고 약을 처방을 받았는데 그 약이 효과있어서 더 처방을 받고 싶은데 응급실은 약만 처방도 해주나요    ,응급의학과
76,손가락화상,요리하다가 화상입었어요 어떻게 치료해야 할까요    분되어 물집은 아닌데 애립니다 ,응급의학과
77,화상 입었습니다 도와주세요 급합니다,뜨거운 접시에 한두시간 전 데였습니다 손가락  개가 화상을 입었는데 엄지손가락이 제일 아픕니다 너무 아파서 아이스팩을 댔는데 현재까지 아이스팩 대고 있습니다  개가 다 녹았고  너무 차가워도 아프고 미지근해지면 또 아픕니다 살려주세요 해결  방법 부타 드립니다,응급의학과
78,화상 입었을때,화상을 입은지  일정도 지났는데 어떻게해야되나요 병원을 가도 소독  같은거 밖에 안해주더라고요 그리고 얼마나 심각한건지도 궁금합니다 ,응급의학과
79,무릎까짐 살려줘요  ,신호되서 빨리가려다 넘어졌는데 다리  그는 갔습니다 다행이 본사람은없었어요 근데 이 상처 언제 다 나을까요    아파 죽겠습니다 이불도 덮으면아프고 살짝만 만져도 스쳐도아프고 편하게 자세 취하지도 멋하고 너무 아프고 불편해요   매일 연고는 발라주고 있는데 흉터는 상관 없느니 빨리 통증좀 가라앉게 할 수 없나요   ,응급의학과
80, 달 반정도됐습니다 고데기 화상 상처입니다 처음에 대처를 잘 못 해서 몇달은 상처가 안 보였어요 그냥 붉었다가 시간이 지나니 점점 변했습니다 약, 달 반정도됐습니다 고데기 화상 상처입니다 처음에 대처를 잘 못 해서 몇달은 상처가 안 보였어요 그냥 붉었다가 시간이 지나니 점점 변했습니다 약은 꾸준히 발라주는 케어번 크림 발라요 상처 심각한건가요 ,응급의학과
81,화상흉터치료,화상입은지 두달되어가는데 살이 볼록튀어나와서요  흉터 치료로 프락셀    번 했는데도 볼록 튀어나와있네요 흉 안없어질까요  ,응급의학과
82,발가락 상처, 일 전 둘째 발가락 책장 모서리 부딛혀서 피니고 다친 이후 오한  전신 열감  근육통 있습니다   어제부터는 진짜 열도 나고 이미 아문 발가락도 쑤십니다  봉와직염  파상풍인가요  가벼운 감염일까요 ,응급의학과
83,엄지 손가락에 물집,학교에서 음악시간에 칼림바 하다가 너무 열심히 해서 엄지 손가락 끝에 손톱 위에 부분에 물집이 아주 제대로 잡혔는데 어뜨카나요     크기는 새끼손톱만하고 일상 생활할 때 어디에 닿으면 좀 아파요   터트려야하나요       어떻게 해야하나요    ,응급의학과
84,손가락 물집,어제까지만해도 없었는데 오늘 간지러워서확인해보니까 물집이 생겼어요 이거 어떡해야하는거죠,응급의학과
85,물집 터뜨렸는데 뜯었어요   빨리 낫는 방법좀 ,제가 어찌 저찌하다가 밴드 붙인 옆에 물집이 생겼던게 터진가에요   그래서 너무 거슬려서 뜯어버렸는데 너무 심하게 뜯어서 살이 돋아나면 그 뭔가 딱딱해서 거칠거칠한 느낌이 나서 뜯어버려서 지금 완전 엄지 손가락이 손톱 빼고 거의 살이 다 버껴졌어요    사진 처럼 되서   빨리 회복하는 법 좀 알려주세여 ,응급의학과
86,손가락 피물집,손가락을 찌어서 물집안에 피가 고여있어요 이틀정도 지났는데 피 안 빼주고 그대로 둬도 상관 없을까요,응급의학과
87,상처가 좀 파였는데 병원 가야할 까요 ,일하다가 발 헛디뎌서 철판 모서리에 세게 부딪혔는데요    첨에 괜찮은줄 알았더니 정강이쪽 바지가 축축하길래 보니까 피가 흐르더라구여     월 일에 다쳤는데 아직도    파인상처에서는 피가 멈추지 않아요   지금은 조금 아물긴했는데   이거 병원가서 꿰매야 할까요     현재 화수목 물로헹구고 소독약으로    번쓸어내려주고 후시딘바르고 밴드붙이고 생활하고 있어요   피부과랑 정형외과중 어딜가야할까요 ,응급의학과
88,화상 물집 병원가야할까요 ,  일 전에 화상을 입어 물집이 생겼었습니다  화상을 입은 다음날부터 오늘까지 계속 멸균밴드 화상밴드 를 부착하고 있었어요  알아서 물집이 터지고 아프지않아서 뗐는데  이렇게 하얗게 껍질처럼 되어있네요  혹시  병원을 가야할까요 ,응급의학과
89,아기 얼굴  도화상,얼굴이 달궈진 냄비에 닿여서  도화상을 입었습니다 대학병원에 가서 응급처치후 메디폼같은걸 붙이고 붕대를 감아줬는데 너무 대충해줘서 집에오자마자 풀렸네요 다시 피부과에 가서 진료를 보니 상처를 가리지 않고 밴드를 붙이는것이 아기 피부에 더 안좋을거라고 무언가 붙이지 않고  안연고를 수시로 바르며 치료를 하자고 하는데 이런식으로 치료하기도 하나요 ,응급의학과
90,화상,뜨거운햇반 손으로푹 푸다가  네번째손가락 손가락바닥면이  조금 하옇게됨  누르면 쓰라림  혹시 그냥두면 몸에 염증은안생길까요   그냥놔둬도 될까요   찬물로 잠깐 씻엇는데  없어질까요 ,응급의학과
91,손등 화상 흉터,제목 그대로에요   뜨겁게 달군 커터칼에 뎄는데 이게 흉터로 남을까요   ,응급의학과
92,화상 흉터 치료 방법,화상 입은지 꽤 됐습니다 지금 다리 상태가 저런데 원래 피부색으로 돌아올까요    아니면 레이저 치료라던지 그런걸 해야하나요    피부색 원래대로 돌아올때까지 햇빛 피하는게 맞는지까지 여쭈어보고 싶습니다  내공   내공냠냠 글 신고,응급의학과
93,엄지발가락에 상처가 까맣게 변했어요 이주 전부터 엄지발가락이 퉁퉁 불고 진물나더니 터지고나서 푸르게 변하더니 이렇게 까맣게 변하고 딱딱해졌어요,엄지발가락에 상처가 까맣게 변했어요 이주 전부터 엄지발가락이 퉁퉁 불고 진물나더니 터지고나서 푸르게 변하더니 이렇게 까맣게 변하고 딱딱해졌어요 만지면 아프지는 않은데 이거 병원 가봐야하나요 ,응급의학과
94,화상 자국 생겼어요,방금 화상 입어서 자국 났어요 병원가야 하나요,응급의학과
95,화상 보습제,지금  도 화상 입은지  개월 됐는데 그냥 이제 연고는 안 발라줘도 되나요 연고 가격만 한 달에   만원씩 나와서 그냥 보습제만 계속 발라도 되나요 상처 부위는 양쪽 허벅지 크기는 한뼘 조금 더 커요,응급의학과
96,봉합 수술후 카페인,깨진 유리에 손목을 베여서 응급실 다녀 왓어요 상처는  센치정도 되고 응급실 가서 꿰맷어요 베인 부위가 손목이라 걱정하고 위험햇는데 큰 걱정은 안해도 된더 햇어요 봉합 수술 후 커피 마셔도 되나 모르겟네요 술 흡연은 절대 안되는거 알아요 혹시 아시는 분 답변 부탁 드려요,응급의학과
97,손등  도화상 문의드립니다,커피 스팀기에 손가락을 데였어요 데인지 일주일정도 되었는데 많이 나아지고 있는건가요  약국에서 케어번크림을 주셔서 계속 바르고 있는데 나아지고 있는 느낌이 안들어서요 물집이 잡혀있고 만지면 좀 딱딱해요 다른 화상연고를 발라야할까요  흉도 심하게 남을까요 ,응급의학과
98,화상 물집 짜도 되나요 ,라면 끓이다 데여거지고 하루 지났습니다 지식인 보니까 빼라는 사람도 있고 두라는 사람도 있어서 일단은 구멍 쪼끔 내서 빼고 있는데 찰 때마다 계속 빼면 끝도 없지 않나요  대처 방법 궁금랍니다,응급의학과
99,시아버님이 뇌졸증진단을 받으셨는데요  ,마비증상이 있어서 병원에 응급으로 가셨는데 골든타임을 놓쳤다고 하더라구요 일단 병원측에서는 오늘입원이 아니면 의미없다고 했다는데 무슨뜻일까요  아버님이 하시던일을 정리하고 화요일쯤 입원하시길원하시는데     오늘입원아니면 의미가 없다  급하다는거같은데    이렇게만 얘기하셨다는데    자녀로서는 내일부터 큰일이난다는건가   아주 심란한데  무슨뜻일까요 ,응급의학과
100,손에 화학약품이 튐,손에 화학약품이 튄 것 같아서 대학병원 성형외과를 갔습니다   진료할 때 어려보이는 선생님들이 증상 등을 컴퓨터에 입력하시고  교수님으로 보이는 분은 내내 안보이다가 나오서 손을   초  정도 보시더니 뭐 어떻게 처치해라 이러고 다시 가시더라고요 보통 이게 맞나요   최종 처방은 물집 터트리고  연고바르고  메디폼 붙여주신 다음  일주일 뒤에 다시 오라는데 이게 맞나요 화학약품에 의한 화상은 시간이 지날수록 더 심해지는데 일주일간 소독   연고에 의지한 채로 기다리는 게 맞나요  손 상처부위는 보통 화상상처와 다르게 주변부가 몽글몽글 빨갛게 부어올랐고 주변부에도 작은 부어오름이 생기고 있습니다 ,응급의학과
101,손가락 표재성  도화상에 장갑을 착용해도 되나요 ,손가락에 화상을 입었는데  주째 입니다  치료는 다 끝났고 현재 홍조 흉터크림 바르고 있어요  의사님이 외출시 썬크림 꼭 발라라고 하더라구요  크림약을  종류나 바르고 잇는데  썬크림 까지 바를려면 번거러워서 그러는데요  통풍 잘되고 자외선 차단되는 장갑 같은거 착용하고 다녀도 될까요 ,응급의학과
102,손가락 화상,안녕하세요 플라스틱 빗을 라이터로 끝부분 녹이다가 플라스틱 녹은게 손가락 위로 떨어져서 화상을 입었는데 차거운 물에 조금 냅두고 이제 보니깐 빨간 부분도 있고 살짝 하얗게 된곳도 있는데 어떤 화상인지 알려주실 수 있나요,응급의학과
103,화상 흉터,저번주 토욜에   도 뜨거운 물로 인한 화상을 입었습니다 그리고 월요일에 병원가서 드레싱하고 혹여나 햇빛노출되면 착색될까봐 계속 밴드나 붕대로 감고있었어요   도이나 약한  도라 물집도 물이 차지않은 물집이 잡혀 지금은 저 동그란 두 부분처럼 물집있던부분만 좀더 까만느낌이구요   다른 빨간곳들은 가렵더라구요  나으려고하는건가요    붉은기라도 없어졌음하는데  지금 제가 할 수 있는건 뭐가있을까요     어떤 연고를 발라야하는지 아니면 찜질을 해야하는지    토욜부터 지금까지 물은 한번도 안닿고있어요,응급의학과
104,화상 처치,가스버너에 손을 데였는 데 어떡하죠  지금 조금 따끔따끔 해요    물집이 흰색이에요,응급의학과
105,상처 벌어짐,베여서 벌어진 상처를 꿰메지 않으면 어찌되나요,응급의학과
106,아스팔트 상처 화상인가요    ,아스팔트에 넘어졌는데 이거 화상인가요  찰과상인가요     전동퀵보드 타다가 넘어졌는데 처음엔 사진에 움푹패인곳이 피가맺힌것처엄 되잇엇는데 연고바르고 메디폼바르고 일주일정도있으니 지금 사진 상태입니다   메디폼떼면 살짝 화끈화끈거리기도합니다  병원은 안갓구여  이거화상인가요 ,응급의학과
107,화상 가피제거술후 봉합 문의드려요,화상전문병원에서 진료하고 있습니다   일차 진료입니다  긁어도 안된다고  가피제거를 해야 한다고 하는데 가피제거후 봉합 하는 방법이 나을까요 아니면 가피제거만 하는게 맞을까요   화상병원에서 말고 경력이 오래되신 외과에서 하려고 해요 가능하실까요,응급의학과
108,도와주세요 급해요,안녕하세요  책상 모서리에 머리를 부딪히고 피가 나면서 살짝 살이 찢어진 것 같아 병원에 가서 꿰메고 오지는 않았지만 스테이플러 같은 것으로 그래도 고정시키고 집에 왔는데요 파상풍 주사도 맞고 진통제도 맞았는데 갑자기 좀 전에 한번도 안나보던 두드러기가 이마  얼굴  배 쪽에 나기 시작했어요    왜 그러죠     무슨 부작용인가요     등등 부작용이나 그런 것에 대해 알려주세요,응급의학과
109, 혐호주의 사진있음 살 까졌을때   ,저번주 토요일날 화상을입었고 여러가지 밴드 붕대 약을 발라도 안돼서 병원에가소 붕대를 하고 왔는데 다음날 아침 붕대가 빼졌더라고요 그런데 살이 오느정도 붙은거 같아서 빼고있었는데 지금보니깐 이렇게됀네요 너무아프고 일단 옷같은데 안닫게 하고는있는데 응급처치라도 하는법좀 알려주세요 병원에는 못가요 부모님이 집에 안계셔요  ,응급의학과
110,항문주위농양 어떡하죠,어제부터 갑자기 생겨서 그러는데 집에서 자연치료 가능한가요 학생이라 병원 가기도 좀 그렇고 시기가 시기인지라 가지도 못하고 제가 공부하느라 하루에   시간이상은 앉아있어서 엉덩이가 많이 눌리긴 눌리거든요 그래서 그런것도 있는 것 같은데 약국에서 학생이 먹을 수 있는 약 뭐가 있죠 ,응급의학과
111,상처가 너무 아파요,후시딘을 바르고있는데 후끈후끈하고 땐기고 가만히 있어도 너무 아파요 어떻게 해야 빨리 나을까요  ,응급의학과
112,인두기에 화상,납땜 인두기에 데여서 손가락 화상입었는데 다친거에 비해 인두기는 작으니까 화상부위는 작거든요 그래도 병원 가야될까요 그때 급해서 바로 연고바르고 밴드 붙  놨는데  ,응급의학과
113,엉덩이 종기 질문,엉덩이에 종기기 났어요 정확한 위치는 항문 옆 엉덩이 부분이구요 초기에 엄창 부어오르고 가만히 있어도 아팠어요 앉을 때 아픈건 당연하구요 그래서 약국에서 애니큐어연고 사서 아침 저녁으로 바르고 하루에 한번씩 온찜질도 했습니다 그렇게 하면 종기기 터질줄 알았는데 그냥 아픈것도 붓기도 없이 가라앉았어요 그래서 이거 그냥 냅둬도 될까요  지금은 일상생활 하는데는 아무 문제 없습니다,응급의학과
114,신생아  일 낙상,제목 그대로 신생아  일인데 제가 어제 새벽에 수유하다 제 배위에 올려놓고 깜빡 잠이들었어요 눈떠보니 애기가 매트에 내려가잇엇고 참고로 애기랑 저랑 바닥에서 매트생활해요 애기 머리가 왼쪽옆으로 누워잇엇고 몸은 매트에 잇었어요 걸쳐진거죠 매트는  cm입니다 애기가 정확히 어떻게 떨어진건지는 몰라요     제가 일어낫을때 애기는 안울고 자고잇는 상태엿고 제가 안아서 아기자리에 눕혓고 그 이후 잘먹고 잘자고 잘놀았어요 눈초점잘맞고 행동처짐없구요 토는 분수토는 아니고 분유수유후에 바로는 아니고 시간지나서 하는데 원래 게움 토를 거즌 매일햇던 애긴데 이 토하는것도 낙상증상으로 봐야하나요  그리고 아기가 낮에 세시간이상 낮잠자는데 낙상전에는 딱한번 그런적잇고 세시간까지는 안잣는데 이것도 낙상증상이에요  깨우면 잘일어나요 지금 신생아시기에 자연스러운건지요 괜히 다 걱정되네요  코로나때문에 섣불리 응급실도 못가겟어서 여쭙니다  머리혹낫다던지 대천문 부엇다던지 외상흔적은없어요 팔다리도 잘움직이고 놉니다 부디 답변 꼭 부탁드립니다 ,응급의학과
115,자택에서 치료 없이 임종을 맞이해도 되는걸까요,말그대로입니다 아버지가 암 말기로 너무 고생하시고 치료받다가도 너무 고통스러워하셨고 보호자도 같이 너무 고생하는게 싫으셔서 다음번에는 그냥 집에서 임종을 맞이하고 싶다고 하셨었는데 지금 일단 오늘 밤부터 혈압이 뚝 떨어져 의식은 거의 없는 상태시구요  응급실을 가야 맞는데 가족끼리 의견이 갈리네요  일단 그냥 이대로 빠른 시일내에 임종을 맞이할수 있을지도 의문인데 그냥 이렇게 방치해도 되는지  혹시 뭐 법적으로 따로 문제가 있을지 알려주실수 있을까요   ,응급의학과
116,파상풍 증상은 뭔가요 병원 가봐야하나요    ,쇠로 된 핀셋에 찔렸는데 병원 가봐야할까요  쇠가 녹슬진 않았는데 깨끗한건 아니여서요  ,응급의학과
117,화상 입었는데 병원 가야하나요 ,점점 붓고 아픈데 약을 발라도 될까요  이정도 화상도 병원에 가야 하나요 흉질 거 같아요 지금은 물집도 잡혔어요 ,응급의학과
118,열탕 화상,어제 라면을 배랑 허벅지에 엎었는데  바로 찬물로 지졌는데  배는 물집은 아닌데 살이 상처가 났고  허벅지에 작게 물집 하나 생겨있더라고요 다음날 보니 병원 가야되나요 물집이 좀 심한정도가 아니고 조그맣게 되있어서 그런데 어떻게 하나요,응급의학과
119,찢어진 상처 집에서 치료할수 있는 방법  자가격리중 ,자가격리중이라 병원을 내원하지 못하는 상태인데 팔부분 살이 칼에 베여서 좀 많이 찢어졌습니다   지혈하고 밴드 붙여놔서 피는 멎은것 같은데 소독하고 후시딘 바르면 좀 나을까요   근육이 보이는 정도라 꿰매야 할것 같은데 격리중이라 당장은 어떻게 하기가 힘들것 같아서요 찢어진 상처 응급처치 집에서 어떻게 치료하면 좋은지 답변 좀 부탁드립니다 ,응급의학과
120,응급실,머리가 너무 아프고 어지럽고 속 매스껍고 이런데 지금 시간에 응급실 가도 되나요,응급의학과
121,화상피부 보습제,초등생아들 화상피부에 발라줄 보습제 좀 추천해주세요   도 심재성화상으로 치료는 거의 끝나가구요 후에 화상피부에 보습을 잘해줘야 한다고 하시더라구요  어떤 종류의 보습제를 발라줘야 화상피부에 조금이나마 도움이 될까요     추천좀 많이 해주세요 ,응급의학과
122,화상 흉진건가요 , 월   일에 화상 입어서 물집 터진 뒤엔 며칠만 연고 바르고 지금까지 계속 밴드 붙이고 있었어요  이제 아프지도 않고 계속 사진속 이 상태에요      이제 흉터 연고를 발라야 하나요     드레싱도 이제 안 붙여도 되나요     흉터연고 말고 그냥 화상연고 바르는 건 소용없나요 ,응급의학과
123,허벅지 화상 잘 아문걸까요 ,안녕하세요 선생님 허벅지 화상입은지 곧  달이 되가는데 화상부위가 잘 아문건지 궁금합니다 가운데 빨간부분은 상처가 덜 아문걸깡    레이저 치료를 하는게 효과적일까요     가까이 되는 비용에 망설이고 있습니다     감사합니다 ,응급의학과
124,아기화상에열이요,아기가화상입은지   일차에요  아직 몇도화상인지는 진단이 앉나왓지만 사용재료가 얕은화상은아니라고 추측중이에요  범위도두피 이마 해서손바닥정도넓이긴합니다  오늘드레싱시에 아직 두피와이마에 진물이 조금씩은나고있다고했고  갈때마다아기땀이많으니 시원하게해주래서 좀춥게하고 잇는데 열이나요          이게화상열인지 감기인지모르겠어요  응급실간날에해열제 먹이래서   계속 하루세번 네번 해열제먹이다가 오늘 점심에 먹이고두통 이와서같이자다가  한번건너뛰긴햇고요   먹고노는건 계속 잘하는데열이높을때 좀쳐져서자꾸누워있긴햇어요    일이나지낫지만 치료가끝나지않은거면 화상으로인한열이 잇을수잇나요   시국이이래서 코로나일까봐도 걱정이되고요 아기치료때문에 사람은거의만나지않지만 신랑은일하고 병원에서도접촉이잇을수있으니      드레싱을 그래도   일가야하는데 열이나서 출입제한이걸릴까봐걱정도되는데    일단해열제먹여서재웟습니다  괜찮을까요,응급의학과
125,허벅지 고데기 화상,오늘이   일차입니다 화상전문병원은 안갔고 집 앞 의원에서 처방받은 연고를 바르고있는데 위에가 어제 사진이고 밑에가 오늘입니다 나아지고있는건가요 ,응급의학과
126,손등 빨갛게 올라왔는데  화상  수포  습진  ,손등에 지난주부터 빨갛게 있던것 같고 빨간 부위는 동그랗지 않고 옆으로 길쭉해요 간지럽거나 따갑다는 느낌은 평소에 거의 없었고 오늘 유독 자극이 있네요  플래쉬 켜서 보면 가운데는 살짝 투명하게 물집처럼 아주 얕게 보여요  있는 것 같고 주변부가 빨간점들이 있어요  얼마전에 정수기에서 뜨거운 물받다가 살짝 튀었던 부분인가 싶기도 하구요     화상이나 수포인가요     병원에 가봐야할까요     가야한다면 어느과로 가야하나요    참고로 동네주변에 피부과전문의가 없습니다       Loading                  화질 선택 옵션,응급의학과
127,입속 화상은 어느 병원으로 가야할까요 ,치과 치료를 받던 중 사용하던 약물에 의해 입속 전체적으로 화상을 입었습니다     치과에서는 일반 소독약을 사용했다고 하는데 소독약으로 화상입는게 가능한 일인가요        구강 쪽 화상에는 어느 병원으로 내원해야 할까요  이비인후과로 가야할지   화상전문병원으로 가야할지        추천해주실만한 병원이 있는지 궁금합니다    가능한 서울 대전 부근이면 좋겠습니다 ,응급의학과
128,손가락이 촉감이 없어요 화상인가요 ,검지손가락 윗부분이 화상 입은것처럼 빨갛고 만졌을때도 감각이 멍멍한게 이거 화상인가요  며칠짼데도 첨에는 그냥 무시하다가 시간이 지나도 점점커지고있고 나을 기미가 안보이네요 혹시 이거 뭔지 아시는분은 알려주세요,응급의학과
129,심재성 도 화상, 월 일에 화상을 입고  번 내원한  일차 상태인데 심재성 도화상 맞을까요 ,응급의학과
130,패혈증  응급실에서도 치료가 가능한 질병인건가요 ,어제  일요일  새벽  시쯤 응급실에 가셨고 어제는 신장감염 진단을 받으셨습니다  그리고 오늘 패혈증 진단을 받으셨습니다  문제는 병원에 중환자실 자리가 없어 계속 응급실에서 대기중이시라고 합니다  패혈증이라는 것이 응급실에서도 치료가 가능한 질병인것인지를 모르겠습니다  의사는 조금만 늦었어도 큰일날 뻔 했다고 하시는데  빨리 중환자실로 가셔야 하는 것 아닌가요  그렇다고 병원을 옮기기에도 다른 병원의 중환자실도 대기중일까 하여 쉽게 병원을 옮기기도 어렵습니다  조언 부탁드립니다 ,응급의학과
131,어떤 상태인지 알려주세요,팔을 찍은 사진인데    화상을 입은건지    아니면 넘어지면서 생긴 상처인지    어떤 상태인지 모르겠어서요    알려주세요,응급의학과
132,응급실 대동맥박리 CT 질문이요,응급실가서 대동맥박리같다며 복부CT를 찍었는데요 췌장  담낭  볼때도 복부CT로 본다고 들었는데요 둘이 같은 복부CT 인건가요  제가 응급실에서 찍은걸로 췌장이나 담낭도 볼수있나요 ,응급의학과
133, 도화상 자가치료, 일전 뜨거운물을 엎어 데였습니다   시간동안 찬물로 화기빼주었고  과산화수소 소독후 비아핀 도포 거즈올려 테이프 붙였습니다  후에 색도 짙어지고  부분 갈색띔 간지럽고 물집없었는데 조금조금 생기더라구요  물집 생긴 부분에만 메디폼실버 붙여줬어요   아직열감 배출안된거같아  약바르고 거즈위에 수건으로 감싼 아이스팩 올려두었는데 이대로 치료 괜찮을까요  아니면 이제라도 병원가봐야할까요 ,응급의학과
134,이거 저온화상인가요 ,배찜질이를 하다가 자고 일어나니 배가 이렇게 되어있어요   한   분정도는 옷 위에서 하다가   분정도는 식어서 맨살에다 했는데 그 때 살짝    뜨거운데 따뜻했었거든요 그러고 잘 땐 뺐었는데 일어나서보니 배꼽 주위로 붉은기가 올라와있어요      저온화상인가싶어 일단 흐르는 찬물로 한번 열기내리고 화상연고 발라둔 상태인데 저온화상이 맞는지 흉이 남을지 궁금합니다   물집이나 통증은 없어서 저도 육안으로 확인한 후에야 증상을 발견했어요,응급의학과
135,화상치료 도중 코로나 확진이 되어 퇴원했습니다  질문  내공    ,제 동생이 태양광발전소 유지보수 일을하는데요  월 일 오후에 업무진행중에 합선으로 인하여 이마전체  앞머리 일부 눈을 제외하고 코 일부 손에 화상을 입었고 붕대를 하고있습니다  물론 화상전문병원에 입실하였구요 입실함과 동시에 코로나 검사를 했나봅니다  여기서 문제가 생기는데요  토요일 오전 제동생이 코로나 확진이 됬다고 병원에서 퇴원을해야한다고 하더라구요  그래서 일단 퇴원을 했고 자택치료 하면서 격리 끝나는때까지 자택에서 대기하고있습니다  아마 격리 종료전까지 코로나 대비가 된 병원에서 소독쯤은 할수있을거같은데요   코로나때문에 거진 일주일의 시간이 낭비되는 상황입니다  장기적으로 봤을때 피부에 문제가 될까요 ,응급의학과
136,발바닥 물집,사우나갔다가 발바닥 화상을입었는데 너무아프고 물집에서 물이 계속나오는데 이거 어떻게해야하나요    병원은 지금 주말이라못가고 물집을 잘라내야하나요   그냥 나두고 물만빼나요  너무 아파서 걷지도못합니다  내공    겁니다 ,응급의학과
137,화상 딱지  껍질  뜯어짐,검지손가락은  도화상  중지손가락은  도화상입어서 병원에서 일주일간 치료하다가 집에서 후시딘만바르고 드레싱은 안한지  일정도 지났습니다  지금 화상부분이 딱딱하게 딱지처럼 굳어서 손가락도 잘안굽혀지는 상태였는데  일하다가 껍질 부분이 살짝 까져서 벗겨지려고 합니다  이거 그냥 내버려 둬야 하나요  벗겨지는 게 자연스러운 과정인가요  낫고 있는 게 맞는지 궁금합니다,응급의학과
138, 도화상  수증기에 의한 화상 ,제가  일전에 압력솥의 증기에 의하여 왼손 네손가락이 익다싶이 하여 화상 전문 병원에 갔는데 소독하고 약바르고 메디폼 붙이는 치료룰 하더라구요   오늘 풀어보니깐 살이 따끔따끔하고 만지면 원상태로 안돌아오고 쭈글쮸글하면서 느낌이 이상한데 이거 원 상태로 나을수있을까요       그리고 몇주정도면 밴드 안붙이고 일상생활 할 수 있을까요   그리고 제가 알바를하는데 다친지 일주일만에 물 닿여도 되나요   성심성의껏 답변 부탁드립니다      손을 흉하게 다치니깐 너무 서러워서요,응급의학과
139,화상 상처,얼마전에 화상을 입고 물집이 터진 상태에서 라텍스 장갑을 끼고 접시 치우는 일을 했는데 지금 보니 이 상태가 되었습니다 땀에 녹은 라텍스가 늘러 붙은걸까요 아니면 그냥 딱지가 생긴걸까요 자주 라텍스가 땀에 녹아 늘러 붙습니다 ,응급의학과
140,허벅지에 뜨거운 물 쏟았을 때,커피포트로 끓인 물을 라면에 넣으려다가 엎질러서 허벅지에 그대로 다 쏟았어요    얇은 면바지를 입고 있었는데 너무 뜨거워서 바지 바로 벗고 찬물 샤워기로 허벅지에 대고 있다가 지금은 찬 물병을 발열부위에 대고있습니다   화끈거리고 만지면 따가운데   혹시  도화상 이상일까요      도부턴 물집이잡힌다는데 물집은 언제부터 잡히나요  ,응급의학과
141,손가락에 뜨거운 열기에 데였어요,전자레인지에서 비닐뚜껑을 열었는데 뜨거운 열기가 빠져나오면서 손가락에 데였는데 물집이 잡힌거 같애요  물집이 커지기 전에 찢으면 안될까요 ,응급의학과
142,화상 회복 과정 중 타라비드 안연고  ,손등  도 화상 후 회복 과정에 있습니다  아직 피부가 완전히 회복되지 않아서 빨갛지만 시간이 지나면 원래의 피부 색으로 돌아온다고 했습니다  근데 궁금한건 병원에서 타리비드 안연고를 처방해 주셨는데   안연고는 눈 안에   도포하는 약 아닌가요     만약 적절한 처방이라면   화상 상처 회복에 이 연고가 어떤 도움을 주고 있을까요    하루 몇번 며칠동안 발라야 할까요  ,응급의학과
143,상처 벌어짐,상처가 깊게 베이면 무조건 벌어지나요,응급의학과
144,깊은 상처에 포비돈,종사자분들께서 답변해주시면 감사하겠습니다  잘려고하다가 궁금해서요     깊은 상처에 포비돈을 사용하면 안 좋다고 들었는데  어느정도 되는 상처를 말하고 그 이유는 무엇인가요      만약 포비돈 사용이 안 된다면  생리식염수를 사용한 뒤 바로 메디폼을 사용하여 드레싱을 해야하나요      지혈대를 사용하여 출혈을 멈춘 깊은 상처에서  할 수 있는 응급처치는 무엇인가요   감사합니다 ,응급의학과
145,허벅지 화상 후 이거 괜찮은건가요 ,   도 고데기에 화상입은 즉시 흐르는물로 식히고 병원에가서 바르는약을 처방받아왔습니다 현재 상태인데 낫고있는중인건가요  아직 걸을때나 앉았다 일어나면 아프네요 옷이 닿아도 아프고요,응급의학과
146,저온화상 후 열감,사무실 책상 밑에 전기난로를 켜뒀었는데 어느날 왼쪽 정강이부분을 보니 난로의 무늬대로 저온화상을 입은 듯 빨간 게 보였어요 며칠 지나니 없어져서 대수롭지 않게 여겼는데 가끔 그 부위에 열감이 느껴집니다 아침 저녁 뭐 딱히 시간대가 있거나 뭐 따뜻한 공간이거나 그런 특별한 상황 은 없고 그냥 어느순간 그 부위가 열이 오르는 게 느껴져요 아직 저온화상이 낫지 않은걸까요  나아가는 과정일까요 ,응급의학과
147,몇도 화상일까요,  도의 물에 데였습니다   빨갛고 통증이 있는데 크게 물집이 보이진않습니다 현재  시간정도 지난 상태입니다,응급의학과
148,정형외과 응급실까지 다녀왔는데 목디스크라고 물리치료와 약만 처방해주는데 상태가 점점 심각해져서 지금은 움직이기도 앉아있기도 힘들어 같은 자세로,정형외과 응급실까지 다녀왔는데 목디스크라고 물리치료와 약만 처방해주는데 상태가 점점 심각해져서 지금은 움직이기도 앉아있기도 힘들어 같은 자세로 누워만있는데  그냥 약먹으며 시간이 지나괜찮아지길 기다려야하나요 ,응급의학과
149,어제 퀵보드 타다가 넘어져서 아스팔트에 머리를 부딛혔는데요,어제 퀵보드 타다가 넘어져서 아스팔트에 머리를 부딛혔는데요  이마가 좀 까지고 외상은 많이 심하지 않은데   서있다가 누울때나 누웠있다 일어날때 머리에 핑 하더니 막 어지리워서 잠깐 가만 있따 움직여야 되여  막 세상이 빙글 빙글 돌더라구여        이건 무슨 증상인가여   병원가서 CT 찍어야 되나여   일요일이라 아직 병원은 못 갔거든여,응급의학과
150,손톱에 살이 벗겨졌을 때,아기 손톱에 긁혀서 살이 벗겨졌는데 혹시 파상풍 등에 감염될 수 있나요  소독하고 벤드 붙혀놓은 상태입니다 ,응급의학과
151,칼에 손가락이 다쳤습니다 살점이 나갔고 지혈하는데  분정도 걸렸데      ,살점이 덜렁 덜렁 거려서 대충맞춰 지혈했는데  일요일 이라 어떻게 하는게 좋은지 몰 라 질문해봅니다,응급의학과
152,전문의와 일반의의 차이점은 ,궁금하네요 ,응급의학과
153,자가검진키트 다음날 두줄,어제 저녁  시정도에 검사를 해서 음성이였고 그걸 안버리고 있었어요 자기 전 까지만 해도 희미한 줄 하나 없었는데 다음날 일어나서 다시보니까 두줄이에요 양성인가요 ,응급의학과
154,봉고데기 화상    도와주세요,제가 고데기 하다가 실수로 떨어뜨려서 허벅지에 떨어뜨렷어요 너무 놀랏어요 엄청 뜨거워거 한    도 정도로 맞춰서 햇거든요    그래서 차가운물로 몇분동안 대고 얼음찜찔도   분이상 햇거든요 근데 아직도 계속 따끔따끔 거리고 아픈데 어떻게해야해요    심한건 아니겟죠  너무 따끔따끔거리고 뜨거운 느낌이 심한데 지금 잠 자도 괜찮을까요    화상연고도 지금 없어요     엌덯게 해야해요    도와주세여 제발      ,응급의학과
155,손가락화상,안녕하세요 오늘 컵라면에 물을 붓다가 물이 튀는 바람에 왼손 검지손가락에 물이 튀여서 곧바로 찬물에 식혔으나 손가락을 구부렸다 폈다 할때 통증이 동반되며 물이 튄부위를 만져도 통증이 동반됩니다 물집은 없는데 이거 화상인가요 ,응급의학과
156,가정용 레이저제모기 화상,제가 정확히 언젠지 기억은안나지만 한    달정도 전에 가정용레이저제모기 온도를  단계중에  단계로해서  숫자가높을수록 열이쎔  겨드랑이에 햇는데 제 땀이묻은줄모르고 해버려서 엄청나게 따끔하더라고요 그래서 그뒤로 계속 겨드랑이가 가끔 욱신해요 화상연고 바른뒤로 괜찮아졌지만 몇달이지낫는데 계속이런거면 병원에 가야하나요  눈으로보면 아무이상이없습니다 땀흘릴때 약간 욱신거려요 땀샘이 화상입은걸까요    겉보단 약간 피부안쪽이 욱신해요 답변부탁드릴게여,응급의학과
157,화상  손가락 색깔,제가 마스크 태우는 장난을 치다가 불붙은 마스크가 손에 떨어져서 물집이 생겼어요  저건 좀 뗀 모습이고요 근데 제 기분탓인지 화상 난 윗부분이 색깔이 좀 변했는데 무슨 문제 있는 건 아니겠죠,응급의학과
158,가스 스프레이 저온 화상   하얗게 일어났어요     내공    , 회성으로 꽂아두고 사람없는 밀폐된 공간에서 사용후 환기 시키는 방식의 공기 살균 스프레이인데요 사용법을 잘못 들어서 공기 청정 스프레이처럼 곳곳에 뿌리다가 계속해서 나오길래 고장난 줄알고 분사 부분을 만졌는데 드라이아이스처럼 엄청 차갑더라고요 얼마 후 지나고 보니 저렇게 하얗게 일어나 있네요     물집이 없어 저온화상은 아닌 것 같은데 상처에 들어가서 조금 따가운 것 같기도하고 물로 아무리 문질러 지워도 안 지워져요    밀폐된 곳에서 조금 마셨더니 매캐한 연기 마신 것 처럼 느낌도 이상하고 손 상태는 왜 이러는 건지 마셔도 호흡기나 건강에 괜찮은 건지 답변 부탁드려요  추측이 아닌 꼭 정확한 원인을 아시는 분들만 답변 부탁드립니다  ,응급의학과
159,화상치료 방법,지금 물집 다 터지고 이후 이제 이정도까지 완료 되었는데 어떻게 치료하면 될까요     일단 현재 독일에서 이 연고 받아서 왔어요  ,응급의학과
160,화상 상처,요리하다가 기름이 무릎에 튀었는데 그 부분이 빨갛게 상처 가 남았는데 살이 패였거나 하진 않고 빨개지기만 했는데 흉터가 남을까요  상처 없어지려면 어느정도 걸릴까요 ,응급의학과
161,화상 치유 과정 질문,뜨거운 토스트기에 데여 화상을 입었었는데요 상처에 하얀  노란 게 생겨서 여쭤봅니다 첫번째 사진이 데인 직후이고 두번째 사진 더 빨갛고 가까운 사진 이 현재 상태입니다 잘 낫고 있는 게 맞을까요 ,응급의학과
162,화상후에 연고 발랐는데 따끔 거려요,한  시간 준에 손가락에 유자차 쏟았는데 빨간 상태에서 안 가라 앉아서 노스카나 발랐는데 따끔 거려요 노스카나 바르면 안 되는 건가요  ,응급의학과
163,입술 화상 대처법 알려주세요    제발 빨리 부탁드립니다   ,제가 치킨너겟을 기르을 많이 넣고 집게로 튀기다가 그 집게로 다 익은 너겟을 집어 먹다가 집게쪽에 밑입술을 데였어요 데이자 마자 얼음으로   초 정도 있었긴 한데 사진을 보시면 알겠지만 입술 데인 밑부분이 하얗게 변하게 혀로 만지면 쭈글쭈글하고 물집 잡힌 느낌인데 어떻게 해야하나요        저좀 도와주세요,응급의학과
164,뇌출혈수술후 다른병원에서 추적검사,어머니께서 일주일전 지주막하출혈로 집근처 종합병원에서 결찰술을 받고 입원중이신데요  담당 주치의쌤이 너무 별로에요 맹장수술도아니고 뇌수술이면 엄청나게 큰수술인데 면담때도 설명도 대충대충 틱틱 쏘아붙이는 말투 묻는말에 대답도 성의없이 해주고 엄청 불친절해서 질문하거나 걱정스러워서 이것저것 물어도 성의도없고 그러니 못미덥고 괜히 더 불안하네요  안그래도 대학병원이나 더 큰병원에서 수술받지 못해 속상한데   워낙에 어머니가 응급상황이라 전원은 더위험해서 믿고 이병원에서 수술받은건데 퇴원하면 여기서 계속 진료도받고 추적검사도 할텐데 벌써 걱정이네요 혹시 수술은 여기서받았더라도 후에 검사라던지 관리는 다른 더 큰병원에서 받아도 되나요 아무래도 대학병원은 약도 더 좋고 모든게 더 낫지 싶어서요  그러신분들 있으신가요,응급의학과
165,심재성  도화상,화상입은곳이 어제부터가운데가 흰색처럼 변하는데 나아가고있는건가요  아니면 염증인가요   저정도면 심재성인가요 표재성인가요 ,응급의학과
166,치명적인 화상 질문,군인입니다  부상자 처치 공부하던중에 궁금한게 생겨서 질문 올려요  critical burn 은 tbsa   퍼센트 이상   도 화상이   퍼센트 이상  기도 손상  얼굴이나 손 발  생식기 화상   involvement of face  hands  feet or genitalia    circumferential burns  나이가   세 이하 혹은   세 이상  심장병이나 당뇨병 환자    등등으로 나눌 수 있던데  각각 이유를 자세히 설명해주셨으면 합니다  tbsa 퍼센트 는 왜 그런지 대충 이해는 가도 나머지는 왜 이걸 critical burn으로 구분하나 싶네요  얼굴이랑 손 발 생식기 같은 경우는 화상 면적이 작으니 critical 하지 않을 것 같은데   그리고 circumferential burns는 구글에서 이미지로 검색해보니 뭔지는 알 것같은데 상체가 아니라 팔다리 같은 경우라도 치명적 화상으로 구분하나요  나이같은 경우에는 그냥 단순히 회복능력때문에 그런건지  심장병이나 당뇨병 이력있는 환자는 왜 그런건지   다 궁금합니다    확실하게 이해하고 싶으니 자세히 설명해주세요 ,응급의학과
167,         일 정도에 화상 입어서  틀 뒤 동네 병원 가서 항생제 주사 맞고 계속 치료 중이긴 한데 상태가 더 심해진거 같고 엄청 아픈데,         일 정도에 화상 입어서  틀 뒤 동네 병원 가서 항생제 주사 맞고 계속 치료 중이긴 한데 상태가 더 심해진거 같고 엄청 아픈데 괜찮은가요  큰 대학병원나 응급실 가야되는건가요  마지막 사진이   분 전 찍은 사진 입니다 ,응급의학과
168,화상을 입었는데요  ,안녕하세요 제가 일요일에 뜨거운 물을 손가락에 부어버려서 화상을 입었는데요    제가 그 다음날에 화상연고를 사서 발라줬거든요 물집은 아직 나지 않았는데 문제는 화상 부위가 너무 애매합니다    정확히 말하면 엄지와 검지의 중간 여린살인데요 제가 오른손잡이라 필기할 때나 젓가락질 등등 할 때 그 부분을 접촉할 수 밖에 없는데    그 부분에 부딪힐 때마다 너무 아프고 따갑습니다    살이 얇으니까 밴드는 계속 볏겨지고   붕대를 감아야하나 생각중인데 또 붕대를 감자니 통원치료를 해야할 정돈지 고민되서요     빠른 답변 부탁드려요   ,응급의학과
169,뇌수막종 수술 후 미열 및 통증 병원 가야할까요 , 일전에     도여서 타이레놀먹으니까 담날부턴          도 왔다갔다 합니다  뇌수막종 수술은  주전에 했고  현재 다리 한쪽에 힘이 없습니다 종양이 운동신경쪽을 누르고 있었어서  그런 상태에서 청소하다 바닥에 넘어졌는데 그때 가슴을 바닥에 찍었습니다  정형외과가서 x ray 찍은 결과 실금 또는 강한 타막상이라 시간이 해결해줄거라는 말만 들었습니다  미열기있고 가슴 뼈 아프고 숨이 차는데 만성폐쇄성폐질환도 있음  집 근처 큰 병원에 가보는게 좋을까요  폐렴일까요  무기폐  이런걸까요    기저질환도 있고 걸리는게 많아서 그냥 다쳐서 아픈건지 수술후 후유증이 생긴건지 뭔지 알수가 없습니다  병원은 어디과로 가면 될까요 ,응급의학과
170,자발성뇌출혈,모야모야증후군이 의심되고  뇌출혈이 일어나  차병원중환자실에서 치료 받으며 뇌안정을 기다리고있어요    내실외 배액술을 응급실간 당일에 두번했습니다  뇌내출혈 뇌내실출혈이라 하고 현상태는 입원당일보다 의식도 있고  팔다리도 움직이고 어디인지도 이야기하고 의사들도 희망적이라 하네요  그런데 CT를 보니  뇌 한쪽혈관이 많이 손상되어 절망적입니다   코로나라  차병원에서는 구급차를 받아 주지않았어요  보호자인데 어쩌면좋을지요      ,응급의학과
171,,,
172,,,
173,,,
174,,,
175,,,
176,,,
177,,,
