,6,7,8
0,목에 혹  , cm이하로 보이는 작은 몽우리가 잡히고요 통증은 심하지 않아요 누르면 조금 아픈정도 이고요 오른 쪽에 하나만 있는줄 알았는데    개 있는 것 처럼 보여요 위치는 옆턱선 쪽 밑으로 어깨와 턱 사이 중간쯤에 위치했더라고요  또 최근에 목이 뻐근했던 적이 꽤 있었어요  이거 무슨 문제가 있을까요 ,마취통증의학과
1,꼬리뼈가 디지게 아파요,안녕하세요 초 입니다 꼬리뼈가 아픈지는 좀 오래됐습니다 근데 일상생활에는 지장이 있을정도는 아니고 윗몸일으키기를 할때 의자에 앉을때등이 좀 아팠어요 근데 이 근래에 갑자기 너무 아파서 일상생활이 힘들정도 입니다 의자에 앉는게 너무 힘들어요 꼬리뼈가 툭튀어나온거 같기도 하고 너무 심하게 아픕니다 이번 겨울에 매주 스키장에 갔는데 꼬리뼈게 무리가 온건가요 ,마취통증의학과
2,발뒤꿈치 통증,한  일전인가 그때부터 왼쪽 엄지발가락 밑 발뒤꿈치쪽이 너무 아파요   가만히 있을때는 안아픈데  통증 부위를 누르거나 걸을때 너무 아파요   넘어지는것처럼 특별한 원인은 없는 것 같은데 갑자기 왜이럴까요 ,마취통증의학과
3,맹장    오른쪽 아랫배통증,안녕하세요 고  여학생입니당  일어난지  시간됐는데 좀전부터 오른쪽 아랫배 부분이 시리다고 해야되나 쑤시고 찌릿해요    그 허벅지윗부분과 아랫배의 사이요  생리는 엊그제끝났고 다른 증상들은 딱히 없어요  이 글쓰는 지금도 콕콕 쑤시고 아픈데   아 어제부터 안하던 스트레칭 하긴했는데 그것때문에 알 베긴걸까요     빠른답변 부탁드립니다  ,마취통증의학과
4,허리가 너무 아픕니다,평균 일주일에 한번쯤은 통증온적이있고요  어제같은경우에는 잘려고 누웠는데 통증이 계속 심해 아침까지 잠도 못잤습니다  또 동시에 속이 답답하여 구토도 한번했습니다  점심은 지나니 또 잠잠한데요  이건 무슨 증상인가요  병원을 가야하면 어디 의학을 가야할까요  ,마취통증의학과
5,무릎 통증 질문,반신욕이나 씻고나서 무릎을 접으면 땡기듯 물이 찬거같은 느낌도 도는데 혹시 물찬 건가요 ,마취통증의학과
6,스트레칭하다가,의자에 기대서 등을 쭉 펴줬는데 갑자기 찌릿하더니 왼쪽 뒷목부터 날개뼈쪽이 너무 아파서 움직이지를 못하겠어요 해결법 없나요 ,마취통증의학과
7,왼팔 통증,금요일 저녁식사 도중 갑자기 숨들여마실때 가운데가슴에서 통증이 있음과 동시에 왼팔이 저릿한게 느껴졌어요 이틀이 지난 지금 가슴통증은 왼쪽가슴쪽으로 약간 치우쳤지만 처음통증보다는 많이 약해졌고요 문제는 왼팔인데 어제와오늘 왼팔안쪽이 저리면서 등뒤쪽 날개뼈라인의 통증이 있고 겨드랑이뒤쪽도 통증이 있구요 목통증은 없어요  이런증상은 목디스크일가능성이 높을까요  어디병원을 가야하죠   수원이나 안양쪽 추천좀 해주세요,마취통증의학과
8,무릎외측부위통증,안녕하세요  제가 평상시에는 아무렇치않고 스쿼트  계단도 아무통증없이 잘 오르내립니다 하지만 달리기만 하면 해당 외측부위 끊어질거같은 통증이오고 뛰고난후 계단오르내릴때 끊어질거같은 느낌이 듭니다 디딜때마다 아파요    신기하게 하루 이틀 쉬면 또 괜찮아집니다,마취통증의학과
9,남자 오른쪽 아래배 통증,제가 어제부터 명치쪽부터 뭔가 가스가 찬 느낌이 들구 오른쪽 아랫배를 누르면 통증이 있습니다 눌렀다 떼면 통증이 있는데 왜이런걸까요    병원가보고싶은데 주말이라서 못가요    응급실이라도 가야하나요 ,마취통증의학과
10,척추마취 합병증,척추마취 이후 이틀째부터 두통이 심해지고 삼일째부터 속이 너무 매쓰거운데 이 증상 언제 없어지나요  너무 고통스럽네요,마취통증의학과
11,목을 움직일때 아파요,한 일주일 전부터 목 스트레칭을 시작했는데 오늘도 스트레칭을 하다 목을 제기준왼쪽으로 움직일때 통증이 생겼어요 통증을 없애는 방법과 이게 뭔지 설명해주실분 그리고 왼쪽목이랑 오른쪽 목을 만져봤는데 왼쪽목이 굳어있는 느낌이에요,마취통증의학과
12,남자 가슴통증,지금 누워서 움직이거나 만지면 아픈데 가끔 안만질때도 아플때가 있긴 있어요 병원을 어디로 가야되나요   ,마취통증의학과
13,  대 척추통증,안녕하세요 저는   살 여자입니다  며칠 전부터 목 밑에 뼈  척추  통증이 살짝 왔는데 점점 심해져서 앉아있어도 통증이 느껴져요  그리고 척추랑 연결이 돼서 그런지 머리도 띵 하고 팔도 아려오는데 괜찮은건가요      원래부터 자세도 안좋고 구부정해서 이런 참사가 일어난거가타요오오     ,마취통증의학과
14,Crps  ,티비보다가 crps라는 병에 대해 알게되었는데   너무 무섭더라구요   발생할 가능성이 희박한건가요    안면윤곽이나 양악같은 성형수술로도 발생할 가능성이 있나요   ,마취통증의학과
15,배 아래쪽 콕콕 쑤심,요즘에 제 기준 왼쪽 하복부 방광쪽  부분이 자주 콕콕 쑤시고 통증이 있다가 없는데 정상인가요 ,마취통증의학과
16,엉덩이통증이 너무심합니다 ,엉덩이통증으로 밤을샌지 이틀째입니다   주말이라 병원도 못가네요   한번도 이런적이없었는데 정확히 어디가아픈지 애매하게 계속 땡기고 욱신거려서 잠에들수없습니다    운동을 잘못한 탓인지 전립선염 때문인지   하루에 가끔 움직이면서 몇번아픈게 아니고 하루종일 아프네요 정확히 이부위다  이런느낌도없습니다   그냥 엉덩이와 허벅지라인쪽으로 아프네요  살짝저리기도하구요  그냥 스트레칭하고 버티면 괜찮아지는걸까요   ,마취통증의학과
17,왼쪽 허벅지 뒷쪽 통증,뒷모습이라고 했을때 저 부분이 당기듯이 아파요 딱히 운동도 안하는데    뭐 때문일까요,마취통증의학과
18,발바닥 통증,어제 갑자기 전기오듯이 찌릿찌릿 하고 슬슬 아파오네여   심하게 운동한것도 아니고 쪼이는 운동화 신지도 않고 그랬는데  ,마취통증의학과
19,허리통증 질문드려요  ,  살 남자인데요    저번에 엄마 도와드린다고 앉아서청소하다 일어날때 갑자기 허리에 압력을 받는 느낌을 받고 허리가 좀 많이 아팠었는데요   허리 문제인지는 잘 모르겠는데 엉덩이랑 등 사이 뼈같은게 있잖아요   엉덩이 바로 위쪽 이부분이 뭔가 잘못된느낌이 들고 계속 굽힐때마다 통증이 심해요   제가 평소에 밖에 잘 안다니고 책상에 많이 앉아있는데요   오늘 밖에서 해야할게 많아서 조금 돌아다녔더니 허리가 아픈거 같네요   굽힐때마다 아파서 고생중인데 이거 뭔가요   ,마취통증의학과
20,여자 오른쪽 아랫배 통증,오른쪽 아랫배가 걸을 때마다 너무 아파요 통증 시작은 좀 오래 됐는데 예전에는 가끔씩 아파서 맹장인가   생각했지만 너무 오랫동안 가끔 아팠다가 안아팠다가 반복 하길래 아닌 거 같았구요 이제는 거의 매일 통증이 있어요 무슨 문제 일까요,마취통증의학과
21,척추 통증,  살입니다  갑자기 척추 윗쪽이 너무 아파서 허리를 못 펴겠어요   엄마는 집에만 박혀있어서 그렇다고 화를 내셔서 뭐 어쩌지도 못하겠는데 어떡하죠    등을 굽히고 있으면 많이 괜찮아요 ,마취통증의학과
22,손목 통증,손목이   도로 아예 안꺾여지는데 이건 무슨 증상인가요,마취통증의학과
23,등 통증   옆구리 통증,오른쪽 등 옆구리쪽 그림 보시면 빨간표시 부분이 간헐적으로 자주 쿡쿡 쑤시듯 당기고 아파요  어디가 안좋아 그러는지 궁금하네요,마취통증의학과
24,발바닥통증,안녕하세요 제발바닥입니다 그림의 저부위가 딱딱하고 누르면 아픕니다 대수롭지않게 꾸등살이라고생각했습니다 티눈같기도 합니다 칼로 도려내야할듯한데 어느병원가야합니까 ,마취통증의학과
25,무지외반증 평발,혹시 궁금해서 그런데 무지외반증이 심해지면 평발이 나아지나요 ,마취통증의학과
26,턱밑 통증,오늘자고일어났더니 귀밑에 옆턱 밑이 욱신거리네요 양쪽다요 입 벌려도욱신거리구요 심하게아프진않는데 욱신거려요  며칠 되도아프면 어느병원으로가야하죠 ,마취통증의학과
27,손목 손가락 통증,원래 오른쪽 손목이 아팠었는데 지금 오른손 엄지 바깥쪽 뼈 가 아파요   구부리면 멍 누르고 있는 거 처럼 아프고 그냥 있으면 가끔 가다 욱씬 하는 정돈데 왜 아픈 건가요  ,마취통증의학과
28,요로결석 인가요 ,허리가 아프면서 생식기 부분에 통증이 심하네요,마취통증의학과
29,등허리 통증 ,몇시간씩 서서 일하느라 등허리가 계속 아픈데 뭘 해주는 게 좋을까요 파스 붙이거나 찜질이나 그런것두 도움이 될까요      일할때나 앉아있을때도 계속 아프네요,마취통증의학과
30,아무이유없이 새끼발가락 통증,뭐 다친적도 없고 어느날 걷다가 새끼발가락이 아픈거에요 그래서 일어나면 괜찮겠지 싶었는데 새끼발가락이 너무 아파요 가만히 있으면 괜찮은데 옆쪽이 아파서 걷다가 옆쪽으로 걷게되면 상처 누르는것같이 아프구요 눌렀을때도 안아프고 만졌을때도 안아픈데 옆쪽으로 걸으면 아프더라고요 새끼발가락을 옆쪽으로 하고 서있을때도 아프고요 봤을때도 별 이상 없는데 왜이럴까요 ,마취통증의학과
31,자고 일어나서 어깨 통증,팔을 위로올리고  그 팔을 배고 엎드려서 자는 버릇이 있는데요  고치려고 노력하다가 어제 다시 저 자세로 잤더라고요  일어나서 어깨가 너무 아팠지만 오늘 하루 지켜봤습니다   그런데 통증이 없어지지 않아서 오늘 잘 수 있을지 고민이에요  서있을 때가 덜 아프고 앉거나 누우면 통증이 심해져요   통증은 찌르기보다는 근육을 누가 꽉 누르는 통증이에요  시큰거리기도 하고요  상부긍모근부터 중부 하부 날개뼈 어깨 이렇게 통증이 있고 어깨랑 상부승모가 가장 고통이네요   이게 뭔지 또 오늘 밤에 견딜만한 스트레칭 같은 것이 있는지 궁금합니다 ,마취통증의학과
32,오른쪽 갈비뼈 안쪽 통증,안녕하세요   살 남성입니다 며칠전부터 오른쪽 갈비뼈 안쪽 부분이 살짝 근육통 마냥 찌릿찌릿 하고 아픈데 가만히 있으면 하나도 안아프고 그저께도 격한 운동을 했는데도 안아팠습니다 근데 허리를 왼쪽으로 비틀거나 누웠다가 일어났을때 통증이 심해요 근육통도 아니고 뼈에도 이상 없는거 같은데 어디 병원을 가야하며 무슨 병명인지 잘 모르겠습니다,마취통증의학과
33,팔통증이유해결방법좀,오늘 친구가 알바 도와달래서 설거지 하는거 도와줬는데요      시  분부터  시까지 계속 설거지만 해서 그런지 팔 앞부분이 붓고 통증이 너무 심해요    누가 세게 땡기는 느낌  갑자기 팔을 많이 움직여서 그런것 같은데 어떻게 해야 좋을까요 만약 안났는다면 어디병원에 가야하나요  ,마취통증의학과
34,전방십자인대파열 재건수술 받을 예정인데요,제가 다음주에 전방십자인대파열 재건수술을 받는데요 알아보니까 전방십자인대파열 재건수술 받은 후에는 재활을 해야 한다고 하더라구요 근데 병원에서는 저보고 재활은 알아서 해야한다고 하는데 꼭 해야하는거에요  안해도 된다고 하면 전 안하고 싶은데 전방십자인대파열 재건수술 받고 재활 안하면 어떻게 돼요 ,마취통증의학과
35,골프엘보 딱 그 증상인지   ,얼마전에 골프를 시작해서 몇번했는데 어제부터 갑자기 팔꿈치가 아프기 시작해서요 순간 드는 생각이 골프엘보인가 싶더라구요 팔꿈치 안쪽 부분이 아프면 골프엘보라던데 저는 아프기보다는 시큰하다고 해야하나 저리다고 해야하나 그런 증상이 있는데 골프엘보 맞나요 ,마취통증의학과
36,발가락 통증   발가락도 삐어요     ,오늘 아침에 방에서 넘어졌는데 어떻게 넘어진건지는 모르겠는데 넘어지고 나서부터 발가락이 아팠는데 통증이 사라지지 않아요    부러진건 아닌거 같고 발톱도 그대로 있는데    발가락도 삐나요  발가락 통증은 어떻게하면 없어지는거에요  발가락 움직일 수 있는거면 뼈 부러진건 아니죠     발가락 통증 낫는 방법 좀 알려주세요  ,마취통증의학과
37,척추관협착증 치료 좀,제가 척추관협착증 환자인데 작년에  월쯤인가 척추관협착증 진단받고 치료는 한번하고 안했는데 요즘에 허리가 좀 많이 아파서 치료 받아볼려고 하는데 척추관협착증 치료는 어떻게하는지 알려주세요,마취통증의학과
38,스테로이드 주사,마취통증의학과랑 정형외과 겸하는 병원에서 관절통증때문에 치료일환으로 스테로이드 주사를 여러번 맞았는데요 스테로이드 주사 놓는다는 말씀은 하셨지만 그 주사에 관한 정보  그런거는 설명을 안해주셔서 통증 줄여주는거에 치료상 필요한가보다 생각했는데    관절부위에 주사 맞은 부분이 백색증처럼 하얘요    모세혈관도 다 드러나 보이고    지금 주사맞은지  개월 정도 지났는데요 아직도 처음때와 상태가 같아요 원래 피부색으로 돌아오거나 하는 현상이 보이질 않아요  이거 스테로이드 주사 맞으면 피부 원래 이렇게 되나요  원래 피부색으로 안들어오나요  부위도 넓어서 발목 앞부분과 발 뒤꿈치 아킬레스건 부분이 스테로이드 주사 여러번 맞은 부위라 많이 하얗습니다  미혼여자인데 지금 피부가 이러니까 피부 드러내야하는 여름이 벌써부터 두려워요   앞으로 계속 이런 상태라 살아야 하나요      사진은 아킬레스건부위인데 앞쪽 발목 부분도 저 사진처럼 하얗습니다 ,마취통증의학과
39,정강이 통증 때문에  ,갑자기 몇일 전부터 걸을때마다 정강이가 너무 아프길래 네이보로 검색을 해봤는데 정강이 통증인 거 같더라구요   제가 일요일에 좀 많이 걸어야해서 빨리 낳고 싶은데 어떻게 해야하나요  ,마취통증의학과
40,가슴 왼쪽 가운데 뼈 누르면 통증,  대 여성입니다 사진처럼 왼쪽 가운데 가슴 쪽이 아파요 일상생활 할 때는 불편한감도 없고 아프지도 않은데 누르면 멍 든 것 처럼 아파요 반대로 오른쪽으로 만져보면 오른쪽은 안아파요 왜 그런거죠  늑연골염  이런건가요  담배를 피우는데 혹시 담배 때문에 아플 수도 있나요  병원을 가려면 어느 병원을 가야하나요 ,마취통증의학과
41,왼쪽 가슴 윗부분 통증,안녕하세요   살 남학생입니디 최근들어 왼쪽 가슴 윗부분이 전기오는듯한  찌릿한 통증이 자주 옵니다 아침에 일어나면 어지러울정도로 가슴이 빨리뛰는듯한 느낌도 있고요 방학이라 생활이 달라진건 없는데 뭐 문제 있는걸까요   아 그리고 이 통증과 관련있는지는 모르겠으나 일주일전부터 갑자기 온몸에 두드러기같은것도 생겼습니다,마취통증의학과
42,여자손 핏줄,손에 핏줄 없애는법좀 알려주세요       조금 마른편이여서 그런건지 모르겟눈 데 핏줄이 보여요              입니당  핏줄 손에 보일때마다 넘 스트레스받아요        레이저 치료 같은걸 받아야하는걸까용     ,마취통증의학과
43,오늘 의자에 앉아서 숨쉬는데 담이걸린건가요,오른쪽 뒤 갈비뼈쪽에 갑자기 통증이있더니 오른쪽으로몸을 틀면 계속 아파요   담걸린게맞나요  얼마나갈까요    어떻게풀어줘야하나요   ,마취통증의학과
44,등 허리 통증 질문입니다,사진에 파란 부분에 통증이 있습니다 작년  월부터 아프기 시작했습니다 일할때는 통증이 거희없고 어쩌다 가끔 숙일때 허리쪽 땡기는느낌하고 승모근쪽과 등상부쪽에 뻐근한 느낌이 있을때가 있긴한데 아픈지는 않고 일하는데 전혀 지장이 없습니다 근데 일끝나고 퇴근시에 걷다보면 통증이 옵니다 특히 허리쪽에 통증이 심하고 골반쪽에도 통증이 오네요 집에 도착하고 씻고 나오면 통증이 조금 덜하고 등쪽에 근육이 땡기는 느낌이 심해지고 자고 일어나면 뻐근함이 좀 있고 출근하고 일하다보면 괜찬아집니다 이게 계속 반복되고 주말에 쉴때는 안아픕니다 가끔 뻐근할때도 있긴한데 통증은 없네요 정형외과 가니 그냥 근육통이라고 하고 허리주사 근육이완제 주고 말고 재활의학과 가서 주사맞고 도수치료 회를 받았는데도 통증이 그대로 이네요 답답하네여 낫지않아서 어떻게 해야되는지 궁금합니다,마취통증의학과
45,복부운동 골반 뚝 소리 통증,복부운동할때 두 다리를 들어올렸다가 내리는 동작할때 양쪽 골반에 뚝 소리 나면서 오른쪽 골반에만 통증이 있는데 오른쪽 골반은 무슨 골반이 뒤틀리는 느낌이 나요      처음엔 안그랬는데 어느순간 나기 시작하고 났다가 안났다가 하는데 이제 하기만 하면 그럽니다 이게 뭐죠    복부운덩 계속해도 되는건가요   ,마취통증의학과
46,팔 통증 알려주세요,어제 제가 운동을 하다 팔이 갑자기 꺽여서 어깨를 돌릴때마다 통증이 있어요 심한건 아니고 돌릴때 마다 찌릿찌릿한 느낌이 드는데 이게 근육이 놀라서 그런건지 다른 문제가 있는지 궁금해서 질문해요,마취통증의학과
47,코로나 검사,제가 일요일에 노래 부르다가 목이 안 좋아진것 같은데요  아직도 아파서요  근데 그렇게 아픈건 아니고 건조한학느 건조하니깐 약간 따끔한 정도에요  근데 엄마가 코로나 검사 안해조 된닥느 그래서 약간 걱정 되기도 해요  어떻게 해요   내공   ,마취통증의학과
48,척추마취 후유증,척추마취 맞고나서 맞은쪽 척추가 아픈데 이거 후유증인가요  마취는 했지만 아예 안됐습니다,마취통증의학과
49,어깨 통증,오른쪽 어깨가 너무 아픈데 아까 좀 주물러서 그런걸까요     왜 아플까요,마취통증의학과
50,갈비뼈 통증,요즘 왼쪽 갈비뼈가 큰 못으로 쑤시듯이 아파요 밥을 먹고나서 숨을 들이쉴 때 특히 자주 아프고 공복 상태에서 가만히 있을때도 아플때가 있어요 예전에는 안 그랬는데 최근에 아프기 시작했어요 이럴 때에는 어느 병원에 가야 하나요 ,마취통증의학과
51,요추염좌 치료 냉찜질 다음에,허리를 삐끗해서 요추염좌 치료를 하려고 하는데 우선 냉찜질을 해줬거든요  다음엔 뭐 하는게 좋아요  심하진 않은데 요추염좌 치료 꼭 병원에서 받아야 하는 건 아니죠  집에서 할 수 있는 요추염좌 치료 좀 알려줘요 ,마취통증의학과
52,허리통증 원인 디스크일 가능성TT,허리통증 원인이 궁금한데 요즘 허리디스크로 고생하는 분들 많잖아요  저도 그럴까봐 걱정이 되는데 허리통증 원인이 허리디스크일 확률이 얼마나 될까요     일 아플 때는 가벼운 증상일 거라고 생각했는데 일주일이 넘어가니 걱정이 되네요  TT,마취통증의학과
53,족부발목 전문병원 서울 안에서,족저근막염때문에 족부발목 전문병원에 가려고 알아보고 있는데 어디를 가야 잘 갔다고 소문이 날지 고민하다가 그냥 여러 치료가 가능한 족부발목 전문병원에 가보자 해서 가려고 하는데 또 막상 가려니 못 고르겠네여 여러가지 치료 받을 수 있는 족부발목 전문병원 좀 알려주세여 일단 서울 안에서 어디든,마취통증의학과
54,손가락 통증 더더 심해졌음,한달전부터 손가락 통증이 있었는데 지금 더 심해져서 병원을 예약했는데 혹시 손가락 통증이 어떤 병인지 알 수 있을까 해서 여기에 글을 올려요 제가 두달전에 단기 아르바이트로 공장에서 뭐 끼우는 일을 했거든요 제 생각에는 이거때문에 손가락 통증이 생긴거 같은데 혹시 어떤 병일까요,마취통증의학과
55,손통증 심하진 않은데 계속있어,손통증이 찜찜하게 오래가요 많이 아픈게 아니라 이런 이유로 병원에 가면 갈 일이 많잖아요 그래서 그냥 손통증이 생겼을 때 보호대 해주고 일할 때만 빼고 가볍게 스트레칭해주고 그랬거든요 근데 손통증이 심하진 않아도 낫지 않고 계속 있으니 걱정이 되긴 합니다  왜 이래요  찌릿하고 찜찜하게 아프고 물건을 잡을 때 힘든 느낌이 있어요,마취통증의학과
56,무릎퇴행성관절염 운동 까다롭던데,들어보니깐 무릎퇴행성관절염 운동해야 더 나빠지지 않는다고 하는데 이게 맞아요  전에 무릎퇴행성관절염 운동도 하지 말고 무릎 최대한 사용하지 않는게 좋다고 들었던 기억이 있어서요  무릎퇴행성관절염 운동해도 되는거 맞아요   아니 하는게 좋은게 맞아요   ,마취통증의학과
57,무릎 점액낭염 운동을 하긴 했는데,무릎이 화끈화끈거린다는 표현이 맞는거 같은데 뜨겁고 그래서 검색해 보니깐 무릎 점액낭염이 뜨는데요 제가 맞나해서 질문이요 저는   대라 아직 관절염은 아닌거 같은데 요즘에 운동을 좀 많이 했거든요 배드민턴이요 다친 적은 없고요 근데 무릎 점액낭염이 운동 많이하면 생길 수 있다고 하는데 이게 애매한게 많이 한다는 기준을 모르겠는거예요   무릎 점액낭염일 가능성이 얼마나 될까요 ,마취통증의학과
58,전방십자인대파열 재활운동 팁이 있다면,지금 전방십자인대파열 재활운동을 하고 있는데요  요즘 외출하기 두려워서 재활 횟수를 좀 줄이려고 하는데 듣기로는 전방십자인대파열 재활운동이 중요하다고 들어서 집에서 관리하려고 합니다  근데 횟수를 줄인건데 물리치료사쌤한테 전방십자인대파열 재활운동 팁 알려달라고 하기가 좀 그래서요   대신 부탁드려요,마취통증의학과
59,왼쪽 엉덩이 밑 통증,갑자기 왼쪽 엉덩이 밑  왼쪽 뒷 허벅지 제일 위가 아파요 왜그런걸까요 ,마취통증의학과
60,무릎연골 치료방법이 궁금해요,올해   년생인 남자인데요  젊을때 무릎을 너무 험하게 써서 그런지 연골이 많이 닳았어요  생활하는데 지장은 없는데 옛날처럼 미친듯이 뛸수가 없어요  좀 뛰면 금방 피로해지고 통증까지 생기는데요  이거 혹시 치료방법이나 개선할수 있는 방법없나요 ,마취통증의학과
61,수면마취 질문이요,저가 저번주 금요일날 수면마취하고 위 대장 내시경을 했는데 주사  같은거 맞는데 처음 잘못 놓으셔서 왼쪽 엄지손가락 밑에 쪽  에 주사를 맞았는데요 아직도 멍이 들어있어서요   언제쯤 빠질까요 ,마취통증의학과
62,허리통증 도수치료,허리가 엄청 아픈 상황에 엄청 아프게 도수치료를 하여 더 아작날 만큼 아파서 다른 병원에 갔더니 허리 통증이 심한 상태에서는 도수치료하면 안 된다고 하더라고요 그래서 이 다른 병원에서 진통제와 근육이완제    맞으니까 바로 좀 괜찮아졌습니다 처음에 가서 고슈치료 받았던 병원 어떻게 할 방법 없을까요   허리 너무 아파서 이틀 장사 못 했습니다    ,마취통증의학과
63,옆구리 배 통증,왼쪽 옆구리가 콕콕 쑤시고 아랫배를 누르면 좀 아프고 그런데 임신증상인가요 아님 그냥 딴 병인가요,마취통증의학과
64,무릎 통증,제가  달전쯤 줄넘기를 안하다 하였는데 일주일 후에 오른쪽 무릎이 아파서 병원에 가봤는데 뼈에는 증상이 없고 운동을 안했다가 해서 통증이 있다고 하셨어요 그 후로  주정도 쉬면 괜찮겠지 하고 쉬었는데 지금까지 무릎에 통증이 있네요 그리고 걸을 때 좀 불편하고 무릎에서 가끔씩 딱 소리가 나요  고등학교  학년입니다 내공    ,마취통증의학과
65,발등부분 뼈,사진에 표시해놓은 부분이 가만히 있을때도 통증이 좀 있고걸어다닐때 통증이 조금 심한데 다친적이 없는데 갑자기 아픈이유가 뭘까요 어제부터 아프기 시작했는데 인대가 늘어난건가요 ,마취통증의학과
66,발 바깥쪽 통증,제가 어제 서서 신발을 갈아신다가 왼쪽으로 발을 삐끗했는데 걸을 때 욱신욱신 하네요 엄청 심각해서 못 걸을 정도는 아닌데 운동하는 사람이라서 걱정이에요 심각한 걸까요     사진에 체크한 부분만 아파요,마취통증의학과
67,종아리  ,앞근육이랑 뒷근육이 자주 아파요 조금만 걸어도 통증처럼 뭉친 느낌이 들고   분정도 서 있어도 종아리가 아파요 아픈지 일주일 정도 되었어요     이유가 뭔지   어디 병원을 가야 되나요  ,마취통증의학과
68,수면마취 코수술,수면마취 하는 수술 할 때 코수술 한 사실을 말하지 않아도 괜찮겠죠  뭐 산소호흡기 라던가 할 때 코수술 여부랑은 아무 상관 없겠죠  ,마취통증의학과
69,새끼 손가락 부러진것 같아요,동생이 새끼손가락을 좀 쎄게 쳤는데 새끼 손가락 구부릴때 마다 아프거 손가락 밑에쪽이 너무 아파요 계속 통증도 느껴지는데 이거 부러진건가요   새끼 손가락에 자 대고 있었는데도 아파요,마취통증의학과
70,정말 급해요  ,내일 발목 핀 빼는 수술을 하는데 부분 마취를 한다는데 무릎 뒤쪽 마취랑 사타구니 부위 마취라는데 정말 그 파이어 에그에다가 마취를 하는건가요  아니면 그 근처에 마취를 한다는건가오  근쳐라 하면 제 소중이를 다 보여드려야 하는 건가요 ,마취통증의학과
71,손 통증에 대해,오늘 아침부터 계속 특정부위가 너무 아픈데 원인을 못찾겠어요       사진에 있는 흰색 부분이 양쪽 손 다 아파요  ,마취통증의학과
72,다리 쭉 피면 오른쪽 다리 통증,사진에 표시한쪽이 다리를쭉피거나 활동할때 아파요 왼쪽은 안아프고 잘 펴지는데 오른쪽만 살짝만펴도 아파요 왜그러는걸까요 ,마취통증의학과
73,팔 통증 타박상,어디에 언제 부딪혔는지는 기억이 안나지만 멍들고 붓기가 있는 걸로 봐서는 좀 심한 타박상이라고 생각하는데요  손이나 팔을 많이 쓰고 힘도 많이 주는 일을 하는지라 아프고 난 이후에는 몇시간 일하면 물건을 잡기도 힘들게 아픕니다      손목과 팔꿈치 중간 지점의 팔이라 뼈가 잘못됐다거나 발목처럼 인대가 자주 늘어난다고 생각하지 않아서 궁금해서 여쭤봅니다  그냥 단순히 심한 타박상일까요    아님 그 손으로 뭘 들기도 힘들만큼 통증이 심해지는데 다른 부위에 문제가 있는걸까요  ,마취통증의학과
74,마취하고 부작용은 없나요 ,마취하고 몸이 안움직인다거나 다른 부작용이 있나요 ,마취통증의학과
75,두통과 헛구역질,백신 맞고 나서 두통이 조금씩 있었고 헛구역질은 위염 때문에 그런거 일수도 있는데 자세히는 모르겠어요 백신 맞은지  일차인데 두통이 계속 있다는건 좀 아니지 않나요 이것도 혹시 백신 부작용 인가요 백신 맞고 머리 아파도 타이레놀 안 먹었는데 이제와서 타이레놀 먹으면 안되겠죠    먹어도 되나요  ,마취통증의학과
76,반월상연골 방사형 파열 절제술 봉합술 후 물참,안녕하세요 반월상연골 파열로 절제술 봉합술을 받고  주차에 들어가고 있는데 땅에 발은  주후 부터 닫으라고 하셔서 땅은 한번도 딛지 않았는데 물이 차기 시작했습니다 다시 제파열인가요  아니면 왜 물이 차기 시작한 건가요 ,마취통증의학과
77,살이 닿기만하면 아파요 ,제가 평소에 불면증이 심해서 잠을 잘못자는데 유독 심한날이있었는데 겨우 잠에들어서 자고일어났더니 갑자기 오른쪽 골반부분부터 살이 스치기만하면 아프고 가만히 있어도 뭔가 콕콕 바늘로 찌르는 통증이 계속있어요  몇일 지나면 괜찮아지겠지 했는데 뭔가 점점 허벅지아래로 고통범위가 더내려가는것같고 갑자기 이렇게 아플수가있나요  저는 태어나서 대상포진이나 수두 걸려본적이없고 현재 피부상태로는 물집이나 수포 전혀없고 깨끗합니다 이럴경우 그냥 병원 빨리갔다오는게 나을까요 ,마취통증의학과
78,전신마취 후 증상,올해   살 만   세  남자입니다   간헐성 외사시가 심하다해서 수술을 어제 하고 오늘 퇴원했는데 속이 울렁거리고 소화가 안되며 헛구역질도 조금 하고 머리도 살짝 무겁습니다 가끔 미열도 나는것 같습니다 그리고 갑자기 가래가 좀 나옵니다  해열제나 두통약  소화제 등 이런것들을 증상이 나타나면 먹는게 좋을까요  뭘 해야 증상이 완화될까요  그리고 밥은 굶는게 나을까요 ,마취통증의학과
79,목에 멍울이 느껴져요,얼굴이 많이 붓고 구강통증도 있고 목에 부드러운 멍울도 생겼어요 혹시 어떤 증상일까요 군병원을 다녀오니 림프선 바이러스라고 했는데 잘 모르겠습니다,마취통증의학과
80,허리통증 증상 삐끗했는데,삐끗하면서 허리통증 증상이 생겼는데요  설마 디스크는 아니겠죠  지금 엎드려서 냉찜질을 해주고 있는데 허리통증 증상이 심해 움직이기 너무 힘들어요   약국에서 허리 보호대라도 사서 차고 있을까요  아님 그냥 병원에 가서 허리통증 증상 좀 살펴볼까요 ,마취통증의학과
81,평발 어떤 치료를 하나,걷는 걸 좋아하지 않고 운동화만 신어 평발때문에 발이 심하게 아파 본 적이 딱히 없었는데 최근에 살이 쪄서 유산소 운동을 한 후로 평발로 아파서 병원에 가려고 하는데 평발은 어떤 치료를 하나 해서요  답변바랍니다 ,마취통증의학과
82,아킬레스건 통증 주사 맞아도 다시 아파,오래된 아킬레스건 통증이 있는데요  많이 걷지 않고 집에서 쉬면 덜한데 가끔 대중교통 이용하면서 오래 서 있거나 불편한 신발 오래 신으면 바로 아킬레스건 통증이 심해져요     얼마 전에는 아킬레스건 통증이 너무 심해서 주사 맞고 왔는데 너무 자주 맞았는지 또 금방 아파옵니다  병원 원장님도 수술하는게 좋겠다고 하고 저도 수술을 하는게 맞는 것 같긴 한데 또 수술을 하긴 겁이 나서요   다른 효과 좋은 치료 없을까요    지금 절뚝이며 걷고 있어요   ,마취통증의학과
83,발가락 통증 굳은살도 있어요 ,최근에 취업을 해서 구두를 자주 신었는데 발가락 통증이 심하고 그 부위에 굳은살도 생겨서요  발가락 통증 심한데   그렇다고 해서 운동화를 신고 일할 수는 없는 상태라 그런데 발가락 통증 줄일 수 있는 방법 없을까요 ,마취통증의학과
84,원위요골 부러져 치료 중,이번 주까지 춥다고 하잖아요 그래서 저희 집 앞은 아직 미끄러워요 맨날 조심해야지 하는데 오늘 아침에는 생각도 못하고 나오다가 넘어져서 손목을 다쳤습니다  병원에서는 원위요골골절이라고 하더라고요  근데 제가 사무직이라 손목을 다쳤으니 일을 쉬어야 하는데 언제쯤 복귀할 수 있는지 이야기를 해줘야 해서요 원위요골골절로 치료받으면 낫는데 얼마나 걸려요  참고로 평소에 손목은 많이 안 쓰고 그냥 컴터로 일만 합니다  그 정도로 원위요골 나으려면 걸리는 시간 자세히 답변 부탁드려요 ,마취통증의학과
85,손목 통증 꺾으면 더 아파,손목 통증이 있어서 질문올립니당  다친 적은 없는데 제가 일을 하면서 손목을 많이 사용했었거든요  그래서 손목 통증이 좀 있었는데 일이 많아지면서 더 심하게 아픕니다  특히 손목을 꺾으면 새끼손가락쪽 손목 통증이 더 심해지는데 일이 점점 많아지고 있어서 걱정이 되서용  ,마취통증의학과
86,왼쪽어깨통증 하는 운동도 없는데,아빠가 왼쪽어깨통증이 심하다고 하십니다  평소에 하는 운동도 없고 일을 하면서도 무거운 일을 들지도 않는데 갑자기 나타난 왼쪽어깨통증으로 힘들어하고 계세요  처음에는 찜찜하게 불편하더니 갑자기 이렇게 왼쪽어깨통증이 심해졌다고 하는데요  왜 갑자기 아파 온 걸까요 ,마취통증의학과
87,o다리 교정 꼭 해야 하나요 ,엄마가 주변에서 들었는데 o다리 교정을 안하면 관절염에 빨리 걸린다고 저한데 o다리 교정할 수 있는 병원을 알아보라고 하네요 저는 사실 제가 o다리 교정을 해야 하는 상태라고 생각해 본 적이 없고 아직 젊어서 관절염이라는 병이 멀게만 느껴지는게 꼭 해야 하나요 ,마취통증의학과
88,배드민턴 무릎통증 힘이 안 들어가고 휘청임,동호회 활동하면서 배드민턴 무릎통증이 많이 생겼어요  빠르게 날아오는 콕때문에 이리 저리 격렬하게 뛰어다니는데 그래서 배드민턴 무릎통증이 생긴 것 같은데 뭔가 무릎에 힘도 잘 안들어가고 휘청거리는 느낌이 있어요  배드민턴 무릎통증이란 붓기는 냉찜질 해주고 많이 좋아졌는데 아직도 이러네요   한동안 운동은 안할 생각인데 이대로 두면 낫겠죠 ,마취통증의학과
89,관절염   대 중반 여잡니다 ,무릎통증이 있는데 관절염이 의심되는 상태입니다  엑스레이를 찍은 적이 있는데 관절 사이가 가깝다고 정형외과 가서 관절염 확인해 보라고 하는데 이참에 MRI를 찍어보는게 좋을듯하여 예약을 잡고 기다리고 있는데요  관절염인데 치료하는 사람도 있고 수술하는 사람도 있던데 무슨 기준인지 저는 뭘 하는게 좋을지 알려주세요    대 중반 여자고 무릎질환은 없었습니다 ,마취통증의학과
90,턱 바로 밑 통증,왼쪽 턱 바로 밑을 누르면 통증이 느껴져요  예전부터 통증이 있었어도 자고 일어나면 괜찮았는데 오늘은 통증이 계속 있네요   이번에 몸살이 세게 왔다 감기 기운만 남았는데 이것도 관련되어 있는 걸까요 ,마취통증의학과
91,등 통증 질문이요,안녕하세요  복싱 시작한지 이제  주차인데요  복싱을 저번주에 매일 나갔거든요   일요일부터 뛰거나  몸을 굽혔다가 펼 때 등 날갯죽지 윗부분  브래지어 끈쪽이거나 그 윗부분이 엄청 아파서 억  소리가 나요  뛰려고 한번 점프했을때 아파서 뛰지도 못하구요  처음엔 등 가운데 부분인줄 알았는데 오른쪽보다 왼쪽이 더 아픈것같아요    어제 병원갔는데 근육통이라고 물리치료 해주고 근육이완제 먹고잤는데도 효과가 전혀없어요     운동가고 싶은데 아파서 가지를 못하니 속상한데요  혹시 왜 이런건지 어떤 치료를 해야 빨리 낫는지 조금이라도 도움받고자 질문드립니다 ,마취통증의학과
92,어제 코로나 백신을 맞았는데 이거 부작용인가요 ,  살 남학생인데요  어제  차화이자백신을 맞았어요 그런데 어제는 아무렇지도 않았는데 아침에 일어나니까 겨드랑이가 아프더라구요 그리고 겨드랑이 부분이 조금 부었어요 어제 힘쓰는 일도 안했는데 근육통이랑 비슷한 통증이에요 부작용이에요 ,마취통증의학과
93,신경통증 병원 어디로 가야하나요손가악부터 팔 부분 전체적으로 통증이 있어 대상포잔인것같아 마취통증학과에서 주사 치료중인데 계솓 낫지를 않아 대학,신경통증 병원 어디로 가야하나요손가악부터 팔 부분 전체적으로 통증이 있어 대상포잔인것같아 마취통증학과에서 주사 치료중인데 계솓 낫지를 않아 대학병원 쪽 신경통증과로 가야할것 같습니다  지역은 서울입니다 ,마취통증의학과
94,아랫배 통증,어제 저녁부터 아랫배가 엄청 아파서 화장실 세번을 왔다갔다 했더니 괜찮아져서 변비 때문인가보다 했는데 지금 또 엄청 아팠다가 안 아팠다가를 반복해요   요즘 스트레스를 많이 받긴 한데 그거 때문은 아닌거 같고 예전에도 한번씩 이랬어요   병원 가봐야할까요 ,마취통증의학과
95,목 통증   염증 ,그림에서 빨간 부분이 부은 느낌이고 뭔가 붉게 오른 느낌   뻐근하기도 해요   쑤기기도 하고 아파요,마취통증의학과
96,목 오른쪽에 통증이 있어요,목이 부어서 그런 게 아니라 근육통같이 그런 통증이요 아침에 일어나서 목 살짝 들었는데 그때부터 개아파요 힘 주면 개아파요 얼굴을 오른쪽으로 하면 아프고 움직이지를 못허겠어요,마취통증의학과
97,왼쪽 옆구리 통증,얼마전부터 자려고누워있으면 왼쪽옆구리가 콕콕쑤셔요 딱왼쪽 옆구리 갈비뼈 끝나는 지점이 아픈데 잘때나 누울때만 그렇고 자고일어나면 또 괜찮아져요 병원을 가보는게 나을까요 ,마취통증의학과
98,정형외과 마취통증의학과,어머니께서   대후반이신데 어느순간부터 무릎이 아파서 잘 걷지를 못하십니다  병원을 가려고하는데 정형외과를 가야하는지 마취통증의학과를 가야하는지요,마취통증의학과
99,오른쪽 옆구리 뒤 통증,제목 그대로 입니다  통증이라하나 불편   하다고 해야하나 그래요  특히 오래앉아있거나 오래 누워있으면 그럽니다   이거 왜그런거죠   이런지 꽤 된거같은데요  허리디스크 그런건가요 ,마취통증의학과
100,발바닥 통증,아까 저녁 먹으려고 식탁 옆 의자에 앉자마자 발바닥쪽에서 통증이 느껴졌어요 딱히 자극도 없었고 의자에 박지도 않았는데 피부  가 만지면 약간 따끔따끔  한 정도고 걸을 때 통증이 있고 신경쓰여서 미치겠네요    왜 이런거고 어떻게 하면 나아지나요    ,마취통증의학과
101,오미크론 증상인가요   ,제가  일전부터 목이아파요   처음에는 목만아프길래 감기인줄알았는데  일차부터 기침도 심해지고 어지럽더라구요  그 다음날은 가래도 나오고  그래서 집에 있는 감기약을 먹었는데도 계속 심해져요  열은 딱히 안나고 콧물은 조금씩 나오는것같아요   침이나 음식물을 삼킬때마다 목이 아프긴하는데 목소리는 똑같이나오고 입맛도 없어여요 그리고 어지럽고 목이 제일 아픈것같아요   백신도  차까지 맞았어요  부모님께서는 자가진단키트보다 계속 병원을 가라고하시는데 혹시 제가 코로나에 걸리면 더 큰 피해가간다고 생각하니 병원을 가진못하겠어요   답변부탁드립니다 ,마취통증의학과
102,가슴이 찌릿찌릿통증있어요,가슴찌릿찌릿통증있어서 역류성식도염 예전에있어서 약타먹은후에 계속아퍼서 흉부외과가서 CT까지찍었는데 괜찮다고했어요 계속찌릿찌릿아픈데요 스트레스때문일까요  만약병원검사한다면 어디과를가서 검사받아보는게좋을까요  쇄골밑통증이 제일심한거같아요 찌릿찌릿합니다 ,마취통증의학과
103,손가락 통증 질문 드립니다,안녕하세요 지난 설 연휴에 산소를 찾았다가 미끄러져 넘어진 적이 있습니다  비탈길에 미끄러지면서 왼쪽 손바닥을 땅에 세게 부딪혔고 이때 왼쪽 네번째 손가락을 접질렀습니다  당시 통증이 있었지만 괜찮아 지겠거니 하고 참고 견뎠는데 하루이틀 지나니 눈에 띄는 통증은 없어졌고 붓기도 없었습니다  현재도 통증이나 붓기 등 다른 증상도 없고 손가락을 움직이는 데도 문제는 없지만 손가락 사용시 약간의 통증이 있습니다  손가락 접히는 부분을 누르거나 손가락을 사용하면 미세하게 통증이 있는데 지금이라도 병원을 가봐야 할까요    아니면 좀더 참아도 괜찮을까요  전문가 분들의 답변 기다리겠습니다,마취통증의학과
104,모든 수술애서 반드시 보호자 동의가 필요한가요 ,큰 수술도 아니고  수면마취도 아닌 경우에도 보호자가 있고 그 사람의 동의를 받아야만 수술할 수 있나요 ,마취통증의학과
105,손목 통증입니다,일상생활을 하거나 손목을 이리저리 돌려도 통증이 거의 없으나  손을 바닥에 짚을때 통증이 강합니다  손목을 과도하게 바깥쪽 안쪽으로 조금씩 꺾는 경우에도 통증이 생깁니다  통증은 손목에서 엄지손가락에 가까운 쪽의 통증입니다 ,마취통증의학과
106,척추마취 궁금중,저가금욜에 수술을하는데요 그때척추마취를하는데요 척추마취하면 수술하는소리 다들리나요   많이아픈가요   전신마취도해야하나요  수술하다가중간에 깰수도있나요 ,마취통증의학과
107,아래 사진에 표시해 둔곳이 아파요  ,아래 사진에 표시해 둔곳이 통증이 있어요 일주일동안 계속 그러는데    ,마취통증의학과
108,몸이 너무 아파요,지금  일째 속이 아픈데 누가 막대기로 난도질하고 끝없이 꾹 누르는 것마냥 아프고 한 번 아프기시작하면 잠도 못자요  자도 아파서 계속 깨고 고통이 시작되는 순간 숨이 저도 모르게 턱턱 막힐정도로 아파요  주로 명치부분이 아픈데 어쩔 땐 왼쪽 옆구리도 아팠다가 왼쪽 가슴도 아팠다가 왼쪽가슴 주변 갈비뼈도 아프고 그러는데 어떡해야하나요 진짜 미치겠어요  하루도 빠짐없이 수시로 계속 고통이 오는데 지금도 아파요  왜이러는 건지와 어떻게 해야하는지도 알려주세요,마취통증의학과
109,위수면내시경 수면마취를 한번하고 난뒤 최소 몇일은 지나야 위내시경 수면마취를 할수있는건가요 ,위수면내시경 수면마취를 한번하고 난뒤 최소 몇일은 지나야 위내시경 수면마취를 할수있는건가요 ,마취통증의학과
110,아랫배 통증,아랫배가 땅땅해서 뱃속에 공이 들어있는 느낌  소변 직후엔 비교적 괜찮은데 물을 마셨다 하기만 하면 금방 아랫배에 물이 차서 땅땅하게 부푸는 느낌이에요 누웠을땐 불편하게 땡기고 아랫배 중심만 볼록하게 땅땅해지고 손으로 누르면 몸속에서 옮겨지는게 느껴지고 터질까 불안할 정도로 땅땅해요  엎드리면 가끔 지진나듯 꾸르륵 거리면서 갑자기 한번에 가스가 찰때도 있어요 몸과 다리를 밀착 시킬때도 통증이 있고요 가끔 재채기할때 같은 아랫배가 찢어지듯 아프기도해요 작년  월부터 나타난 증상인데 시간이 지나니 땅땅한게 더 커진거 같아서 무슨 증상일까요   외국이라 병원을 쉽게 못 가는터라,마취통증의학과
111,가운데발가락 통증,오른쪽 발가락을 만지거나 발가락을 굽혀보면 전혀 통증이나 이상이 없고 육안으로 보이는 붓기도 없는데  발을 디디거나 걸으면 종종 찌릿한 통증이 있어서 걷기 힘들 정도입니다  왜이러는지 알 수 있을까요 ,마취통증의학과
112,귀 밑에서부터 턱 이어지는 부분 목빗근까지 통증,어떤 병원을 가면 될까요 ,마취통증의학과
113,발뒤꿈치와 뒷허벅지 통증  내공     ,오늘 갑자기 발뒤꿈치쪽이랑 뒷허벅지 중간쪽이 찌릿찌릿하고멍든거처럼 누르면 아픈데 뭐때문에 그런걸까여      걸을때마다 발뒤꿈치쪽이 다리를 쭉피면 뒷허벅지가 땡기면서 아프네요,마취통증의학과
114,슬개건염 주사치료 후 여전히 통증이 있습니다, 달 전 정도에 춤추다가 무릎이 턱하니 나간 느낌이 들었고 일주일 뒤에 정형외과에 갔는데 하체 근육이 없어서 그런거라고 물리치료 받고 운동을 조금 쉬라고 하고 넘어갔습니다   근데 이후  개월 정도 후에 코로나를 겪은 후에 무릎이 아프다기 보다는 신경 쓰이는 정도에 열감과 쑤심   정도로 아픈게 다시 생겨서 마취통증학과로 갔는데 부착부병증 슬개건염이라는 진단을 받고 침 맞고 아픈점  을 찾아서 근육 풀어주는 주사를 맞았습니다   주사를 맞은 부위는 골반 밑 허벅지 부분입니다  근데 주사를 맞고나서 다음날이 됬는데 무릎이 여전히 아픕니다  주사 맞은 부위도 쑤시고 앉아 있는 시간은 더 짧은데 혈액순환이 안 되는거 처럼 허벅지와 무릎이 쑤시고요  다리도 좀 더 굳은 듯한 느낌도 들고요   일 뒤에 또 병원에 가서 치료 받아야 하는데 가서 치료 받아도 괜찮을까요   그리고 혹시 다시 아픈게 코로나의 영향도 있을까요   그리고 무엇보다 완치가 되는 병인지도 궁금합니다 ,마취통증의학과
115,아킬레스건 통증,제가  주전에 집에서 까치발들고 거울을 닦다가 아킬레스건에서 뚝하고 소리가 났어요 소리가 난 직후에 통증이 조금 있었지만 몇시간뒤에 괜찮아서 안 아파서 이제 괜찮을줄 알았는데 아파요 평소에는 많이 안 움직여서 그런가 안 아픈데 주말에는 알바를 하거든요  층건물이라 계단으로 왔다갔다 많이 하는데 내려올때 통증이 있구요 퇴근하고 걸어갈때도 아킬레스건이 아파서 살짝 절어요 병원을 가려고 해도 평소엔 증상이 없다가 알바하는날만 아프니 가기가 애매하네요   알바하는 주말에만 보호대 착용하려는데 괜찮을까요 꼭 답변해주시면 정말 감사하겠습니다   ,마취통증의학과
116,오른손 새끼손가락 통증,제가  주전에 넘어지면서 주먹을쥔채로 땅을짚었는데 손등쪽 새끼손가락에서 손목으로 연결되는 뼈가 아파요 힘은 주먹쥐면 들어가구요 엑스레이랑 ct찍어도 아무이상이 없다고 병원에서 말씀하시는데  주라는시간이 지낫는게도 계속아픈거면 문제잇는거같은데 도와주세요,마취통증의학과
117,아랫배와 옆구리  허리 살갗이 아파요,  대 여자입니다   월   일부터 아랫배와 우측 옆구리 살갗이 만지면 따가운 듯 쓰라린 듯 아프길래 대상포진인가 싶었어요  다음 날은 허리까지 같은 느낌이더라고요  주말 내내 심해져 걸을 때  아이가 만질 때  흔들릴 때 등 가만히 있을 때 외엔 다 아픕니다   월   일 근처 재활의학과에서 수포 같은 건 안보이고 양쪽이 다 그런걸 보니 대상포진은 아닌 것 같고  원인 미상으로 신경이 놀란 것 같다며 척추 근처로 포도당주사를   대 이상 맞았습니다  그리고 그 날 임신 확인을 했습니다  현재  주 일정도 된 상태이고 산부인과에 제 증상을 설명했는데 임신과 관련된 증상은 아닌 것 같다고 하십니다   아랫배 전체  양측 옆구리  허리 전체가 만지면 쓰라린 듯 따가운 듯 아프고 걸을 때  돌아누울 때  어딘가에 닿을 때마다 불쾌한 이 통증   왜 이러는 걸까요    ,마취통증의학과
118,역류성식도염 ,자고 일어났는데 갑자기 목부터 아프면서 명치 순서로 압박감  앉아잇을때는 괜찮은데 누워있을때 통증이 심해요 누르면서 답답한 느낌이 나는데 병원을 가봐야 할까요  아니면 하루 지켜보다가 내일 가볼까요  병원을 가면 어느 병원을 가야 하나요  어제 알약을 먹고잤는데 그게 안내려가고 걸려서 압박감이 느껴질수도 잇나요  누르면서 답답한 느낌이 나는데 병원을 가봐야 할까요  하루지났는데 괜찮아졌는데 병원을가야할까요  한번더 그러면 그때가도될까요  검사는 어떤 걸하고 비용은 얼마나 나올까요,마취통증의학과
119,목 통증 뻐근하고 묵직하게,뻐근하고 묵직한 목 통증이 있는데 병원에 가보진 않았지만 제가 자세가 안 좋아해서 생긴 것 같아요 어쩌면 목디스크가 생겼을 것 같고요   이런 목 통증이 몇달째 있는데 병원에 가보는게 좋을까요  목 통증때문에 힘들어 자세를 바로 잡으려고 해도 너무 힘들어요  ,마취통증의학과
120,허리통증 원인 뭐가 있는지,괜찮아졌다가 최근에 디스크로 허리가 아파 병원에 가니 생활습관을 고치라고 해서 지금 허리통증 원인을 찾고 있는데요    예를 들어 어떤 행동들이 허리통증 원인이 되는지 좀 알려주세요   잊고 살았는데 다시 아프니 너무 괴로워서 허리통증 원인 찾아서 제대로 고치려고요 ,마취통증의학과
121,중족골내전증 이대로 둬도 괜찮은지,중족골내전증에 대해 궁금해서 이렇게 글을 올려요  아이가 안짱걸음을 해서 알아보니 중족골내전증이 있다고 하더라고요  심한 정도는 아니라고 저절로 좋아질 수 있다고 별다른 치료는 받지 않고 있는데 중족골내전증 정말 좋아질까요 ,마취통증의학과
122,발목인대수술 잘하는병원 어디가 좋을지,전에 수술했던 발목인대가 또 끊어져서 발목인대수술 잘하는병원 찾고 있는데 전에는 급하게 MRI검사한 병원에서 수술까지 했어요  근데 두번째라서 이번엔 발목인대수술 잘하는병원에 가고 싶어서요  근데 아무리 검색해도 병원 광고글만 떠서 도대체 어디가 발목인대수술 잘하는병원인지를 모르겠네요         ,마취통증의학과
123,발목인대수술병원 어떤 기준으로 골라야할지,학교에서 동아리 활동을 하다가 발목을 다쳐서 의원 에서 급하게 엑스레이를 찍었는데 자세히 알 수는 없지만 많이 안 좋은 거 같다며 발목인대수술병원에 가보라고 하셔서요  그래서 정보를 얻어 보려고 카페에 가입했는데 다른 분들 보니깐 엄청 고민하고 발목인대수술병원을 고르더라고요  근데 또 등업이 되지 않고 워낙 급한 상황이라 물어 볼 곳이 없어 급하게 지식인에 올립니다  발목인대수술병원 어떤 기준으로 골라야 할까요  혹시 괜찮은 곳 아신다면 공유 좀 부탁드려요 ,마취통증의학과
124,손목 결절종 다시 생기기 쉽나요 ,갑자기 손목에 뭐가 툭 튀어나와서 지식인에 물어보니깐 손목 결절종인거 같다고 해서 좀 찾아봤거든요  보니깐 손목 결절종 주사기로 빼줘도 다시 생길 수 있다고 해서 걱정입니다  저는 남들보다 손목 많이 사용했다고 생각도 안 했는데 손목 결절종이 생긴 거잖아요  그럼 약간은 신경 쓸 수 있어도 어쩔 수 없이 사용되는 순간이 있잖아요  저 뭔가 다시 생길 것 같은데 그럼 어떡하죠 ,마취통증의학과
125,골프엘보 어떤 운동을 하지 말라는 건지 ,병원에서 골프엘보 진단받았는데 저보고 한동안 운동을 하지 말라는데 구체적으로 어떤 운동을 하지 말라는 거죠  골프엘보인거 알고 나서는 골프는 안 치고 있는데 언제까지 운동을 안 할 수는 없어서요  구체적으로 골프엘보있을때 어떤 운동을 하면 안되는 건가요 ,마취통증의학과
126,무릎 저림 뻣뻣함 시림까지,엄마가 무릎이 계속 아프다고 하세요  처음엔 아프고 무릎 저림이 있다고 하더니 지금은 뻣뻣하고 시리고 그렇다고 합니다  정확한 건 아닌데 추측을 해보자면 이제 나이도 있으시니 관절염은 아닐까 싶은데 그럼 무릎 저림이 나타나기도 하나요  보통 주변에서 엄청 아프고 뻑뻑해서 움직이기 힘들다는 식으로만 이야기를 들어서요  혹시 무릎 저림이 생기는 다른 병도 있나요 ,마취통증의학과
127,축구 무릎십자인대파열 엑스레이로 알 수 있나요 ,제가 축구하면서 몸을 틀다가 무릎을 다쳤는데 아팠고 좀 부었거든요  지금은 냉찜질해서 좀 좋아지긴 했는데 혹시 축구 무릎십자인대파열인가 해서요  찾아보니깐 많이 발생한다고 하고 저도 건너 건너에 축구 무릎십자인대파열로 수술한 분들도 좀 많거든요   그래서 저도 같은 경우인가 해서요  축구 무릎십자인대파열이면 병원가서 진료보고 엑스레이 찍으면 알 수 있나요 ,마취통증의학과
128,휜다리교정 효과 어느정도인지,작년부터 휜다리교정을 할까하고 고민중인데 가격이 비싸더라고요  그래서 휜다리교정을 하면 효과는 얼마나 보장되는지해서요  저는 많이 휘어 있는 건 아닌데 워낙 일자다리를 좋아해서 휜다리교정을 할까 하는 겁니다 ,마취통증의학과
129,가슴 종양 수술 부분마취,가슴종양수술때문에 부분마취를 고민하고있는데 이전에 조직검사를 해서 그때도 마취를 했었거든요 수술할때도 그때 부분마취 통증이랑 비슷할까요     조직검사때보다 마취를 더 많이하나요  여러번 찔렀던게 다시는 안하고싶었는데   수술때는 마취가 더 아플까봐 걱정되네요,마취통증의학과
130,날개뼈 통증,제가 일어났는데 갑자기 날개뼈  허리 그 목쪽 왼쪽 이상한 뼈    그쪽이 아픈데 허리를 피면 아프고 약간 일어날때 쓰는 근육이라해야하나  근육  뼈  아님 혈관  뭐 그런  김종국  아니 그게아니고 아무튼 그쪽 약간 목  아님 선인장  장승  뭐그런  아픈데 담걸린건가요  먼가 가만히 있을땐 안아픈데 뭔가 아픈  약간 담인거같은 담이아닌 근육통같은 너어  인데 어떡하죠        ,마취통증의학과
131,홈트레이닝 이후 왼쪽 대흉근 통증이 심해져요,운동 계속 잘하고 있다가 이틀전에 자기전에 푸쉬업과 턱걸이 한번 하고잤는데 왼쪽 대흉근쪽에 근육통처럼 크게 움직일때나 숨을 깊에 내쉬고 들이쉴때 통증이 느껴져서 왜이러나했는데 그다음날에 자고일어나니까 왼쪽 대흉근 부분이 땡땡부은거같은 느낌이 듭니다  병원을 가봐야할까요 운동자제하고 스트레칭만 해야할까요,마취통증의학과
132,왼팔이 아파요   ,저는   살 여자구요 지금  일째 왼팔이 아파요 증상이 그 성장통으로 다리 아플때랑 비슷해요 그 통증이 그대로 팔로 온느낌이구 안쪽 관절 부분이 아파요 처음에는 시간지나면 괜찮아 지겠지 했는데 안괜찮아지내요    파스도 붙여보고 마사지도 해봤는데 나아지질 않아요 엄마는 핸드폰 때문이라구 자꾸 그러시는데 그거 때문이면 근육이 아플땐데 저는 지금 근육도 근육인데 뼈 쪽 진짜 좀 깊숙히 아픈 느낌이에요    저 문제있는건가요  ,마취통증의학과
133,수면마취 고통,안녕하세요 자기 전에 문득 기억이 나 지식인에 글을 안 남기면 잠이 안 올 것 같아 남겨요 몇 달 전에 수면내시경을 했었는데요  처음 한 내시경이었고요  팔에 마취제를 맞았는데 엄청 아팠던 걸로 기억해요  바로 잠들지도 않았고 한   초 정도 지금까지 겪었던 고통 중에 가장 큰 고통을 맞은 손과 팔에서 느꼈는데  무슨 이유에서 그런 느낌을 느낀 건지 궁금합니다 ,마취통증의학과
134,허리통증으로 인해,오래 앉아있거나 오래서서 일하는 일들만 했던지라 허리가 너무 아팠었는데 이전에 병원가서 척추 뼈와 뼈사이에 신경주사  그것도 한번 맞아봤는데  별로 효과를 못느꼈다가 스트레칭으로 좀 나아져서 괜찮은 줄 알았는데 몇달 만에 허리통증이 다시 찾아와서요  앞으로 숙이는것도 힘들고 자려고 누워도 살짝만 뒤척여도 너무 아파서요  병원을 가보려는데 어느 병원으로 가야할 까요   이전에는 마취통증의학과로 방문했었는데 별 다른 차도를 못느껴서요  그리고 약국에서 약을 살 수 있다면 어떤 제품이 좋을지 추천 부탁드려요    직업은 주방보조    어느 과 병원 방문해야 할까요    약국 약 추천,마취통증의학과
135,꼬리뼈 통증,중 이에요  요즘 앉았다가 일어날때  앉을때 등등 가끔 꼬리뼈쪽이 너무 아프고 공부하려고 몇시간만 앉아있어도 허리가 너무 아파요   뭘까요     ,마취통증의학과
136,오른쪽 아랫배 명치 아래 오른쪽 쪽 고통,며칠전 스키를 무리하게 탔고 많이 넘어져 몸 이곳 저곳이 아팠는데 갑자기 오른쪽 아랫배   명치 아래 오른쪽 쪽이 많이 아프더라구요 눕기 일어나기 조차 힘들고 조금이나마 자극이 갔다 하면 신경쓰이고 아픕니다 스키때문인지 몸에 문제가 생긴건지 잘 모르겠습니다  ,마취통증의학과
137,안녕하세여 엉덩이 문의    ,안녕하세요  다름이 아니라 제가 의자에 앉았다가 일어나면 엉덩이랑 꼬리뼈쪽이 진짜 미치도록 아픕니다    뭐랄까  쭉눌렀다가 확퍼지는 느낌인데  이게 고통이 심합니다 어디병원으로 가야할까요    대체 이게 무슨 병이죠    내공    겁니다 ,마취통증의학과
138,양쪽 갈비뼈 안 통증,양쪽 밑에쪽 갈비뼈안이 통증이 심해요 가만히 앉아있지도 서있지도 누워있지도 못하겠어요 살짝 체한느낌도 들고 아픈쪽을 눌러봐도 전혀 안아픈데 미치겠어요    ,마취통증의학과
139,고관절통증 키성장,평소에도 고관절에도 뚝소리가 많이나고 아빠다리 자세할때만 고관절통증이 있는데 키성장에 방해가 될까요  내공  ,마취통증의학과
140,오른쪽 배 통증 질문,오른쪽 복부 통증 질문좀 드릴게요 배꼽위 손가락 세개 정도 높이로 사진에서 D부분부터 배꼽위까지 딱딱하게 만져지며 누르면 통증이 있고 다른증상은 없습니다  왜그런걸까요 ,마취통증의학과
141,무릎통증 도와주세요,안녕하세요 어제부터 무릎이 너무 아파오더라고요 오른쪽 다리 무릎이 너무 아프더라고요 걸을때마다 아프고 계단 내려갈때 너무 아파서 난간을 안 잡으면 거의 못 내려가는 정도 입니다 내일 정형외과 갈건데 혹시 깁스 해야하나요 ,마취통증의학과
142,스트레칭 하다가 골반 통증 허벅지 찌릿    ,스트레칭을 갑자기 했는지 골반이 아프고 다리가 찌릿해요     일시적인건가요  왜 골반이 아픈데 다리가 저리나요   ,마취통증의학과
143,왼쪽 윗배 통증,왼쪽 윗배가 가스 찬 것처럼 아픈데 앉으면 더 아프고 누우면 안 아픕니다 위랑 관련 있는 것 같은데 왜 이런 걸까요   ,마취통증의학과
144,요부통증 진료과문의,요로결석 이후 오른쪽 요부 오른쪽 척추옆근육  쪽 통증이 있구요  손가락으로 꾹누르면 근육쪽 통증이 있습니다  Ct을 동내 내과에서 찍었고 선생님 말씀이 통증이 있을만한건 없다는데요 그럼 병원무슨과를 가봐야할까요 ,마취통증의학과
145,어깨 소리 통증,손을 깍지 끼고 위로 쭉 피는 동작을 하면 오른쪽 어깨에서 뚝 소리 나면서 안 맞는 느낌 이 들고 오늘 오른쪽 어깨가 많이 아프네요   요즘 공부를 좀 많이 했는데 자세가 안 좋거든요 그게 원인일까요  자주 스트레칭 하긴 하는데 평소 자세가 많이 안 좋아요,마취통증의학과
146,감기몸살 이후 통증,감기몸살  일 정도 겪고 감기 증세는 많이 완화되었는데 날개 뼈 사이 등 쪽에서 통증이 지속되어 많이 불편한 상태입니다  가끔씩 명치 부근도 뻐근한 느낌이 듭니다  침대에 평범하게 누워있거나 의자에 앉아있을 때도 통증이 있습니다  누워있을때 자세를 바꿔주거나  샤워할 때 따뜻한 물로 해당 부위를 찜질해주면 통증이 완화되는 느낌이 있습니다  현재 겪고있는 통증을 완화할 방법을 알려주시면 정말 감사드리겠습니다 ,마취통증의학과
147,쌍수 수면마취 금식 물도 먹으면 안되나요 ,내일 쌍수 하는데 금식 하라고 하셨는데 몇시간 정도 금식 해야하나요  내일 아침  시  분 수술입니다   그리고 금식할때 물도 마시면 안되는건가요 ,마취통증의학과
148,여자 사타구니 통증,이틀 전부터 계속 사타구니 통증을 느끼고 있습니다 허벅지 근육 통증으로 이어지기도 했고요 어느 병원을 방문해야 할까요  하는 일이 있어서  월 중순에야 병원에 갈 수 있을 것 같은데 오래 방치하면 통증이 더 심해질까요 ,마취통증의학과
149,왼쪽 가슴 통증,어쩌다 왼쪽 가슴이 바늘 한번 콕 한것처럼 아픈데 이거 왜 이럴까요   요즘 조금 불편해요 여자입니다,마취통증의학과
150,스트레칭 후 불편함,다리찢기를 무리하게 한 이후 걷거나 스트레칭을 할 때 파란색으로 표시한 부분이 땡겨요  처음에는 걸을 때도 찌릿찌릿하면서 잘 못 걸을 정도로 통증이 컸는데  주 정도 지난 지금은 통증이 심하진 않지만 빨리 걷거나 다리를 쭉 펼 때 아프면서 땡기는 느낌이 나요  왜 그런가요  ,마취통증의학과
151,새끼발가락 멍 붓기 통증,최근에 집에서 새끼발가락을 심하게 찧어서 엄청 붓고 멍이 심하게 들었습니다  사진보다 실제로 붓기랑 멍이 더 심했구여  거의 새끼발가락 전체가 보라색     그리고나서  주지나고 통증이 걸을때마다 계속돼서 병원가서 엑스레이 찍었는데  골절이나 실금 아니라고 하셨어요  뼈사진 보면서 금간건 없다라고 하셨는데 통증이 계속 있다고 하니깐 약만 처방해주셨어요  지금은 한달지난 상태인데  멍은 없지만 붓기가 있고  걸을때마다 통증이 계속 있어여      가만히 있을때는 전혀 아프지 않습니다   다시 병원을 가봐야 할까요  아니 골절이나 실금이 간것도 아닌데 왜 통증이 계속 사라지지 않을까요        ,마취통증의학과
152,우측상복부 통증 질문,제가 우측 갈비뼈 아래부분이 쿡쿡 찌르듯이 아픕니다  동네 병원에서 간단히 진찰받았는데 눌렀을때는 아픈게 없고 몸을 비틀거나 숨을 크게 쉬거나하면 엄청 아픕니다  간단한 근육통이라는데 혹시 다른 이상이 있는건 아닐까요 ,마취통증의학과
153,테니스 엘보가 있는데 한방치료와 정형외과 치료 중 어느 치료가 좋을까요 ,정형외과에서 테니스엘보라고 판명이 나서 정형외과에서 근육주사와 염증치료 주사를 두번 맞았는데 크게 호전이 없어서 한의원에서 침과 약침치료를 일주일에  일 씩 이어서 두주째 맞고 있는데 좀 괜찮다 싶으면 다시 통증이 있고 회사 업무로 인해 팔을 좀 많이 쓴것 같으면 통증이 심합니다  될수 있으면 팔을 많이 쓰지 말라고는 하는데 직장일을 하다보니 전혀 사용을 안할 수도 없고 조금씩은 사용하고 있습니다  빠른 치유가 되었으면 하는데 어느쪽으로 치료 받는게 좋을까요  ,마취통증의학과
154,부정맥 전신마취,이달 말에 전신마취로 수술해야할 일이 생겨서 수술전 신전도  혈액  흉부엑스레이 검사를 받았습니다  어제 병원에서 연락이 왔는데 부정맥 소견이 있다고 합니다  평소에 몰랐다가 어제 처음 들었습니다  부정맥이 있다고 전신마취를 못하는건 아니라고 하셨습니다  부정맥이 있는 경우 전신마취가 더 위험해진다거나 하는 일이 있나요  전신마취는 처음이라 겁이 나네요,마취통증의학과
155,목 통증문의 드려요,열흘전쯤 넘어져서 플라스틱 튀어나온분이랑 좀세게 옆목을 부딛혔습니다  하루이틀아프다가 계속 괜찮았는데 어제 저녁부터 다시 뻐근하고 아픞니다  혹시 디스크나 삐끗 하여서 그런걸까요  아니면 타박상일까요  ,마취통증의학과
156,스트레칭 시 왼쪽 가슴 통증,스트레칭 하려고 정면을 바라본 상태에서 머리를 오른쪽으로 쭉 늘리면 왼쪽 가슴이 아파요 약간 찌릿     왼쪽 스트레칭 할 때는 오른쪽 가슴에 아무런 통증도 없는데 오른쪽으로 고개 늘렸을 때만 왼쪽 가슴에 통증이 있어요 제가 역류성 식도염이 있긴 한데 요즘 증상이 안 나타났거든요 근데 스트레칭 할 때만 왼쪽 가슴 통증이 있는데 뭘까요  가만히 있을 땐 통증이 없어요 이게 역류성 식도염이랑 관련이 있을까요   근데 스트레칭 할 때만 아픈 게 이상하긴 한데  ,마취통증의학과
157,목 명치 통증,자고 일어났는데 갑자기 목부터 아프면서 명치 순서로 압박감  앉아잇을때는 괜찮은데 누워있을때 통증이 심해요 누르면서 답답한 느낌이 나는데 병원을 가봐야 할까요  아니면 하루 지켜보다가 내일 가볼까요  병원을 가면 어느 병원을 가야 하나요  어제 알약을 먹고잤는데 그게 안내려가고 걸려서 압박감이 느껴질수도 잇나요  누르면서 답답한 느낌이 나는데 병원을 가봐야 할까요  검사는 어떤 걸하고 비용은 얼마나 나올까요,마취통증의학과
158,허리디스크증세 맞는지 마지막 확인,허리디스크증세가 맞는지 마지막으로 확인하고 병원에 가보려고 합니다  일단 허리는 앉으나 서나 아프고 그나마 누워있을 때 덜 해요  그리고 독서실에 가서 앉아 있으면 다리가 저릿저릿하면서 감각이 떨어지는데 이거 허리디스크증세 맞죠  제가 검색해서 찾은 허리디스크증세랑 너무 비슷한데요 ,마취통증의학과
159,허리 아플때 온열찜질 맞나요 ,할머니가 허리 아플때 집에 있는 거로 온열찜질을 해줬다는데 이렇게 따뜻한 찜질을 하는게 맞나요  저 다쳤을 땐 양호실에서 얼음찜질을 해줬거든요  근데 허리 아플때는 따뜻하게가 맞는지 해서요  그냥 큰 차이 없나요  다음에 할머니 허리 아플때 온열찜질기 드리면 되는거죠 ,마취통증의학과
160,허리시술 안받고싶은데    ,허리시술 안받고싶은데 병원에서는 계속 권유를 해요  지금 통증도 심해 다른 병원 알아 볼 힘도 없고 이런저런 자료 발급 받아서 가기 귀찮은데 지금 병원에서는 허리시술을 해야 다리통증이랑 저림이 줄어든다고 해요  근데 다른 병원도 똑같이 허리시술하자고 할까요       전 그냥 치료로 낫고싶은 마음뿐인데요  ,마취통증의학과
161,발가락 통증 새로 산 스니커즈신고,새로 산 스니커즈 신은 후로 발가락 통증이 생겼어요   이거 신고 외출했다가 발이 완전 망가져서 집에 돌아왔고 발가락 통증이 생기고 나서는 안 신고 있는데 문제는 일주일이 넘은 지금도 발가락 통증이 있습니다    왜 이럴까요  ,마취통증의학과
162,손등 염증 반복적인 일을 해서,제가 하는 일이 손으로 계속 작지만 무거운 쇠를 들고 옮기고 맞추고 가공하는 일을 하고 있는데요  이런 직업을 갖고 있어서 손목이랑 손 자체가 많이 아팠는데 최근엔 손등이 아파 병원에 가니 손등 염증이 있다고 합니다  많이 움직이고 사용해서 생긴 거라 손등 염증 나으려면 일을 쉬어야 한다고 하는데 손등 염증이 있다고 일을 그만두는 건 좀 아니잖아요   어떻게 할까요   ,마취통증의학과
163,팔꿈치엘보치료 한의원 다녀도 똑같음,한의원 다니면서 팔꿈치엘보치료 했는데 똑같아서 스트레스요    원래 가족들이 잘 다니던 곳이고 친절해서 좋은데 낫지를 않으니 답답해서 팔꿈치엘보치료 다른 곳에 가서 받아볼까 하는데요   약침맞고 추나치료 했는디 왜 그대로일까요  팔꿈치엘보치료 어떻게 해야 나아요  이거때문에 운동도 못하고 있어서 더 스트레스요 ,마취통증의학과
164,무릎연골판봉합술 터져서 다시 봉합술,무릎연골판봉합술을 받았는데 수술방에서 다시 터져서 다시 하느라 시간이 좀 걸렸다고 해서요  흠   원래 무릎연골판봉합술하다가 다시 터지기도 하나요  뭐 의심하는건 아니고 단순한 궁금증  무릎연골판봉합술해주신 선생님 회진도는 시간까지 아직 시간이 많이 남아서 참지 못하고 질문올려요 ,마취통증의학과
165,무릎재활병원 가능하다면 수술까지,무릎재활병원 추천 좀 부탁드려요  가능하면 수술까지 가능하면 좋겠어요  지난주에 풋살하다가 다쳤고 회사 근처 병원에 가서 검사하니 반월상연골파열이 있다고 해서요  나중에도 계속 운동은 하고싶어서 무릎재활병원으로 찾고 있어요  주변에 십자인대 수술한 형들이 그러는데 공차기 전에 무릎재활병원 다녀오는게 좋다고 해서요  아무튼 괜찮은 곳 추천부탁드립니다 ,마취통증의학과
166,오다리교정 추나요법 효과 좋은거 맞나요 ,오다리교정을 하고싶은데 추나요법이 계속 뜨고 치료사례 보니깐 효과가 좋아서요  어릴 적 사진을 보면 그때부터 지금까지 쭉 다리가 휘어 있었더라고요   그래서 지금이라도 오다리교정을 하고 싶은데 추나요법 괜찮을까요  혹시 다른 오다리교정치료나 방법있으면 추천바랍니다,마취통증의학과
167,전방십자인대 파열 나중에 걸을 수는 있나요 ,스키를 타다가 다쳐서 병원에 다녀왔어요  급하게 간 병원에서 MRI도 찍었는데 전방십자인대 파열이라고 합니다      수술을 해야 한다고 하는데 우선은 너무 먼 병원이라 집근처에 있는 정형외과에 가서 전방십자인대 파열 수술을 하려고요  근데 급하게 MRI 자료만 챙겨서 나왔더니 궁금한 점을 충분히 묻지 못했어요    혹시 전방십자인대 파열 수술하고 걸을 수 있나요  다시 운동하는 건 바라지도 않아요  정상적인 생활할 수 있을까요    ,마취통증의학과
168,왼쪽 눈위 살이 아파요,따끔하지도 않고 쓰라린것도 아닌데 통증이 심해요 오전 아침부터 아팠어요  왜 아픈지 알려주세요  ,마취통증의학과
169,겨울철 가슴통증,제가 아침에  시간정도 복싱을 하고 점심에 공복인 상태로 추운 날씨에서 축구를  시간동안 했습니다  그런데 중간에 힘들어서 계속 마스크를 벗고 했더니 찬 바람이 자꾸 입으로 들어가서 그런지 몰라도 축구를 하고 집에와서 샤워를 하려고 하는데 뭔가 가슴이 울렁거리는 증세가 나타나기 시작했습니다  그러고 나서부터는 침을 삼킬 때에도 목부터 가슴전체로 통증이 퍼지고 자세를 계속 고칠 때에도 가슴에 통증이 퍼지고 심지어 침대에 누우려고 할 때에도 가슴에 통증이 옵니다  또 숨을 크게 들이마실 때에도 가슴부터 어깨까지 통증이 퍼집니다  제가 너무 겁이 많아서 그런데 혹시 심장에 관한 질환일까 궁금합니다  참고로 작년 이맘때 혈액검사을 했었는데 그때는 정상으로 나왔었습니다  혹시 제가 심장질환일까요  그리고 어떤 병원에 가서 진료를 받아야 할까요  참고로 가만히 앉아서 숨쉴 때에는 아무런 증상이 없습니다 ,마취통증의학과
170,무릎 통증,오늘 낮 부터 다리 한쪽에 통증이 심해서 문의 드립니다  걸을때 통증이 있고 다리를 쭉 펼때 통증이 심하고 굽히거나 오무릴때는 괜찮아요 유독 다리를 쭉 뻗을때마다 걸을때 통증이 동반합니다 왼쪽발은 괜찮은데 오른쪽 발만 그렇네요 또 이틀전에  무릎 뒷쪽 허벅지에서  살짝 찌릿한 느낌을 받은적이 있는데  이게 지금 통증의 원인이 될수 있나오 ,마취통증의학과
171,한쪽 무릎이 아파요,안녕하세요 저는   대 초반 여자입니다 요즘 오른쪽 무릎 위가 가끔씩 아파요 아주 아픈 건 아니고 약간 거슬릴 정도로요 한 한 달 정도 된 것 같습니다 만져보니까 아주 살짝 부은 것 같은데 병원 가봐야 되나요  운동부족도 통증의 원인이 될 수 있나요 ,마취통증의학과
172,하품하다가 턱에서 소리가   내공 ,왼쪽 턱에서 소리가나고 그이후로 음식을먹거나 할때 통증을 느끼고있는데 다음날 하품을 또하다가 이번엔 오른쪽 턱에서 소리가나더니 음식을 먹을때마다 통증을 느낍니다 이게 사랑니때문이라고 생각을 했었는데 이빨이 아프거나 그러짆않고 뭘 먹을때나 입을 크게 벌릴때만 통증을 느끼는데 도대체뭐가 문제일까요   그리고 병원은 어디로 가야하죠 ,마취통증의학과
173,무릎밑 외측통증,제가 달리기를 하는도중 뛰지를 못하겠고 달리기를 하고난후 계단 오르내릴때 너무 아파서 미쳐버릴거같습니다 뭔가 뼈와 뼈사이가 너무 아픈거같습니다     통증위치는 무릎 외측뼈쪽입니다  스쿼트나 다른하체운동할때는 괜찮습니다,마취통증의학과
174,목디스크면 어쩌죠,제가 초 때 일자목이라고 진단받았어요  근데 그당시에 치료를 딱히 받진않고 지금까지 방치 해뒀어요  근데 허리도 아파서 병원에 가볼려하는데 막상갔는데 일자목이 악화되서 목디스크 왔다고 하면 어쩌죠  아직 중학생인데 수술해야하나요 ,마취통증의학과
175,팔꿈치 통증,어제 밤에 계단 철봉에 팔꿈치를 부딪혔는데 그 이후로 팔을 약간 들어올릴때나 특정 각도에서 통증이 생깁니다 원인이 뭘까여 가능성이 있는것 알려주세여,마취통증의학과
176,가슴 통증질문입니다 ,제가 왼쪽 가슴 위에 통증하고 왼쪽 옆구리 통증이 있습니다  코로라 증상인지 단순 근육통인지 궁금합니다  증상이 나타난 것은  일전부터 입니다  코로나 증상이 아닐 경우 어디서 진단을 받아야 할까요 ,마취통증의학과
177,골반 통증,학생이고 운동은 최근에 한적이없는데 일주일전부터 가만히 있으면 안그런데 허리를 피거나 허리를 움직이면 골반이랑 윗허벅지까지 통증이 있어요 허리를 숙이면 안아파요 왜그런지 모르겠는데 병원에 가야할까요 ,마취통증의학과
178,오래 서있을 때 다리 뼈 통증,예전부터 오래 서있거나 오래 걸으면 다리가 아파야하는데 저는 종아리 앞쪽 뼈가 아프더라구요 왜 이러는건가요    서있는 자세 문제일까요 아니면 근육이 없어서 뼈가 힘들어하는건가요    ,마취통증의학과
179,허리통증 원인,제가 요즘 앉았다가 일어날때 허리통증이 심합니다   왜 이런걸까요  운동으로 헬스를 하지만 자세도 바꾼적이 없는데 예전에는 안그랬다가 지금은 아프네요   또 신기하게 운동하고 있을시에는 통증이 없습니다  그래서 저번주까지는 항상하던 데드리프트를 했지만 통증이 안사라져서 요번주는 허리에 부담가는 운동 안했거든요   딱 의자나 어디에 앉았다가 일어날때 통증이오네요 통증은 앉은시간에 비례하고 일어서거나 잘때나 일상생활할때는 통증이 없습니다 나이는 건강한   대입니다,마취통증의학과
180,발가락 통증,약간 부은거 같고요 누르면 뭔가 따가워요 뭔가 찔리거나 박힌거같기도 하구    주일전부터 이랬어요 답변 부탁드립니다  ,마취통증의학과
181,명치쪽 통증,저는   살 고등학생인데요 제가 어제부터 명치쪽이 답답하고 트름하거나 그럴때마다 갑자기 쿡 쑤시듯이 아파요 뭘 먹으면 토할거같고 누우면 울렁거리고 명치쪽이 답답한게 심해지는데 이게 왜 그러는걸까요   ,마취통증의학과
182,새끼손가락 통증,갑자기 새끼손가락 마디마디가 아프고 손가락 접었다 펼때마다 아픈데 왜이런지를 모르겠어요,마취통증의학과
183,몸살 기운 침 삼킬 때 목 아픈데  ,코로나or오미크론 의심해볼 수 있을까요  ,마취통증의학과
184,새끼손가락 통증,샤프를 쓰는데 손가락에 힘이 잘안들어가기도 하고 오른손 잡이인데 손가락을 폈다가 하나씩 내려보는데 새끼손가락이 잘 내려가지가 않습니다 무슨 문제 인가요 ,마취통증의학과
185,목뒤멍울제거,어디병원으로 가야되나요,마취통증의학과
186,,,
187,,,
188,,,
189,,,
