0,1,2
기억력 수술,기억력도 수술할수있나요 ,신경외과
Aneurysm in Lt dist ICA  MCA, 년전 하루기억을 잃은적 있습니다 갑자기 전날기억을 못함  그 이외 그런적은 없습니다  이번에 찍은사진인데 어떤치료를 해야하나요 ,신경외과
뇌혈전증 ,남자친구가   년전에 한번 정신잃고 갑자기 쓰러졌었대요   그때 뇌 체크 세세히 했었는데 아무 문제 없었다고 안심했었는데 몇주전에 갑자기 아무이유없이 의식잃고 쓰러진거에요 그러고 응급실갔었는데 거기 의사선생님께서 자기가 확실히 체크는 못하지만 뇌에 피가 막히는   그런게 의심된다고 했대요     남자친구가 지금 머리도 계속 어지럽다 그러고 또 언제 쓰러질지 모르니까 너무 걱정되요      뇌경색이나 뇌혈전증 초기증상인가요        혈압이나 맥박은 체크해봤는데 괜찮아요  병원가기싫다고 막 그러는데   어떻게해야될지     가야하지 않을까요  답변 부탁드려요     ,신경외과
두통이 있고 눈앞이 반짝반짝 해요 무슨 증상일까요,원래도 무리하면 너무 더운 곳에 간다거나 과로 등  일년에 한 두번정도  시야 가장자리가 하얗게 되면서 눈앞이 반짝반짝하고 초점이 잘 안맞고 두통이 있는 증상이 있었어요  근데 일년에 한 두번이고  그냥 누워서 좀 자면 금방 나아졌어요    누워 자는 거 말고는 쉬기 먹기 뭘 해도 나아지지는 않음    그런데 이번에는 저 증상이 좀 오래가고 밤새 계속 두통이 머리가 깨질 정도로 아팠어요  아침에 일어나니깐 이제 눈은 거의 잘 보이는데 여전히 눈앞이 살짝은 좀 안보이는 느낌이 들기도 하고 초점도 잘 안맞아요  머리는 후두부가 아프고 고개를 돌릴 때마다 뇌가 흔들리는 느낌도 받습니다    원인이 뭘까요   아 그리고 최근에 뇌진탕진단을 받은 적 있어요  심하겐 아니지만 머리를 부딛혔어요  MRI 찍어보는게 나을까요  ,신경외과
손가락 저림 손 저림,안녕하세요 제가    일부터 아르바이트 일을 해왔는데 거기서 딱딱한 버터를 써는 자르는 작업을 하고 그 다음 날부터 계속 검지손가락 손끝부터 저림현상이 계속 진행돼서요 왜 이런 현상이 나타나며 혹시 어떻게 해야할까요  그리고 병원을 간다면 신경외과를 가야하나요  ,신경외과
머리박치기 당했는데  ,저 이제   살인데 여자애가 머리쪽을 땅  하게 박았는데 옆머리를 양쪽으로 박치기 당했는데 토할거같고 띵한데 병원 가봐야 할까요  아직도 욱씬거리는데   mri검사를 해봐야 할까요   ,신경외과
뒷목 두통 통증,안녕하세요 오전   시쯤에 뒷목이 서서히 아파지더니 한  시까지 뒷목만 아프다가 갑자기 머리가 너무 아프네요 혹시 어떤 병인지 알수있을까요 혹시 코로나일까요 ,신경외과
편두통 질문,중  학생인데    년 전부터 편두통이 계속 있었는데 중 중후반때부터 스트레스 때문인지 하루에    번 꼴로 아팠었는데 요즘엔 갑자기 그냥 걷거나 서있거나 앉아있는데도  초 왼쪽편두통이 오고갑니다 이때까진 덜할땐 최소 몇분있다가고 심하면  시간 정도 아팠었는데 특정행동을 하지않아도 갑자기  초정도로 찾아오는 편두통은 문제가 있는걸까요,신경외과
뇌하수체 종양 수술 후 코로나 검사,안녕하세요 뇌하수체 종양 수술 한 지  개월정도 지났습니다 코로 수술을 했는데 코로나 검사를 받아도 될까요 아무 상관 없나요 ,신경외과
머리를 박았습니다,제가 쓰는  층 침대여서 머리를 박았거든요  어지럽거나 절대 그러진 않은데요 우뇌를 박았거든요  뇌 기능이 저하 되거나 IQ가 떨어지나요   ,신경외과
c     악성 뇌종양 군면제 되나요 ,    년에 세브란스에서  개두술 및 뇌종양제거술 받고 햇수로   년째 매년 추적 MRI 촬영하고 있습니다   당시 조직검사 결과 c    로 악성뇌종양 판정을 받았는데요   수술하셨던 교수님께서 언제든 재발할 위험이 있고  재발시 편마비가 올 위험이 있다고 병무용 진단서에 기술해주셨습니다    또한  재작년부터 극심한 편두통에 시달려 응급실에 수차례 방문해 마약성 진통제를 처방받기도 했었는데요   병무용 진단서에 후유증으로 두통이라고 기술되어있습니다   병무용 진단서  마약성 진통제 처방전  조직검사 결과 진단서 등의 서류를 구비했습니다   개정된 현역 판정 기준 때문에 걱정이 많은데 잘 아시는 분이 판단해주시면 참고하겠습니다    도와주세요   모양점액성 성상세포종이 병리학적으로 악성 종양이라고 정의되는 것인지 정확히 알고 싶습니다 ,신경외과
허벅지 신경통,안녕하세요   최근 신경통을 겪고 있는   세 남자 입니다    신경통 및 대상포진 증상이 아래와 같은 순서로 발생하였습니다      지각이상성 대퇴신경통 일주일 신경외과 진단        대상포진 일주일 내과 진단    대상포진 위치   왼쪽 허리 엉덩이 허벅지 사타구니      허벅지 신경통     대상포진이 끝난 후 왼쪽 허벅지 신경통이 시작 되었습니다   증상은 갑자기 왼쪽 허벅지 바깥쪽이 송곳으로 찌르는 듯한 통증입니다   계속 그러는 건 아니고 간헐적으로 발생합니다   한 시간에  회  회 발생   대상포진 후유증 인가요   의사 선생님들 명쾌한 답변 부탁 드립니다  ,신경외과
어떤 증상인가요 ,갑작스레 머리를 관통하는 통증이 느껴지면서 눈앞이 흐려지고 앉아있는데도 불구하고 휘청거렸습니다  어떤증상일까여 ,신경외과
대학병원 nerve block 주사 부작용,배가 답답하게 조이는 느낌과 동통이 느껴져서 대학병원 통증의학과를 갔습니다  그전에 내과에서 온갖 검사 다했었고  위 대장내시경 그리고 ct  아무 이상 없다고 통증의학과 가보라고 하여서 간건데요  대학병원 통증과에서 복직근 경결로인한 통증  여튼 그런거 같다고 nerve block 라는 주사를 맞았습니다  근데 그 이후 상태가 너무 악화되었습니다  죽을거같애요 지금 증상은 그 주사맞고 복부 근육이 꽉 뭉친 느낌과 복직근 기능이 못하는거 같아요  하루종일 배가 꽉 뭉친 느낌이 들고 손을 위로 만세자세를 취하면 복부 근육들이 쫮 땡기고 근육이 제기능을 못하니깐 아주심한 변비가 생겼습니다  그전에는 멀짱했음   상복부 근육이 쫙 땡기면서 목까지 영향을 주어 목까지 아프고 잠을 잘 못잡니다   이 주사 맞고 나서부터 딱 그렇습니다  하루종일 복부 근육이 뭉쳐있어서 배가 해야할 근육 기능을 못하고 있습니다  배 근육이 아주 딴딴하게 꽉 뭉쳐있어요 이 주사맞고  지금 한달이 넘었는데도 이래요 무섭습니다  대학병원이라서 믿고 맞은건데 너무 후회되고  이 nerve block 주사에 근육을 뭉치게 하는 성분이 있나요  무슨 성분의 주사인가요  배가 기능자체를 멈췄어요 너무 괴롭습니다  ,신경외과
잠잘때 갑자기 발을 확 접는데 뭔가요,잠 잘때 진짜로 발을 확 접는데 뭔가요 그런적이 한두번이 아니라  ,신경외과
다리에 힘이 안들어가요 ,몇년전부터 왼쪽 다리에 힘이 빠진 느낌이 많아졌어요  버스계단 오르내릴때 한쪽발씩 번갈아가며 오르내리지 못하고 올라갈때 왼쪽 발로 한칸씩 올라갔고 내려갈때도 왼쪽 발이 먼저 내려가면서 한칸씩 내려갔어요   버스계단이 일반 계단보다 높아요   최근 들어 내리막길 갈때 왼쪽 무릎이 뻐근하고 아픈게 심해졌어요  평지 걸을때도 한번씩 왼쪽 다리에 힘이 풀려 휘청거릴때도 있어요  그리고 바닥에 앉았다 일어날때도 왼쪽 무릎과 허벅지  골반이 욱신거리고 뻐근하고 높은 곳에 물건 꺼내려고 의자위올라갈때 왼쪽 발 먼저 올라갈려고 했더니 아예 힘이 들어가지않더라구요   현재 거북목과 척추측만증으로 등이 많이 굽어있는 상태고 잘때 등이랑 목이 아파 똑바로 못눕고 항상 옆으로 누워서 자요  한두달전쯤 경추배개로 바꿨는데 배개 양옆은 높고 가운데가 뒤통수 닿는 부분이라 낮은데 배개 가운데에 머리 두고 똑바로 누워보니 왼쪽 엉덩이 골반  쪽 부터 발목 있는데까지 발이 절이고 파스 바른것처럼 화한 느낌이 너무 심해   초도 못눕고 배개 양옆에 높은 부분에 뒤통수 대고 똑바로 누우니 양쪽 다리를 쫙 펴도 왼쪽다리가 안아파요   거북목이랑 척추측만증 때문에 자세가 굉장히 안좋아졌는데 그것땜에 왼쪽 다리가 그런건지  아님 무릎이랑 허벅지 문제인건지 모르겠어요 ,신경외과
두통 뇌압상승 증상 맞나요 ,안녕하세요   대 남성입니다  작년  월부터 시작된 두통이 멈추지 않아서 질문남깁니다    평소 지병   비만   고혈압            당뇨   현재증상     급격한 난시   머리 이마 위쪽 두통  머리 조이는 두통    안면부 코 눈 안쪽 통증   눈에 힘주면 통증 더 심해짐    기억력 저하   어리버리 심해짐  지능저하     어지러움     상기 증상들    년전부터  년에 한두번    시간이상 잔날  하루씩 증상있었으나 다음날 자고일어나면 정상으로 돌아왔었어요  그런데 작년  월부터 나아지지않고 증상반복   병원 방문 내역   안과   급격한 시력 저하로 안과  곳 방문하여 종합검진받았으나 안압이나 시신경검사 결과 이상없음   난시만 있다고 답변받음  어렸을때부터 난시는 있었음  불편할정도의 난시는 아닌거같으니 본인이 불편하면 안경 맞추라고 권유받음   이비인후과   부비동염 x   동네 신경외과   의사 권유로 x ray 촬영하였으나 특이사항 발견되지 않아서 mri 진료의뢰서 작성해주셨어요  악성뇌종양은 아닌거같다고 하셨어요     종합병원   소견서 들고 종합병원 신경외과 방문하였으나 고혈압 때문이라고 하시면서 mri안찍어도 된다고 하셨고 CT만 찍어도 될거같다고 하셨어요  혈압약  긴장성 두통 일수도 있으니 근육이완제  진양에페리손정  올메텍정   mg  처방 받고 복용하였으나 평소 고혈압성두통  뒤통수 두통 이랑 어깨 통증은 나아졌는데 위 증상들은 사라지지 않음    위 증상들 보면 뇌압상승 증상 맞나요  그리고 혈압약하고 뇌압약이 다른가요  혈압약 먹어도 소용이없어요,신경외과
거북목 편두통 질문,몇달째   시간 내내 지속되는 편두통 때문에 고생하고 있습니다     CT MRI 다 찍어봐도 정상이라고 나오고  약도 이제는 효과가 없어서 조금 절망적인 상태입니다    혹시 경추성 두통이 아닌가 싶어서 한의원 가서 침도 맞아보고 마취통증의학과 병원 가서 주사도 맞아봤는데 전부 큰 효과는 못 봤네요   저는 컴퓨터를 사용하는 일이 잦아서 약간 일자목 증세가 있어서 예전에는 엑스레이도 찍어봤는데 이상하게 목도 정상이라고 하시네요  근데 마취통증의학과에서 상담해보니까 경추성 두통은 엑스레이 CT MRI 찍어도 안 보이는거라고 하셨는데 그러면 제가 진짜 일자목 때문에 경추성 두통이 생긴건지  맞으면 다른 치료 방법에는 뭐가 있을지 궁금합니다    자세교정이나 도수치료 이런거라도 받아야 될까요,신경외과
근디스트로피 희귀난치병을 판정 받았습니다,제가   대 초반에 갑자기 눈꼬리가 처지고 몸에 이상을 느껴 병원을 가보니 중증근무력증 판정을 받았습니다 그래서  년 가까이 약물치료를 하고 있는데도 갈수록 걷는게 불편하고  발목을 자주 삐어서 반깁스를 끼고 살았습니다 좋아지진 않고 계속 악화만 되서 병원을 옮겼습니다 이전 병원에서 검사를 했을때 별 이상이 없는것으로 보인다고 하더라구요 그래서 그냥 가라는데 어이가 없어서 계속 얘길 했더니 엠알을 찍어 보자고 하더군요 찍은결과 종아리 아래로 근육이 거의 지방으로 바껴 있다고 하더라구요 그리고나서 근디스티로피 진단을 받았습니다 지금까지 약물치료를 하고 있는데 효과가 있는지 모르겠습니다 장애판정을 시도했는데 캔슬 됬습니다 지금 현재 바닥에서 일어날때 바닥이나 벽등을 짚어야 일어날수가 있고 수시로 무릎에 힘이풀려 주저 앉으며 약간만 경사가 있어두 잡을곳이 없으면 무릎에 힘이 안발가들어가서 걷기가 힘듭니다  조금만 걸어두 숨이차고 땀이 납니다 발가락도 변형이 왔고 다리도 휘었습니다 요즘엔 숨도 좀 가쁜거 같구 허리 통증도 심해집니다 시간이 지날수록 무서워 집니다 병원 갈 날은 아직 멀었는데 좋아질수는 있는걸까요  저와 비슷한 병명을 가진분들 조언 부탁드립니다 ,신경외과
안녕하세요 제가 일주일전에 재채기를,안녕하세요  제가  주전에 재채기를 하다가 허리가 삐끗  했다고 해야하나  허리가 나갔다고 해야하나   그래서 찜질하고 소염진통제도 먹고 해서 당일보다는 나아졌는데 지금도 계속 아파서 자리에 앉아있기가 힘들고 오래 누워있어도 힘들더라구요 등쪽이 아니라 허리랑 골반이 이어지는 부분이 아프구요 오랫동안 앉아있으면 눌리는 느낌이 나서 더 아파요 그리고 다리저림도 있구요  허리디스크 증상인가 싶어서 찾아보고 해봤는데  허리숙이는데 아무런 문제가 없고 누워서 다리를 높이 들어도 아프지 않고 다리저림도 다리 뒷부분이 아니라 앞부분  골반  자궁근처부분이 저려서 이게 뭔지 혼란스럽습니다  이전에 허리가 아팠어서 신경외과에서 신경주사 맞았던 적은 있습니다  대충 어떤 건지 추측이라도 가야 어느병원을 가야하는지 알거같아서 올립니다    도움부탁드려요,신경외과
갑자기 유연성 테스트 하다가      허리 아픔   ,삔건 아닌거 같고 오른쪽 허리가 아파요 하반신 마비까지 올까 무서워요 기분탓인지 지금 다리사 그냥 감각이 좀 이상한거 같아서요 다리 느낌이랑 걸을순 있어요 근데 뭔가 느낌이 이상해요 찌릿하기도 하고 왜 이런거죠 시간 지나면 괜찮을까요     ,신경외과
뇌진탕인가요 ,술 마시고 넘어져서 머리를 써게 부딪친거같은데기억도안나고 그날 마니 토하고 마니 어지러웠어요  술때문에 그런줄알고 하루 이틀 지나면 괜찮켓거니 생각했는데 아직 눕거나 일어날때라던지 머리를 좀 움직이면 핑 도는데    이건 왜 그럴까요 ,신경외과
우뇌 가운데가 가끔씩 찌릿하고 아픈 통증에 느껴지고 우측 엉덩이 골반쪽이 요즘 계속 저릿합니다  그리고 얼마전 병원에서 뇌 mri찍어보앗는데 뇌,우뇌 가운데가 가끔씩 찌릿하고 아픈 통증에 느껴지고 우측 엉덩이 골반쪽이 요즘 계속 저릿합니다  그리고 얼마전 병원에서 뇌 mri찍어보앗는데 뇌앞쪽에 병변흔적이 있었다 하더라구요  자세한 의사님들 소견 듣고싶습니다 그리고 어제도 뇌통증을 느끼다가 계속 우측뇌쪽에 뭐가찬느낌이 납니다,신경외과
뒤통수 아래가 부어있는것 같아요,두통때문에 머리를 만지다가 보니 사진에부위가 뼈가 튀어나온것겉기도하고 주위가 근육이 부은것처럼 솟아올라와있어요  발견후 이개월정도 됐습니다  목부분이 안좋아서 두통이 있는거라고 하던데   두통도 여전히있도 오른쪽 목도 아픕니다  뒤에 부어있는것이 자꾸 신경이쓰이네요 원래 오른쪽이 더그랬던건지는 잘 모르겠는데 확실히 왼쪽보다 부어있는데 무슨 문제일까요   치료가 필요할까요 필요하다면 어디로가야할까요,신경외과
쌔게 때린 꿀밤으로 뇌 손상이 오나요,지금은 중  인대 제가 초등학교    학년쯤 친구들과 가위바위보를 해서 진 사람이 딱밤 맞기를 했습니다  그때 저의 생각으로 머리를 엄청 강하게 맞았던 기억이 납니다  그 정도의 충격으로 뇌손상이 오나요 ,신경외과
뇌경색 기억력 저하,어머니는 중학교때 돌아가시고 아버지가   살 뇌경색 진단을 받았습니다  저희집이 부유한 집안도 아닌데 그냥 병원비 내기에는 너무나 큰 돈입니다   그래서 어떻해서라도 보험받을려고 하는데 아버지가 기억을못하는거 같아 보험 못받을까봐 걱정입니다  기억력이 좀 심하게 저하된거같은데    조금이라도 심해지는걸 막고싶네요 입원실에 있을때 할만한 기억력 저하 예방 뭐가 있을까요  ,신경외과
왼쪽 팔꿈치 시림 증상,전날 아무 증상 없없습니딘 부딧치거나 무리한 운동을 한것도 아닙니다 근데 아침부터 왼쪽 팔꿈치를 움직이면 시리면서 통증이 발생합니다 뭐죠 이건,신경외과
코로나 증세에 대해서 질문합니다 ,오늘 자가격리가 끝나는데요  그동안 목  기침  가래 증세가 있었는데  어제 가래를 뱉고나니 귀가 아픈데  이 증세는 왜 그럴까요  이비인후과 가봐야 할까요  금요일에 군입대하는데  진료를 받아 봐야 겠지요 ,신경외과
앞발바닥 발가락부근발바닥 통증,앞발바닥 이라고 해야하나 발가락부근 발바닥이 걸을때 아파요 그부위가 멍든것 처럼 동그란모양으로 빨갛게 올라왓고 돌맹이 낀꺼마냥 이물감까지 느껴지는데 단순 피부염일까요  사진 첨부 합니다,신경외과
두통에 귀속통증  고막쪽  증상좀 알려주세요  ,열이 조금있었다가 지금은 열은 안나는 상태인데 두통은 계속있고 몸에 힘이없습니다  찾아보니 뇌수막염증상이랑 비슷한데 두통이 계속 있거나 심하면 귀속이 아프기도하나요  아니면 다른증상이 있는건지 귀속 안부분 고막쪽 에 통증이 계속있습니다  두통때문에 귀속이 아플수도있나요 ,신경외과
머리 두통 목이랑 연관있을까요  ,한 일주일 좀 안된거같은데 이불 말아서 비고 잔다음부터 왼쪽 관자노리 뒤통수쪽 두통이 시작되었습니다 목 뒤쪽 건디리면 두통이 좀더 심해지구요 잠을 잘못자서 목에 잠시 문제가 생기면 두통도 동반될수 있는지 궁금합니다     진통제 먹어도 소용이 없네요   어느 방향으로 편하게 목을 뉘우치면 두통도 안느껴지고 그러네요    왜 이런건가요 ,신경외과
허리 신경성형술  생리,허리신경성형술 예약이 내일인데 갑자기 생리를 해서 난감한데 생리후로 미루는게 낫겠죠   하   ,신경외과
혀가 뻐근한데 병원 가야되나요   ,머리를 잘못돌렸는데 갑자기 머리에 담걸린 느낌이 들더니 갑자기 목이 뻐근해 지더라구요   분정도 지났는데 지금도 혀가 뻐근하고 침삼킬때 약간 힘을 줘야 되요   삼킬때마다 뻐근하구요  이런느낌이 처음이라 당황스럽네요  혹시 병원 가야되는건지 궁금해서 여쭤봅니다   대입니다,신경외과
경동맥 질문요,사진 왼쪽 귓밑턱부분 꾹 눌리니 왼쪽 머리정수리 부분이 찌릿합니다 아주 미세하게 경동맥 통증 어떤게 오나요 저만그런가요 요즘 어깨통증도 약간있고 목디스가 생각중이긴한데,신경외과
오른쪽 뒷머릿속 통증,일어났을때  머리 숙였을때 진짜 오른쪽 뒷머릿속이 너무 아파서 바로 주저 앉을정도인데 오늘 점심먹고나서 부터 이렇거든요   지금 증상 나타난지  시간 정도 지났는데 왜 머리 아픈건지 모르겠어요 진짜 너무 아파서 눈물나는데    뭐때문에 아픈건가요     갑자기 왜이러는지  코로나   격리중이라 병원도 못가는데      무슨 심각한 병이면 어쩌지 생각도 들고    ,신경외과
코로나 완치 후 밀접접촉,코로나 완치 후  현재 완치된지 약 한달  어제 밀접접촉자와 있었으면 어떻게되는건가요 ,신경외과
머리가 멍하고 몽롱한 증상,증상이 나타나기 이틀전에 두통이 있어서 두통약을 복용 하였습니다    월   일 아침에 화장실에서 대변보고 나왔는데 갑자기 머리가 멍해지고 안구의 통증 조금과 함께 저릿저릿하게 보였습니다  그리고 점점 증상이 완화 됐는데 머리가 꿈꾸는 것같고 멍하게 느껴졌고  눈이 뿌옇게 보이는 느낌이었습니다    월   일 위의 증상이 계속 되다가 머리가 아니라 눈의 문제인가 싶어 안과를 가서 안압 검사  시력 검사 등 여러 검사를 해보았는데 각막이 눈썹에 찔린 상처 조금 있다는 것과 편두통 전조증상인 것 같다는 것 말고는 이상이 없다고 했습니다    월   일 방금 전 혈압을 재봤는데       이 나왔습니다  다른 두통이나 속 메슥거림  기억력 저조같은 증상은 없고 여전히 자다가 깬듯이 몽롱하고 멍한 상태만 계속되고 있는데 원인이 무엇인지 알 수 있을까요    그리고 생리불순 때문에 야즈를 지속적으로 복용한지 일주일이 넘었고 피어싱 붓기 때문에 마이노신과 두통때문에 이지엔 를 복용했는데 이 약들이 원인이 될 수 있나요     병원을 가게 된다면 신경외과를 가야 하나요    추가적으로 스트레스를 받긴 했지만 크게 지장갈 정도로 받지는 않았고  산책을 나가보아도 정신이 맑게 느껴지지 않습니다  그리고 가끔 작거나 조이는 옷을 입게 되었을 때 멍해지는 느낌을 받기도 했습니다 ,신경외과
집중  할때 머리가 아파요,사람 앞에서 피아노 칠때 머리가 아프고 게임 막 이길라고 할때 머리가 아파요 왜 이럴까요   ,신경외과
잠자다 신경눌림,토요일에 손이 저려서 오늘 병원에 다녀왔는데  잠자다가 신경이 눌려서 그럴 수 있다고 하더라고요  눌린 신경이  일   일 까지 풀리지 않는 경우도 있나요  정획히 토요일 언제 저렸는지 기억은 제대로 나지 않는데  일어나고 바로는 아니었던 것 같거든요   ,신경외과
뇌 희귀질환 산정특례,뇌 희귀질환으로 산정특례  년인가 적용 받았는데 희귀질환으로 인한 증상이 없이 단순히 경과체크 하는걸로 mri 촬영시 산정특례 적용이 가능한가요   서울대 병원에서 산정특례 적용받았는데 너무 멀어 집근처 대학병원으로 가려 하는데 서울대병원만 산정특례가 가능한건지 궁금합니다,신경외과
뇌기능저하,제가 옛날에 얼굴 구타 당한것도 있고 운동중에 유도를 했는데 경기할때마다    cm사람이 허벅다리나 허리후리기 같은거 넘어갈때 낙법도 못치게 수직 다이빙 되게 머리 꽃힌기억이 많은데 이걸로도 뇌기능이 저하되나요  궁금해서 한의원 같은데 가서 뇌검사 받아봤는데 일반인이 머리를   프로 쓴다면 저는   프로 바께 못쓴다고 합니다 운동하고 멍청해진 기분이에요,신경외과
뇌출혈 재발방지,오빠가  년 사이로 두번 뇌출혈이 와서 회복중이에요  아이들도 어리고 오빠도 아직   대여서 앞으로가 걱정이 되어서요  혈압약을 먹고있었는데 혈압이       정도가 될때가 있었다는건 혈압약이 안맞고 조절이 잘 안되고있었다는 거겠지요    오빠가 처음 발병했던 대학병원에서  달에 한번 진료보며 약을 타왔다고하던데 혈압약은 가까운 병원에서 더 자주 진료보며 맞는약 찾는게 더 안전할까요     뇌출혈이 왔다는건 그당시 혈압이 높았다는건가요     혈압이 높지않아도 뇌출혈이 올수 있는건가요     얼마나 높아져야 뇌혈관이 터진다 할수있는 수치가 있을까요     손목에 차는 혈압측정 가능한 시계를 차고다니며 수시로 체크하는게 안전할까요     혈압이 어느정도 높게 나올시 병원에가서 약을 바꿔야하는걸까요     혈압이 약으로 잘 조절되지않는 이유는 뭐가 있을까요 ,신경외과
허리저림,웨이트트레이닝  중량스쿼트 하고나면 허리랑 둔근이랑 대퇴전면이 너무 저립니다 왜이런걸까요 ,신경외과
머리수술 기간,안녕하세요배달 하다가 제 실수로 뇌출혈 옆머리뼈 골절로  달동안 기절해있었다가 깨어나서 현재 다시 입원중인데 현재소변줄이랑 머리에서 나는 피통 뼈 고정시키는 붕대도 두르고 있는데 언제 다 떼는지 궁금합니다,신경외과
미만성정중부뇌교종 치료,미만성정중부뇌교종 감각을 담당하는 부분쪽에 생겼는데 치료가 안되나요   수술로 제거하면 안되나요  ,신경외과
문틀 철봉하다가 떨어졌어요,문틀 철봉하다가 철봉이 떨어졌습니다  처음에 좌측 엉덩이  허리쪽으로 떨어졌고 그 다음에 뒤통수쪽으로 떨어졌습니다  엉덩이나 허리는 파스 붙이면 될거 같지만 머리는 크게 걱정됩니다  가뜩이나 떨어진 바닥이 마루로 되어 있어서 딱딱한데     뇌진탕이나 두부외상 걸릴까봐 걱정입니다  처음에는 뒤통수가 아프고 어지러웠는데 지금은 조금 어지럽기만 하고 괜찮은거 같은데 그래도 혹시 병원에 가야되나요  간다면 어디로 가야되죠       너무 걱정이에요  광고나 쓸데없는 얘기는 신고합니다 ,신경외과
침대에 머리부딪친후,열흘전에 침대에 머리를부딪혔는데 처음에는 부딪힌곳에 손이스치기만해도 찌릿하고 마취한거같이 부위가 얼얼했지만 서서히 좋아지는거같아 병원을안갔습니다  지금은 평상시에는 괜찮은데 부딪힌부위를 누르면 통증이있습니다 속이메스껍거나 구토 어지럼증은 전혀없습니다 놔두면 괜찮아질까요 ,신경외과
악성신경교종  등급에서  등급으로 넘어가는 중입니다 ,제 이야기는 아니고 지인이 악성신경교종이고 그중에서 뭔지는 들었는데 잊어버렸다고 합니다  이래저래 검색해보니 수술을 해도 사실상 완치는 불가능하고 재발할 확률이 높다고 하던데 궁금한 부분 질문드리겠습니다       등급에서  등급 넘어가는 시기면 사실상 수술을 하여도 연명 치료선에서 그치는 건가요     수술비와  회복기간은 어떻게 될까요   답변 주시면 감사하겠습니다 ,신경외과
미만성정중부뇌교종 대해서,의학 관련되서 아무것도 안나와있는데 알려주세요    궁금합니다,신경외과
뇌종양 치료 후 장애인 증명서 받아야 할까요  내공    ,뇌종양 양성 판정을 받고     년  월에   서울 강남세브란스에서 수술을하고 치료를 했습니다    아직 케프라 약을 먹고 있는 상태이고 수술 후에 다른 증상은 없었으며 관찰 중 입니다   제가 중환자로 분류가 되어 있는건 들었는데 혹시 장애인 증명서를 받을 수 있고  받아야 할까요 ,신경외과
뇌하수체선종수술 앞두고 월경시작 수술진행여부,작년에 뇌하수체선종 코로 수술 후 남은종양이 있어 이틀뒤 눈썹절개술로 수술하는데요 아주살짝 피가 비추는데 곧 월경시작할거같아요 월경해도 수술진행하는데 지장없을가요 ,신경외과
뇌진탕 후 이상후각증세 치료가능할까요   , 주전쯤 술을먹고 안면을 돌바닥에 세게 부딪힌 후에 일주일 후부터 서서히 약품냄새같은 냄새가 나기 시작했는데  이제는 거의 모든 음식에서 약품냄새가 나고 수돗물  공기마저 그 특유의 역한 냄새가 나서 밥도 못먹고 일상생활이 너무 힘들어졌습니다   후추나 식초같은 강렬한 냄새는 아직 느껴지는데 치료가 가능할까요  정말 힘들어요  ,신경외과
두개내저압성두통에 대하여,  열이 나나요    ct mri 뇌수척액 으로 진단을 받을수 있나요    두개내저압성두통 환자는 입원 할 가능성이 어느정도 되나요    구토나 울렁거림에 증상이 올 수 있나요    입원한다면 어느정도 입원해 있나요 ,신경외과
뇌진탕 후유증 운동,안녕하세요  월  일날 뇌진탕 으로 인해 기절하고 현재 안정을 취하고있는데 어지럽기만하고 통증없고 그런데 너무 누워만있어서요 혹시 운동 헬스를 해도 되나요  가만히 누워있어서 더 어지러운거 같아서요  ,신경외과
머리 두통,그림상 노란색 동그라미 표시된 부분에 잠시 지압 하듯이 아파요 뭔가 이어서 아픈 느낌이예요,신경외과
앉거나 누울때 허리 고관절 통증때문에 힘들어요,  살 남자입니다  재작년 디스크가 터졌습니다  심한 추간판 탈출증은 아니었길래 그럭저럭 보존적 치료를 받으면서 버티고 있었습니다   그러던 작년  월 경 기숙사 생활을 하면서 허리쪽이 움푹 파인 기숙사 의자와 푹 패이는 침대를 사용하면서 생전 멀쩡하던 고관절에 이상이 생겼습니다  고관절을 움직일 때 두둑하는 소리와 함께 통증이 동반되기 시작하였습니다  중요한건 이때 허리통증도 같이 심해지며  허리를 펼 때에도 두둑소리와 통증이 동반되기 시작하였습니다    허리  고관절 mri를 둘다 찍어봤는데 의사들 소견으로는 허리에는 추간판 탈출증이 있지만 일상생활에 큰 지장은 없을 정도다 라고 하고 고관절도 일상생활에 전혀 지장 없는 상태다 라고 하네요    주요 증상으로는 우선 개구리 자세가 안 됩니다  양 다리 다 벌렸을 때 뿐만 아니라  한쪽다리만 개구리 다리로 만들어도 두두둑 하는 소리와 함께 뼈가 뒤틀리는 느낌을 받습니다    그리고 앉기가 힘듭니다  통증만 있는게 아닌  앉아서 다리를 움직이면 고관절에 통증과 함께 두둑거리고 일어나서 허리를 펴면 앉은 시간에 비례해 커지는 두두둑소리와 통증이 동반됩니다  특히 피시방의자 같은 경우에는  분 이상 앉을 수 없을 정도로 통증이 심합니다    더군다나 수면도 힘듭니다  누울때는 허리가 아파 연달아  시간 이상 자기가 힘들고 종종 우울하고 자살생각도 듭니다     확실한 대안제시를 바라고 하는 질문이 아닙니다  아에 진료  치료 방향을 모르겠어서 드리는 질문입니다  증상으로 보아 관련된 질환이 짐작가시거나  어떤 검사  진료를 받아보는게 좋을지 생각 드시는게 있다면 말씀해주시기 바랍니다   이제 정형외과 진료를 봐야할지 신경외과 진료를 봐야할지도 혼란스럽더라구요   ,신경외과
머리에 혹 가라앉고 통증,일주일전에 크게 넘어져서 머리에 혹이 났어요 약간 부었고 만지면 통증이 있고  넘어지면서 근육이 긴장했는지 목 근육이 땡기고요  어지럽거나  구토가 나는 등의 증상은 없어서 따로 병원은 안갔고 목이랑 어깨가 아파서 침만 맞았어요  이제 머리에 혹은 가라 앉았는데 아직도 그 부분을 건드리면 통증이 있어요  혹이 가라앉으면 같이 사라질 줄 알았는데 만지면 아직 통증이 있어요  이거 말고는 괜찮은데 병원에 가봐야할까요  아니면 좀 더 지나면 통증도 가라 앉을까요 ,신경외과
아페락정 에페릴엠sr서방정 프레징크정 리마스타정,허리디스크 협착증이잇어서 정형외과에서 한달약처방 받앗는데 아침저녁으로 복용하라구하는데 한달복용해두 몸에이상없나요 아페락정 소염진통제로 알고잇는데 소염제가 안좋다구해서요 병원이구 약국에서도 아무이상없다구하네요  ,신경외과
신경계 손상 가능성,친구가 생일이라고 생일빵을 제 오른쪽 날개뼈를 주먹으로 쎄게 때렸거든요 근데 이게 아침에 그런게 지금까지도 계속 아프면서 오른쪽 팔 전체가 아프고 팔 신경이 아픈것처럼 많이 아파요 이런거 어디 병원으로 가야할까요 날개뼈 과격당했는데 팔 전체가 아프고 뻐근하고 신경통증이 심해서요   병원 빨리 안가면 위험 한가요  신경쪽이 다친거 아닌가 걱정되네요,신경외과
전자기기를 너무 자주 사용해서인지 두통이 있습니다 ,아이패드를 구매하고 난 이후로  아이패드로 주로 공부합니다  요즘 공부를 하루에도 장시간 해야하는 상황  이어서 아이패드를 많게는    시간을 보거든요  거기다 자료 찾을려고 노트북도 자주보고       쉴때는 스마트폰 보고    이러다 보니 어느샌가부터 눈이 자꾸 피로해지고 침침해지더라고요    거기다 저는 방에 불끄고 스탠드를 켠채로 공부하는걸 좋아하는데  스탠드 빛이 요즘에는 과하게 느껴지더  라고요  그럴 때면  모든 전자기기의 밝기를 줄여야 공부가 가능합니다    그런데 중요한건 어느샌가부터 머리가 어지럽거나 두통을 종종 느낍니다  자고 일어나서도 피로감이 가시지  않고 책상에 앉아도 쉽게 피곤해지고  졸립습니다  병원 가봐야 할까요 ,신경외과
눈 통증 관해서 질문드립니다 ,안과 가서 안압 검사해도 정상이었고  뇌 신경   쪽 가서 엑스레이 찍어도 별 다른 사항 없었는데 눈 통증 때문에 오후  시 부터 너무 어지럽고 울렁거림도 동반하며 눈 통증이 심한데   어떤 검사랄 받아봐야 할까요  ,신경외과
고데기 화상 흉터,안녕하세요 엊그제 외출 전에 고데기를 하다가 볼 쪽을 잠깐 데였는데 당장 나가야하는 상황이라  분 좀 안되게 얼음찜질 하고 리도가아제 라는 약품을 붙이고 위에 대일밴드를 덧대어 외출 했었습니다  다음날 약품을 떼어보니 심하진 않지만 고양이한테 긁힌 것처럼 살짝 흉이 생겼더라구요   상처만 봤을 땐 잘 티 안 나는 상처이지만 얼굴 쪽이라서요    일째 미보연고 바르는 중인데   미보연고만 쭉 발라도 되는지   화장을 해야할 경우  외출해야할 경우엔 상처 위에 선크림을 직접적으로 발라도 되는지   가벼운 세안도 안되는지   밴드는 안 붙여도 되는지  붙여야하면 어떤 밴드를 붙여야할지   흉은 안 질 정도의 상처로 보여지는지 궁금해요   민간요법이나 광고성 답변은 자제해주세요,신경외과
피부이식 해야되나요  ,전기장판에 화상입고 물집 한번 잡히고 터지니 이렇게 변햇고 자가치료 할려다가 못해서 한달정도 지낫는데 피부이식 해야되는건가요  ,신경외과
군발성두통 약물치료,안녕하세요   년째 군발성 두통을 봄가을마다 겪고있는   세 남성입니다    휴대용 산소도 항상 구입해놓고   약물은 이미그란정 조믹정 나라믹정  등  수미트립탄 계열 약을 먹고있습니다    그런데 약 먹는 타이밍을 놓치면 통증이 가시지않고 심해지고  약을 먹으면 부작용인지 뒷몸 어깨 등이 엄청 뻤뻤해지고 여나 턱이 뭔가 꺼끌꺼끌한  마비증상 같은것도 같이 와서 최대한 약을 안먹으려고하는데   그렇다고 살짝 아플것같을떄 마다 먹으면 하루에 약을    번을 먹어야되서  몸에 무리가 갈까봐 걱정입니다    요즘엔 스테로이드도 처방을 받는다고하는데   트립탄 약보다 스테로이드가 더 나은가요     통증 초반에 잡지못하면  트립탄 약은 안듣는데  스테로이드는 조금 타이밍늦어도 통증을 금방 가라 앉힐 수 있을까요   고통속에 살고있습니다 도와주세요 ,신경외과
손목저림 질문,노란색 부분이 계속 저려 옵니다 손바닥의 저림은 거의 없는 편입니다  손목터널증후군 인가요 ,신경외과
통증관련질문이요,며칠전부터 정수리 오른쪽 두피  쪽 찌릿찌릿 통증이있고 오른쪽 귀도 통증이있고 오른쪽 가슴에도 통증이 있는데 신경 문제일까요  ,신경외과
잠들고 한두시간안에 생기는 모든 왼쪽 관절 통증으로 수면 장애 일주일에 최소 한번이상 활동하는 동안에는 통증 없음 아파서 깨면 일어나 활동하면,잠들고 한두시간안에 생기는 모든 왼쪽 관절 통증으로 수면 장애 일주일에 최소 한번이상 활동하는 동안에는 통증 없음 아파서 깨면 일어나 활동하면 통증 완화  년전 임신중 생긴 증상 엑스레이상 디스크 없음 골반 틀어짐 자세한 사항은 사진에 적어 놓음 어디 진료과 가야 ,신경외과
뇌혈관 조영술 관련 내공    ,이번에 어머니가 검진을 하셨는데 뇌 촬영 후 검진병원에서 소견서를 써줄테니 조영술을 받을 것을 제안하시더군요   그래서 병원을 알아보고 있는데 서울의 병원을 생각했는데 인천 집에서 거리가 좀 멀어서 어머니가 힘드실 것 같아 인천 병원에서 조영술 검사를 하려고 합니다      인천 병원에서 조영술 후 수술or시술or크기가 작아 일단 두고보자 이런 판단을 들을텐데  그 후에 혹시 모르니 그 영상기록지  를 가지고 서울에 있는 병원에서도 판단을 들어보고자 합니다   여러군데 확인 해보는게 좋다고 해서요   수술or시술을 하게 되면 서울 병원에서 하고 싶은데 애초에 서울 병원에서 조영술을 직접 하고 판단을 듣는게 좀 더 나은건지 아님 영상기록지 로도 충분한 판단이 가능한건지 궁금합니다      인천에서 조영술을 받는다고 했을 때 서울 병원에서 판단을 듣기 위해 진료를 가면 어떠한 걸 달라고 해야 하는지요  답변 부탁드리겠습니다 ,신경외과
mra mri 의사소견서 해석부탁드립니다,대학병원가서 다시한번 검사해보라구 하셨습니다 mra mri 찍고 받은 의사소견서 해석 부탁드립니다  ,신경외과
전두엽 손상 증상인가요 , 년전부터 감정을 잘 느끼지 못하고 주의력도 부족해지고 말소리를 크게 낼 수 없어졌습니다 무엇보다 밖으로 나가면 머리가 아프고 속이 뒤집어진것처럼 안좋아져서 밖으로 나가지 않은지도 꽤 됐습니다 사실 밖에만 나간다고 무조건 몸이 안좋아지는건 아닌데 제 생각엔 아마 예상치 못한 상황이나 준비되지 않은 제 상태에 불안감을 좀 느끼는것 같아요 그냥 정신적으로 문제가 생긴건줄 알았는데 전두엽 손상 증상 같기도합니다,신경외과
뇌하수체 선종 진단 받았는데 종류가 뭘까요 ,MRI 결과 뇌하수체 선종 진단받았고 크기는 작다고 하셨는데 정확히 몇센치인지는 아직 못 들었어요 피검결과 Estrogen Tot     pg mL Progesterone Lvl      ng mL Prolactin      ng mL Testosterone  Fr     pg mL Testoster Tot    ng dL TSH       uIU mL T  Free      ng dL 이렇게 나왔구요 평소 피로를 자주 느끼고 구역감 새벽 두통 안구 통증심하구요 눈알이 빠질것같이 아픕니다 옆이 잘 안보이는 것 같기도하고 유즙분비가 잇긴한데   저같은경우 종류가 뭘까요   약먹으면 나아질까요 ,신경외과
머리를 부딪혔어요    ,오늘 차를 탈때 입구 쪽에 정수리 쯤에 부딪혔어요      아빠가 차문을 닫은 줄 알 정도로 소리가났어요 뇌진탕 초기증상 이면 어떻하지  라는 생각에 남겨 봅니다 머리는 부딪인데가 아프고  검색하고 보니까 어지러운 거 같기도 하고 무섭네요    ,신경외과
왼쪽 뒷머리 혹,왼쪽 뒷머리에 동그랗게 딱딱하게 뭔가 튀어나왔는데 쎄게 누루면 아파요 이거 뭘까요  가운데 뒷머리에도 비슷한 모양으로있는데 그냥 두상이 이런걸까요  제가 지루성 두피염이 있는데 그것때문에 그런건가요 ,신경외과
뇌수막종 수술에 관하여  ,안녕하세요 최근 감마나이프라는 수술을 받은   살 남자입니다   주전에 급속도로 머리가 아파왓었고  새벽에 극심한 두통  구토 설사를 해오다  주선에 응급실에서 mri를 찍은결과     cm의 종양이 있다는 결과를 받아 수술을받고  주일이 안된 상태입니다  수술은 결과적으로 잘됫다고 하셧으나 새벽부터 눈이 부울 정도로 아프고  설사도 계속해서 결과사진을 찍은게 있는데  의사 전문가님이 보시고 알려주실수 있으실까요    인터넷으로 보면 재발가능성도 있다라는 말을 들어 깜짝 놀랐습니다 잘 부탁드리겠습니다 내공     입니다,신경외과
뇌경색   ,저희어머니가 이번에 뇌경색이  번재발이신데 이번에뇌경색으로 시술을했고 퇴원한지는 한 주정도되엇는데  요몇일간 계속잠을 못주무셔서요  잠을 못자고꼬박새못자고  잠을 좀자줘야 컨디션이어느정도좋아질텐데 너무 못주무시니깐 걱정되서 글올립니다   다른문제가 있는걸까요   빠른답변부탁드려요  ,신경외과
코일색전술 후 개두술,아버지가 코일색전술 수술도중에 코일끝이 휘어서 피다가 다른혈관에서 뇌출혈이 발생하였는데 수굴이 끝나고 중환자실에서 의사소통이 안되고 머리에 압이 올라서 개두술을 해야된다고 합니다 이런경우에 수술이 끝나고 가족들을 알아보실수 있을까요   다른 후유증이 남을 확률이 얼마나 될까요    너무 답답하고 큰일이 생기는건 아닐지 너무 걱정이 됩니다   제발 전문의님께서 답변해주세요  ,신경외과
검지 손가락 통증,사진에 표시한 부분 손톱 가장자리 속 부분 이 욱씬 거리면서 아프네요 누르면 더 아프고  휴대폰 슬라이딩 할 때 검지 손가락 저기 부분으로 하는데 오랫동안 혹사해서 그런거 같은데 혹시 염증이라도 생긴 걸까요 아니면 저기가 자꾸 벌어져서 손톱이랑 손가락 사이에 상처라도 생긴걸까요   겉보기에는 딱히 상처나 이상은 없는데,신경외과
손 골절 일까요  ,어제 친구들과 술먹고 펀치기계를 치다가 통증이 느껴져서 좀 잘못됬나 싶어서 자고 일어났는데 중지 정권 부위에 멍이 들어있고 통증이 있네요    혹시 골절일 확률이 높을까요  월요일날 정형외과 가볼꺼긴 한데 오늘 일요일이라서요   추가로 주먹을 꽉쥐거나 손바닥에서 중지부분을 밀면 통증이 느껴집니다 ,신경외과
룸바리제이션,허리가 아파서 병원에 갔더니 룸바리제이션 이라고 합니다  인터넷으로 찾아보니 정보가 너무 없어서 그러는데 매우 희귀한 질병인가요  또한 룸바리제이션이 통증도 불러올수 있는건가요   ,신경외과
심한 왼쪽 팔 통증  손 차가움 증상,저희 엄마가 지금 왼쪽 팔 통증이 심합니다  그전까지도 격렬한 움직임이 있을 때 왼쪽 팔에 꽤 심한 통증이 있었는데 오늘 그 정도가 가장 심하면서 왼쪽 팔이 차가워지고 힘이 들어가지 않는다고 하네요   저번에 병원에 가봤을 때는 엑스레이상에선 아무 문제가 없다며 오십견이라 진단했는데 주사를 맞고도 통증이 없어지지 않았다고 합니다  팔 통증은 그렇다 쳐도 힘이 들어가지 않고 팔이 차가워지는 건 무슨 증상일까요 혹시 팔의 문제가 아닐 수도 있나요 혹시라도 이런 증상에 대해 알거나 들어보신 분 있나요,신경외과
머리가 아픈데 왜 아픈지이유좀 알고싶어요,왼쪽머리가 쑤시듯이 아프고 뇌가 움직이는듯한 느낌도들어요  입벌릴때마다 두통이 심해지는데 이유가 뭘까요,신경외과
오른쪽 다리 통증,안녕하세요  몇개월전에 다리 마사지를 받을 때 하지정맥있는 것 같다는 말을 들었는데  제가 봤을 땐 눈에 혈관이 잘 안보여서 아닌 것같은 느낌에 신경을 별로 안썼는데 갑자기 얼마전에 운동을 한 것도 아닌데 양쪽 장딴지 뒤쪽에 알이 선 것처럼 통증이 있어서 찾아봤더니 하지정맥 초기 증상 중 하나가 종아리 통증이더라구요      그런데 갑자기 이틀전부터는 사진속 한쪽 다리 저 부분만 멍든 것이 아닌데 걷거나 조금만 움직여도 통증이 심할정도로 아파요    혹시 왜 그런걸까요    ,신경외과
눈 떨림 눈 경련,제가 가끔씩 눈 경련이 일어나는데 이게 인상 쓰는 것과 관련이 있나요  인상 쓰면 눈 근육 그렇게 해서 되나       ,신경외과
발목 접지름,제가 어렸을때부터 접지름이 잦았는데 그때는 별로 아프지도않고 그냥 참을만했는데 어제 내리막길에서 미끄러지면서 오른쪽 발을 접지르고 일어나서 다시 걷는데 살짝 불편해서 집에 갔다가 다시 나갈상황이 생겨서 걸었는데 어제는 분명 괜찮았고 꺾을때 잠시 통증이 있었을 뿐 걸을때 아무 지장이 없었어요  근데 오늘 자고 일어나니까 걷는데 오른쪽 바깥 발바닥이랑 바깥 발등이 아프더라구요 그때부터 계속 걷는데 불편했습니다  붓기랑 멍은 없고 그냥 걸을때 아프기만 하네요 인대문제는 아니겠죠 ,신경외과
엄지발가락부터 발등 통증,어제부터 신발신을때나 까치발 들 때처럼 발등을 구부리면 엄지발가락쪽부터 발등까지 찢어지는   통증이 있는데 왜이럴까요     ,신경외과
발 바닥 발목 통증,제가 무거운 관을 산중턱으로 옮기다가 왼쪽 발을 좀 다친 것 같습니다  처음에는 괜찮았는데 시간이 지날 수록 오래 서있거나  무거운 짐을 들고 장시간 걷거나 서있거나 혹은 발과 발목에 무리가 가는 일을하면 초기에는 발바닥이나 발목이 찌릿하다 중기에 양쪽 발바닥과 발이 부어서 평발처럼 보입니다 물론 고통도 같이오고요  말기에는 걸어다니기 고통스러울 정도로 걸을 수가 없습니다  하루 이틀 쉬면 다시 정상적으로 걷고 이동할 수 있는데  어떻게 해야 될지 모르겠습니다  이 발로  년이 지났습니다  그 동안 군대도 다녀오고 아파도 꾹 참고 근무서고  알바하고 할거 다했습니다  워낙 남에게 피해주기 싫어해서  병원도 몇번 가서 x ray도 찍고 했지만 별다른 특이 사항은 발견 못하고 진통제 처방만 받고 다 끝났습니다 어떻게 하면 좋을까요  답변 부탁드립니다 의사선생님 ,신경외과
딱봐도 음성 삘인데 양성인가요,어제 친구랑 같이 밥 먹었는데 그 친구가 갑자기 오늘 양성판정 받아서 저도 자가키트 해봤는데 음성 나왔어요 근데 열 재니까 한  시간정도 계속 올라가서     도 였다가 타이레놀 먹으니까   도 후반대로 떨어지고있는데 따로 병원 가서 검사 안해봐도 될까요   딱히 열이 올랐던거 빼고는 증상 없습니다,신경외과
다리저림,하체운동을 하고나면 오른쪽 대퇴부 전면  후면  장요근  기립근  둔근이 저리고 간지럽습니다 왜그런걸까요  그리고 무슨검사를 해야하나요 ,신경외과
왼쪽 가슴과 전체적으로 가슴통증,저는 스물네살 여자구요  어제부터 심하면 전체적으로 가슴통증이 있고 조금 괜찮아지면 왼쪽 가슴만 통증이 너무 심해 진통제를 먹었는데도 약이 안드는데 왜이러는걸까요   가슴이 쥐어짜듯이 아프면서 누가 때리는것처럼 아픕니다      자꾸 가슴이 아플까요   ,신경외과
턱관절의대해,몇일전에 자가격리 하는도중  밤에 자거 아침에 자고 일어났는데 갑자기 입이 잘 안 벌어져서 턱 마사지를 좀 하면서 풀어 준 후 괜찮아져서 입은 벌어졌는데 그 후로 턱 한 쪽에서 딱딱 소리가 나기도 하고 턱이 무겁다  느껴지기도 하고 턱이 불편하고 신경 쓰입니다 근데 일년에 한 두번 자고 일어 난 후에 입이 잘 안 벌어진 적은 있는데 금방 괜찮아졌습니다 근데 지금은 대략    일째 턱이 조금 불편하고 무겁다고 느껴집니다 구강내과를 방문 해야 할까요   불안해서 약국 방문을 해서 여쭤보았더니 근육 이완제와 소염제를 주셔서 두번 복용하였습니다 그런데 턱에 통증은 딱히 없습니다 어떡해야하나여     너무 스트레스 받습니다      내공     걸었습니다        ,신경외과
팔에근육통,오른쪽 팔뚝쪽이 가만히 있어도 피가 안 통하는 거 같고 힘 쓰면 근육통같이 아파요 왜 그럴까요 왼쪽은 가만히 있으면 안 아픈데 힘 주면 아프고 어제 엽떡 무거운거 들고  시간 정도 걸었긴 했는데 사러 가기 전부터 살짝 팔 느낌이 이상했어요,신경외과
뇌수막염에 대해 궁금합니다, 번 뇌수막염 두통 통증부위가 정확이 어디인가요    번 뇌수막염으로 입원하는 경우는     로 중에 어느정도 인가요    번 입원하는 경우 며칠정도 입원 하나요 ,신경외과
머리아픔    ,종이에 글씨를 쓸때 약하게 쓰면 머리가 살짝 아프다 해야하나  아픈건아닌데 아픔  약하게 쓰기 전에 약하게 쓰면 아플것같다라고 알고있어요     원래는 키보드 휴대폰 자판 쳐도 아팠는데 그건 고쳤고   으악 이걸 뭘로 설명해야 할지 모르겠습니다   정말 고민이에요   ,신경외과
브이 할때 가운데 손가락 통증,반대손은 잘되는데 왼쪽만 그럽니다 초록색 통증부위 잘 안펴집니다,신경외과
낮잠자고 일어났더니 목뒤가 뻐근했어요  잘못된 자세때문인줄 알았는데 시간이 지날수록 목뒤  어깨  등  늑골  배  팔  목 앞  볼 상체부분이,낮잠자고 일어났더니 목뒤가 뻐근했어요  잘못된 자세때문인줄 알았는데 시간이 지날수록 목뒤  어깨  등  늑골  배  팔  목 앞  볼 상체부분이 누르면 통증이 느껴져요   뭘까요    몸살난것처럼 아프네요  ,신경외과
가위에 눌리고 나서 일어나면 발목이 저림,가위에 눌리고 나서 일어나면 발목이 저려요 제가 가위를 자주 눌리는 편이라서 그런데 예전엔 발목이 안 져렸는데 요즘들어서 가위 눌리고 나면 발이 너무 저려요 아 저는 중 이에요,신경외과
코로나 확진 후 증상 질문드려요   ,안녕하세요  코로나 확진 후  일 정도는 발열로 고생 좀 하다가 발열이 끝남과 동시에 치통이 찾아왔습니다     원래 앞 아랫니가  개가 예전에  젓가락을 콱 하고 씹어서 손상 된적이 있는대 지금은 흔들리면서 아무것도 못먹습니다    또한 광대뼈 아래 및 턱관절 그리고 전체 잇몸들이 쑤신다 저린다  라고 표현해야하는지   너무 아프네요  타이레놀을 아무리 먹어도 진통 효과는 없고 너무아파 잠도 못자고있습니다   지속적으로 계속 아픕니다   코로나 확진  일차라 대면진료도 못받고 여기저기 전화해봐도 재택치료기간 끝날때까지는 어쩔수 없다는 답변 뿐이네요    혹시 위와 같은 증상이  차신경통이 맞을까요   ,신경외과
갑자기 머리가 순간적으로 띵해져요,원래 안그랬는데 요즘 가끔씩 그래요 계속 띵하진않고 공부하거나 폰할때 한  초정도동안 그래요  뇌가 흔들리는 느낌이랄까요 머리가 댕하고 울리는 느낌   질병일까요,신경외과
걸을때 골반 통증,걸을때마다 오른쪽 골반 쪽이 너무 아파서 절둑절둑 걷게 돼오    며칠 전부터 이랬어요  일주일정도   아직 고등학생이에요 다리는 자주 꼬는 거 같고    그래서 무의식에 꼬아서 의식하면 바로 풀고 자세도 최대한 허리 피고 앉아있으려고 노력해요  골반쪽 누르면 통증이 있어요 엄마는 파스 붙이라는데  그리고 어제 밖에 걷다가 갑자기 너무 아파서 걷다가 멈춰서버렸어요  원인이랑 치료방법 좀 알려주세요  집에서 간단하게 할 수 있는 운동같은거   제가 좀 마른 편이어서 약해서 그런건가요 ,신경외과
머리 왼쪽 관자놀이 부분 통증,평소에는 없습니다  하지만 손으로 마사지 하듯이 눌렀을때 오른쪽 부분이랑은 느껴지는 감촉이 조금 다르고 이물감은 없음  전체적으로 살짝 조금 더 튀어 나와있는 느낌  위치는 정확히 관자놀이 위쪽으로 퍼져있는 느낌이고 눌렀을때 통증이라 느껴져 궁금해서 물어봅니다 이런 경우는 어떤 증상인가요    단순 피로 문제일까요 ,신경외과
좌측 아랫배 걸을때 마다 강한통증이오고 두통과 호흡곤란이 같이옵니다 혈압은 정상인데 식은땀은 간헐적으로 나고 헛구역질은 매번  시간주로하는거같습,좌측 아랫배 걸을때 마다 강한통증이오고 두통과 호흡곤란이 같이옵니다 혈압은 정상인데 식은땀은 간헐적으로 나고 헛구역질은 매번  시간주로하는거같습니다  틀째 배변활동이 안되고 있습니다 이러한 증상들은 병명이 어떤건가요,신경외과
술마시고 나서 오른쪽 승모근 통증,가끔 술 진탕 마시다가 마실때는 괜찮은데 다마시고 잘때쯤에 오른쪽 승모근이 너무 아파서 잠을 못자고 누워있지도 못하고 누워있음 과호흡 증상이 오고 이거 왜이런건가여 ,신경외과
재채기하면 골반통증,재채기 하거나 가만히 누어있다 자세 바꾸려고 할 때 골반이 칼로 찔리듯이 쑤십니다  원래는 안이랬는데 한  주 전부터 이러더니 낫지를 않네요  병원에 가봐야 하나요 ,신경외과
뇌경색 뇌졸증,안녕하세요  현재   살 대학생입니다  작년 가을 겨울때 쯤에 그 전에는 없었던 편두통과 눈이 뽑힐 것 같은 느낌과 가슴 답답한 증상을 느꼈습니다  당시에는 스트레스를 심하게 받는 상황이 있었어서 스트레스때문이겠거니와 했고  방학을 하고 푹 쉬면서 이러한 증상은 많이 사라졌지만 최근들어 자주 깜빡하고 말도 조금 어눌해지고 이해력이 떨어지는 것과 같은 느낌이 듭니다  검색해보니 뇌경색의 증상과 비슷한것 같은데요  제가 예민해서 착각하고 있는건지 아니면 검사를 받아봐야할지 고민입니다  검색해보니 검사하는 비용도 만만치 않던데  단순히 저의 착각이라면 비용도 많이 깨질 것 같아서 지식인들의 조언이 필요합니다  ,신경외과
허리디스크 추간판탈출증 엑스레이,안녕하세요 군대에 있을때   월 일    번 허리디스크로 경피적 수핵 감압술을 진행했습니다 한달전쯤 전역하고 허리가 계속 아파서 그런데 엑스레이 찍으면 되나요  씨티나 엠알아이는 가격적으로 부담이 너무 돼서요   ,신경외과
기절하면 뇌세포 죽나요 ,제가 목이 졸려서 거의 기절하기 바로 직전까지 간적이 있는데    몸에 힘이 안들어 가고 눈이 풀림  몇초동안 기절하면 뇌세포가 죽나요     뇌세포가 조금 죽어도 사는데 지장은 없겠지만 공부를 해야해서 너무 신경이 쓰여서요    답변부탁드립니다   뇌세포는 다시안자라나요 ,신경외과
머리와 아마를 방망이로 구타 당한후 미각 후각등 뇌손상,미만성축삭삭손상회복되나  중등미만성축삭손상은   프로가 손상된단는데   ,신경외과
뇌와 눈의 관계,안녕하세요   좌뇌는 물리적이고 이성적인 사고를 담당하고 우뇌는 직관적이고 창의적인 판단을 담당한다고 알고 있습니다   그런데 눈은 뇌와 교차되어 X자  연결되어 있다고 알고 있는데  주로 사용하는 눈의 위치에 따라 뇌에도 영향이 미칠 수 있나요   이성적이고 물리적인 판단력을 강화시키기 위하여 우측 눈에 좀 더 초점을 맞춰 자극을 수용하는 것이 유의미한 일인지 궁금합니다   우측 눈이 좌측 뇌와 연결되어 있다고 생각하기 때문에 ,신경외과
일자목 거북목,일자목 거북목인지 모르겠지만 목뒤쪽 부분에 통증이 심하고 아침마다 너무 뻐근합니다 혹시 어느 병원을 가야할지 인터넷에 자주 보이는 경추베개  같은걸 쓰면 효과가 있는지 질문드려요  ,신경외과
코로나 확진자 뇌검사, 일차 확진자입니다    일차가 되니 머리를 누가바늘로찌르는것처럼 계속아파서 뇌검사를 받고싶은데 어떡하나요   확진자 검사가 가능할까요 그리고 비용은 얼마나나올까요,신경외과
노발리스방사선 문의,안녕하세요 청신경초종으로 방사선수술받은지 내일이면 일주일이 되는날입니다 방사선 전에도 어지러움이 있었지만 하고난후 어지러움이 더욱 심해진것같습니다   일상생활을 할수가없습니다   너무 어지러워서 병원에 약처방도 받았지만 더 어지러운것같아 힘듭니다   의사선생님은 괜찮다며 다음달에  차 치료를 받아라고 하셔서 너무 겁이납니다   어지럼움이 없어지는 방법이있을까요 같은 증상인 환자분들이 나아지는 경우가 있는지 궁금합니다,신경외과
관자놀이룰 쌔게맞았어요,오늘 형이랑 싸우다가 관자놀이를 맞았는데 누르면은 아프고 통증이 계속 있어요 병원을 가야할까요  살짝 튀어나온거같던데 혹이라도 난걸까요 살짝 맞아도 머리에큰 지장이있을까요  기억력이 줄어든다던지,신경외과
제가 두통이  일째 지속 되는 중입니다 저번주 수요일에 관물대에 머리를 쎄게 박아고 혹도 났었는데 혹은 이제 없고 머리 두통만 좀 있는데 단순,제가 두통이  일째 지속 되는 중입니다 저번주 수요일에 관물대에 머리를 쎄게 박아고 혹도 났었는데 혹은 이제 없고 머리 두통만 좀 있는데 단순 뇌진탕인가요  ,신경외과
허리디스크 흡연,디스크 환자가 흡연하는 게 안 좋다고 알고 있습니다만 오늘 흡연을 했어도 당장 내일 디스크 수술을 할 수 있나요  수술 전에 금연은 필수인 것인가요  흡연과 디스크에 관련해 지식 좀 나눔해 주세요 ,신경외과
척추 측만증,어머니께서   년 전   년 전 두번 디스크 수술을 받으셧어요   년 전 수술은 골다공증이 심하시다고     번 자리에 인공뼈를 넣는 수술이였는데  어려운 수술이였어요   수술 후 뼈강화 주사를  개월동안 맞으시고  그후  개월에 한번씩 정기적으로 뼈주사 맞고 계시는데  수술 후 척추즉만증이 계속 진행이 되어 있어요   어머니 연세가   세가 넘으셔서 수술을 결코 원치 않으시긴 한데  집도하신 선생님은 다른데로 옮기시고 처방하시는 의사에게 물으면 뼈가 썩어서 방법이 없다는 어처구니없는 말을 해서 병원을 옮겨 방법을 어쭈어 보지만 신경치료 주사정도만 해주실 뿐입니다   어머니께서는 연세는 있으시지만 지금도 사회활동도 하시고  지금도 자식들 주민번호나 친인척 휴대폰 번호는 저장하지않고 전화하시고 아주 건강하세요   비수술로 측만증을 멈추게하거나 아니면 더디게 할수있는 방법이나 의료기구 같은것을 알고 싶습니다  모르는 부분인데  사랑하는 어머니가 안좋아 지는 상황을 무방비로 지켜보는게 속이 탑니다   방법이 있다면 꼭 좀 알려주세요 ,신경외과
오다리 내회전형 외회전형 체형교정,오다리 내회전형과 외회전형 구별을 어떻게 하나요  스쿼트를 할려는데 내로우스쿼트가 좋을까요 ,신경외과
머리 맞고 눈이 흐릿하게 보여요,동생이 뒤쪽 머리를 잘못 맞았는데 맞고 나서부터 시야 일부가 흐릿하게 보이고 조금씩 욱신거린대요 왜 이런 건지 혹시 뇌 일부가 다친 건 아닌지 어떻게 해야 나아질 수 있는지 정확한 답변 브탁드립니다 추가 내공    드려요,신경외과
뇌진탕인가요  ,월요일 쯤인가 그때 오른쪽 머리를 책장 모서리에 부딪혔는데 그 뒤로 토를 하고 머리도 잠깐잠깐 아프고 팔에 힘이빠지고 아파서 지금 이 글을 쓰는것도 힘듭니다 이게 뇌진탕인지 잘 모르겠습니다,신경외과
앉아있으면 오른쪽 다리가 저려요,안녕하세요    대 후반 남자입니다   앉아서 업무보는 일이 많구요  왼쪽은 저리거나 아프지도 않은데 항상 오른쪽만 점심시간 이후 등따시고 배부르니 졸음이 몰려올    시쯤이면 신경쓰일만큼 무릎아래부터 종아리 중간정도까지 저리다고 해야하나 굉장히 불편합니다    한쪽 다리 쭉 피고 기지개 키듯 스트레칭을 해도 그 순간뿐 몇 분뒤면 다시 또 저리듯 신경쓰이네요  어떻게 해야 될까요 ,신경외과
뒷목 통증,조금 오래 되었지만 뒷목을 중심으로 목 전체적으로 통증이 아침마다 있습니다  목이 뻐근하기도 하고 가끔 목근육이 뭉쳐 그런건지 두통이 있을때도 있구요 어느 병원을 가야 할지 여쭤봅니다,신경외과
뒷벅지 햄스트링쪽 저린 통증,  대초반 여자구요  한달 전부터 뒷벅지 햄스트링쪽이 저린 통증이 있습니다  오전엔 괜찮은데 일하다가 오후쯤되면 저린 통증이 있습니다  엄청 심한 통증은 아닌데 통증이 한달째 계속 되니까 신경이 쓰입니다   사무직이라 너무 오래 앉아 있어서 그런가 싶어서 점심에   분씩 산책하고 통증이 느껴지면 조금 왔다 갔다 걷기도 하는데 계속 그러네요   무슨 문제인지  어느 병원을 가야하나요 ,신경외과
목 허리디스크,지속되는통증에 병원방문하여 엑스레이와 씨티를찍고  목이 노화되엇고 목과 허리에 디스크초기판정을받았습니다 오늘 목과 허리에 주사를맞고 약을처방받고 다음주병원진료예약하고왔는데  현재 좌식으로된 식당에서 일을하고있습니다  식당에서 일을 계속해도되는걸까요    ,신경외과
증상,기능성 소화불량에 걸린지  달 되가는데 증상 호전이 없네요 밥맛도 없고 변도 잘 안나오는거 같고 상복부 통증도 있고 목 이물감 음식을 흡수 못하는 증상 이정도 있는데 약을 먹어도 낫긴 낫는걸까요  심히 고민됩니다   ,신경외과
발 다치고 난 후 세포 죽나요 ,제가 발을 접질러서 발등 뼈 파편이 떨어져 나갔었는데  일 정도 지나니까 걷거나 움직일 땐 통증이 거의 없어요 근데 발에 세포가 죽어서 그런건지 아니면 뼈가 다 붙어서 통증이 없는건지 궁금해요,신경외과
외관상은 멀쩡한데 누르면 멍든 부위 누르는 것만큼 아파요,멀쩡했다가 오늘 알바 도중에 통증이 생겼거든요  커피폴드 들면서 왔다갔다하는데 이동 중에 거칠게 하다가 손가락에 좀 세게 부딪히나봐요 그런 과정에서 저림 증상이 나타났어요 물론 일시적으로요 자꾸 이상한 곳에 부딪히고 반복되니깐 손가락 저림 횟수도 많아졌고요 근데 이상하게도 갑자기 팔등이 아프더군요 전체는 아니고 한부분만 이상하게 멍든 것처럼 아픈데 그 부위를 세게 부딪힌 적도 없고 손가락만 부딪혔는데 왜 그럴까요,신경외과
오른쪽 팔이 진동이 가끔씩 ,안녕하세요 저는   대 초반 남자입니다 갑자기 오른쪽 팔이 진동이 느껴지는  현상은 무엇일까요 통증은 없고 건축 현장에서 드릴을 사용하면 움직이는 것처럼 근육이 가끔씩 진동이 느껴지는 현상은 무엇일가요 걱정되는게 뇌 출혈 전조 증상일까 걱정되어 여쭈어봅니다 저와 같은 현상이 있거나 알고 계신분 도움 부탁드립니다  감사합니다 ,신경외과
귀 뒷쪽에 통증이 있어요,저부분에 오늘 낮부터 계속 간헐적으로 쑤시는 느낌   그런 통증이 있어요 욱신거린다고 해야되나 바늘로 찌르는 느낌처럼 계속 통증이 한번씩 있는데 뭐때문일까요    병원가려면 어디로 가야되죠 ,신경외과
 월  일날 계단에서 굴러 넘어졌는데,양 쪽 정강이 다 쓸렸었거든요 근데 지금까지 왼쪽 정강이 흉터 있는 곳이 아직도 부어있는 거 같아요 사진으로 보이시려나 모르겠네요 그리고 일상생활엔 문제는 없는데 건들면 아픈정도  왜 그런지 이유 아시는 분 알려주세요   그리고 오른손도 좀 접질렀는데 접질른 부분 검지손가락 중지손가락 사이가 만자면 아직 조금 감각이 무딘 느낌도 있어요 이건 점차 돌아오겠죠    ,신경외과
얼굴에 미세하게 저림,얼굴에 미세하게 떨림  같은게 있구요 이거 느끼기전에는 얼굴에 계속 머리카락 붙어있는 느낌이였어요  지금은 광대밑 볼이 저린데 한    주 전에는 뒤에서 누가 손으로 감싸는 느낌으로 얼굴이 저렸거든요   신경에 문제가 있나요  무슨 병일까요  한쪽만 그런건 아니고 양쪽 다 그러고요  안면마비는 아닌거같은게 눈은 잘 감기고 떠져요 매복사랑니를 한달 전쯤에 빼긴했는데 그거때문에 신경에 문제가 생긴걸까요        불안합니다 전 아직 학생인데,신경외과
엉덩이뼈가 너무 아픕니다 ,몇 시간 전까지 아무런 증상이 없다가 갑자기 항문 뒤쪽의 뼈 꼬리뼈인지 엉치뼈인지 잘 모르겠습니다 쪽에서 뼈가 삔것처럼 고통이 있습니다  앉아있거나 일어설때 누워있을때도 자세를 틀면 뼈가 삔것처럼 아픕니다  며칠 더 아프면 병원을 갈 생각이지만 걱정이 됩니다 ,신경외과
두통때문에 신경차단술을 하려고 합니다      ,안녕하세요   년넘깨 두통과 어지러움때문에 일상생활이 어려운   세 여성 입니다  두통이 너무 심해서 tv랑 핸드폰도 전혀 보지못하고 일반적으로 조금만 집중만 해도 아파서 책도 보지 못합니다 병원에서는 긴장성두통이라고 하는데 운동도 하고 하는데 잘낫지않습니다 메니에르랑도 증상이 비슷 합니다 우연히 검색하다 치과에서 신경차단술 한다고 들었는데 부작용과 효과에 대해서 궁금합니다 아시는 분은 꼭 알려주세요   ,신경외과
혼수상태 청력,저희 할머니께서 저혈당 쇼크로 쓰러지셔서 지금 혼수상태십니다    근데 눈깜빡깜빡하고 기침도하고 가래뺄땐 구역질도 합니다 혹시 소리도 들을수 있는지 너무궁금합니다    노래같은거 들려주고싶은데 일어날수 있으시겠죠    너무 걱정돼서 아무것도 할 수가 없습니다,신경외과
이 증상이 뭔지 알려주세요,몇달전부터 앉으면 어지럽고 머리가 쿡쿡 쑤시고 잠도 일찍 안자지고 자도 자도 피곤하고 심장쪽에 쿡쿡 쑤시고 걸을때 쓰러질것같고 머리가 울렁거려요 입맛도 없어요 심장이 두근거려요,신경외과
코로나로 인해 목과 귀 통증이 너무 심합니다  너무 아파서 괴롭습니다    번 약을 처음 처방 받아 복용하였는데 호전이 없어   번 약을 다시,코로나로 인해 목과 귀 통증이 너무 심합니다  너무 아파서 괴롭습니다    번 약을 처음 처방 받아 복용하였는데 호전이 없어   번 약을 다시 처방 받아 복용하였는데 호전이 없습니다  그나마 어떤 약을 먹어야 더 잘 들까요  아니면 다시 처방 받아야할까요 ,신경외과
왼손 손가락 마비증상,아주 간헐적으로 가끔  일하다가 왼손 손가락이 마비가 올때가 있습니다 길어야  초에  초 사이인데 그 시간이 무척 길게 느껴집니다 주로 가운데 위치해 있는 중지손가락과 약지손가락인데 강하게 조이면서 손가락이 말리며 쪼그라드는  느낌이랄까요 이게 아주 가끔 이러는데 공포스럽네요 증상은    년 전부터 보이기 시작했습니다 병적으로 어디 문제가 있는걸까요 ,신경외과
귀가 심하게울려요  ,거의  주  주정도 된것 같은데 누군가가 큰소리를 얘기하게 되면 오른쪽 귀가 심하게 울리고 먹먹하며  오른쪽 볼을 쓰다듬으면 귀가 많이 울리면서 통증이 조금있습니다  병원에서는 중이염은 아닌것 같다고하더라구요  근데 귀가울릴때 너무어지럽고 두통도 심하게옵니다    진통제를 먹어도 낫지않고    무엇때문에 그런지 모르겠네요  조그만한 목소리도 많이 울리고 누워있을때도 똑같이 울리고 먹먹합니다 ,신경외과
저희 아버지 루게릭병 일까요    ,저희 아버지가 몇개월전 몸이 안좋아지셔서 병원에 다니며 근전도검사 뇌mri ct 혈액검사등 다 해봤지만 병명을 찾지못하고 흐지부지 지금까지 생활하고 계신데요 검색해본바로는 루게릭병이 초기에는 발견을 못하고 중기넘어서야 결국 루게릭 진단을 받는경우가 있다고 하더라구요  현재 아버지는 점점 말을 하기 힘들어 하시고 혀가 굳는증상  어떤 단어를 말하려고 할때 단어를 떠올리지 못함 걷기는 가능하지만 균형도 잡기힘들고 일어나기도 힘들어 하시고 점점 더 힘들어지는것 같아요  제가 몇개월간 지켜본 결과 한의원을 다녀도 진전도없고 정말 루게릭이 아닌이상 이렇게 사람을 힘들게 할 병이 있을지 저로서는 루게릭인것만 같아서 여쭤봅니다 루게릭 증상과 겹치는게 많더라구요  알려주셨으면 좋겠습니다 ,신경외과
심근염 증상이 이런거 맞나요 ,오늘 오후 시부터 진짜 갑자기   왼쪽가슴이 너무 아픈데  징조는없었고 갑자기아팠어요  느낌이 마치 알약먹다가 목이랑 가슴 어딘가에 끼어있는 느낌이나요    엄청 불편하고 음식이나 물 삼킬때도 특정부위에 머가 이물질이 있는것처럼 아픈데   누우면 통증이 심해져요  백신을 일전에 맞았거든요   그래서 찾아보다가 이런 느낌이 심근염증상맞나요 ,신경외과
요즘 감각 이 이상한걸 느껴요,평소에는 안 그러다가도 누워있을 때나 양반다리를 하고 앉아있을 때 불현듯 이상한 감각을 느낍니다   분명 사람 다리는 살이 있어서 누워있어도 바닥에 살이 눌려 말랑한 느낌이 들고  양반다리를 해도 살끼리 마주하기 때문에 말랑한 느낌이 들어야 정상이잖아요  말랑한 느낌이 당연하다는걸 머리로는 분명 아는데 가끔가다 되게 각진 각목끼리 마주대고 있는 것 같은 느낌을 느낍니다 제 다리가 살로 이루어진 게 아니라 정말 각져있고 딱딱한 물체인 것처럼요   내면에서 느껴지는 제 팔다리의 느낌이 그래요 다리 뿐만이 아니라 때로는 엉덩이 뼈가 바닥에 닿을 때도 그래요 처음에는 이것도 뭔가 뇌와 관련된 질환일까  싶었는데 검색을 어떤 식으로 해야 좋을지 알수가 없어서   그냥 스트레스를 받거나 혹은 이상한 생각을 혼자 하는 건지  아니면 이런 이상한 감각을 느끼는 것도 병의 종류가 있는지 궁금해져서요  잘 아시는 분 있으시면 알려주세요 병이 아니라 그냥 제가 이상한 거면 좋겠네요,신경외과
코로나 확진 뇌손상,코로나 확진 되면 집중력도 떨어지고 뇌손상 되나요   후각이 손상되면서 뇌도 손상 된다고 하던데    만약 뇌손상이 된다고 해도 후각이 멀쩡했다면 손상 안된 거 겠죠   오미크론도 마찬가진가요 ,신경외과
뒷목 통증,뒷목이라기엔 애매한데   딱 사진에 표시해둔 저 부위를 중점으로 머리까지 욱신함  땡김  같은게 타고 올라가는 느낌이 가끔 들어요  디스크 같은 느낌은 전혀 아니구 지끈거리는 그런 느낌    너무 심할땐 머리 전체가 울리듯 아파서 타이레놀을 먹으면 차차 가라앉긴 하더라구요 흡연을 연달아 많이 하거나 피곤할때 이런 통증이 오는데 무시할 수 없는 통증이라 스트레스예요  혹시 왜 그런지 아시는 분 있을까요 ,신경외과
한달전부터 핏줄이,사진은 종아리쪽인데 정확히 언지부턴진 모르지만 발견한지 한달정도 됬습니다  양쪽 종아리에 저렇게 핏줄이 보이고 양쪽 허벅지 안쪽도 저렇게 핏줄이 보입니다  만져보면 오돌토돌하게 핏줄이 올라온느낌입니다  사진이 잘 안찍혔는데 실제론 핏줄부분이 좀 더 빨게요 이게 뭐죠  ,신경외과
코로나 자가격리, 월 일자로 검사받고  월 일 양성판정 받고 검사일로부터  일간은 타인 접촉 금지면  월  일에 외출이 가능한건가요  검사일로 부터면  월 일부터  일로 치는건가요 ,신경외과
왼쪽 뒷통수 편두통,제가 왼쪽 코가 막힌 상태인데 코가 뒤쪽으로 넘어가는 느낌이 들면서 왼쪽 뒷통수에 띵하고 찌릿한 증상이 있는데 병원에 가봐야 할까요  ,신경외과
머리 뒤통수 통증,갑자기 어제    일 학원에서 머리 만지다가 혹처럼 되어 있길래 집에 왔는데 오늘 저녁부터 귀 뒷부분쪽에 머리가 누를때마다 아픈   이거 왜그런건가요      진짜 광고 하시면 차단할게요,신경외과
척추랑 골반사이에 간격이 없으면 위험한건가요 ,허리통증 때문에 신경외과 갔는데 저 사이에 간격이 없다고해서요 선천적으로 없는거래요 허리통증이 은근 있어요,신경외과
오미크론 수전증,술은 두달동안 맥주 한캔정도 마실정도로 안먹구요  최근에 커피는 한달에 세네잔    담배는 안핍니다 갑자기 수전증이 심해졌는데 최근에 제 몸에서 나타난 이슈사항으로는 오미크론이 대표적이구요  다이어트를 진행중인데 한달동안  키로정도 감량할정도로 건강 다이어트 진행중입니다 다이어트 보조제로 한약 먹는중입니다,신경외과
머리 신경,저는 머리 왼쪽  귀위쪽 이 약   년 전부터지름 약   cm정도가 가끔씩 쏴한 느낌이듬니다 뭐라할까요 조이는 느낌 아주기분 나쁜 느낌 꼭 그부위만 죽은 느낌  항상 그부분만 그래요  요즘은 갑자기 더 심한것 같아요 머리 안쪽은 아닌것같고 피부조직 인것 같읍니다 잘은 모르지만요 그리고 온몸이 여기저기 가끔씩 뭐가기어 가는 느낌이 들고요 그부위가 약간 가렵읍니다 여기저기 병원 가보았는데 잘모르 시더라구요 그리고 제가 이명이 있읍니다 저녁에 힘들어요 세가지가 복합적으로 이루워 진게 아닌가 싶어요 어디서 무슨 치료를 해야 하나요,신경외과
뇌진탕으로 인한 후유증,안녕하세요 평범하게 지내다가 뇌진탕걸린 중  남학생입니다  축구하다가 뇌진탕에 걸렸는데 병원에선 뇌에는 다행히 출혈이 없다고 하는데 머리는 몰라도 지금 목이 제일 아픕니다  목이 아픈건 쓰러질때 순간적인 충격으로 인한 통증인지 그렇다면 어떻게해야 빠르게 치유되는지 궁금합니다 ,신경외과
뇌경색 진단 이력 있는 상태에서 코로나 확진,안녕하세요     년 겨울쯤 뇌경색 확진을 받고 지금은 회복이 되어 일상생활을 하고 있습니다   그런데 코로나 자가진단 키트에서 양성이 나와 보건소로 PCR 검사를 받으려 합니다   혹시 뇌경색 이력이 있는데 코로나로 인하여 뇌경색 증상이 심해진다거나 만약 심해진다면 병원에서 치료를 받을 수 있을지  그리고 증상이 심해지는걸 체감할 수 있을지에 대해 질문드립니다  ,신경외과
뇌졸중 수술 후 경과 관련 문의,http   naver me  mrbpS d  위 질문에서 이어지는데요  이마 양쪽에서 fluid drain하고  일 정도 지난 상태이고 CT 상에 Fluid가 그 부분에 다시 차오르지 않아서 CT만 봤을때는 양호하다고 하네요   일동안 병문안 갔을때나 의사가 봤을때 말씀 알아들으시고 고개도 끄덕이시고 몸도 좀 움직이시는데 너무 피곤  해 보이시는 상태라 반응도 좀 약해지시고해서 Seizure가 원인일까 해서 약도 넣는데 크게 좋아지시지는 않고 반응은 계속 하시고 말도 알아 듣지만 눈을 잘 못뜨실 정도로 피곤하고 지쳐보이시는 상태입니다  혹시 infection 때문일까 하여 샘플 테스트 진행중이라 하고 투여중인 약 중에서는 이렇게까지 지치게 하는 약은 없다 하는데 일단 반응은 계속 하고 있으니 괜찮을거라고만 하고    일 뒤에는 일반 병실로 옮길 준비 하자 하는데    물론 중환자실에   일 정도 계시는 중이라 힘이 넘치면 오히려 이상하겠지만    어떤 요인으로 이렇게 지치고 힘드신 상태로 보일지 고견 여쭙고 싶습니다  미리 감사드려요 ,신경외과
뇌출혈 사망률,뇌출혈으로 의식을 잃으시고   분 안쪽으로 병원에 도착했고  현재 ct검사결과 뇌출혈로 피가 많이 나셨다고 합니다  뇌압때문에 당장 수술이 안된다고 하고  병원에서 대기중입니다  수술이 더 늦어지면 더 위험한 것은 아닐지  그리고 수술을 하게 된다 하면 사망률은 어느정도인지 궁금합니다,신경외과
머리를 쇠모서리에 부딪혔는데 병원에 꼭 가야하나요  ,부딪치고 피가 아주 조금나서 휴지로 닦았습니다 피는 금방 멎었습니다 어지럽진 않고 상처 부위를 누르면 따갑진않고 멍든느낌이 들구요  순한물티슈로 상처부위를 닦아낸다음에 연고 바스포연고 를 발랐습니다  병원에 꼭 가야되는 상처인지 궁금합니다,신경외과
엉덩이 주사 좌골신경 마비,생리를 안해서 산부인과에 갔더니 호르몬 주사를 권하더군요 근데 주사를 맞은지 한달이 되었는데도 주사 맞은 부위에서 감각이 잘 느껴지지 않습니다  엉덩이에서 통증은 느껴지지 않지만 마취주사를 맞은것처럼 내 살이 아니게 느껴집니다  엉덩이 주사가 좌골신경에 영향을 줄 수 있다는 글을 읽었는데     별다른 통증은 없지만 감각이 느껴지지 않아도 좌골신경과 관련이 있나요      병원에 지금 가보는게 좋을까요 아님 기다려야 할까요     해당 산부인과를 재방문 해야 할까요 혹은 신경외과 진료를 예약해야 하나요     좌골신경 손상이 맞을경우 산부인과에 책임을 물을 수 있을까요      좌골신경 손상일 경우 회복이 가능한가요      최근 같은 방향의 발목과 무릎에 시린 통증을 느끼고 있는데 같은 원인일까요 ,신경외과
두통과 어지럼증 속매스꺼러움,두통있으면서 어지러워요 관자놀이쪽 두통이 있고 심하면 뒷통수에 누가때리는듯한통증이 있어요 속도 매스끄러움이 있는데 병원진료를 받아야할거 같은데 어느과 가서 검사 받아야 할까요   몇 주째 그래서 답답하네여 ,신경외과
목이 답답하고 심하게 피로합니다,  대 중반 여자인데요  요즘들어 두통이 잦고 특별히 체력을 소모하는 일은 없는데 전에 비해 피로감이 너무 심합니다  자고일어나면 온몸이 붓고 조금만 걸어도 숨이 찹니다  며칠전부터는 목이 칼칼한건지 묵직한건지 아무튼 목에 큰 바위가 낀것처럼 묵직하게 답답하네요  혹시나 해서 코로나 자가키트도 했는데 음성입니다  뭐가문제일까요  병원을 가보려해도 어디서부터 뭐갸 잘못된건지를 모르겠습니다 ,신경외과
자고일어났더니 발등감각이 둔합니다 ,안녕하세요  주전 과음후 왼쪽다리가 불편하게 잠든적이 있는데  그 이후 엄지발가락 쪽 발등 부분이 감각이 둔합니다   있기는한데 매우 약한수준  입니다 운동기능은 문제없구요  비골신경마비같다고 저번에 지식인 질문을 올렸는데 답을 해주셨었거든요   주가 흘러도 돌아오지않아 어제부터 한의원을 다니는데  정말 지옥입니다 침치료는 너무아파요 못다니겠습니다    어느병원을 가야할까요    그리고 저는 어떻게될까요  가만히 있어도 나을까요  ,신경외과
뇌진탕 진단을 받아서 약 처방이 맞는건가 싶어서요,엔테론정   mg을 받았는데 먹고 나서 목에 멍울이 잡히더라고요 이거 맞는 처방인가요  내공     겁니다,신경외과
승모근  어깨 통증,신경외과 가도 되나요  승모근 통증이 심한데 검색해보니 신경외과 가는 사람들이 꽤 계신 것 같아서요  재활의학과나 정형외과 가야하는 거 아닌가요  자세하게 설명 부탁드려요 내공     드립니다 ,신경외과
허리통증관련질문,제가 국군양주병원에서 mri x ray를 찍엇는데 군의관님 말로는 mri랑 x ray상으로 문제는 없다는데 그래도 허리통증이 심한데 군의관님 말을 믿어야 하는건가요,신경외과
허리 신경차단술 맞고 원래 통증이 몇일간은 심해지나요 ,허리디스크 통증으로 신경차단술을 맞았는데 평소 약 먹고 버틸 때보단  배정도 더 아픈거 같고 땡김이 지속적으로 있는데 원래 맞고 나서는 며칠간 통증이 심해지나요  맞은지 하루도 안지났어여,신경외과
일반 담 걸린거랑 목디스크 어떻게 구분하나요 ,원래 역C자 목이였고 항상 어깨가 결렸는데 어제 특히나 어깨 승모근이 열감도 느껴지면서 너무 아팠어요 오늘 머리 숙여서 머리 감다가 삐끗하는 느낌과 함께 통증이 더 심해졌고 고개가 좌우 위아래로 잘 움직이지 않아요   팔저린 증상은 없는데 왼쪽 어깨가 너무 아파서 일상생활이 힘들어요 단순 담일까요 아니면 디스크 문제 일까요 ,신경외과
마취 후 팔 저림,왼쪽 팔만 마취 후 손가락 수술을 했습니다  마취 풀릴 때는 많이 안아팠는데 현재 왜인지 모를 팔 저림이 나타납니다 피가 쏠릴때의 팔 저림 느낌이라 팔을 좀 들고 있는데도 저리네요  마취 때문에 그런걸까요 ,신경외과
스테로이드 부작용 없을수도 있나요 ,제가 손이 곱아서 영남대병원에서 스테로이드 주셨는데 제가 위염이고 천성적으로 위가 안좋은데 괜찮을런지 장기간 복용하는거 아니면 괜찮죠  보름정도 먹는데,신경외과
말초동맥혈관질환 mri 로 확인가능한가요,mri 검사결과 혈관은 깨끗하다고 했다던데 그럼 말초동맥혈관질환은 아닌걸까요  ,신경외과
수전증인가유,손으로 주먹을하면 손이 떨리고  뭐 마실 때 손이 떨려요  뭐 딴거 할때는 손이 안떨려요  오늘 갑자기 그런거라 이 증상이 수전증인가요  맞다면 고치는 방법 알려주세요 ,신경외과
 긴급 뇌 안에서 무언가 돌아다니는 느낌이 납니다 ,안녕하세요  저희 어머니가 예전에 뇌출혈 수술 하신적 있으신데 수술하신지는   년정도 되셨는데 종종 두통은 있으셨지만 최근부터 갑자기 뇌가 멍하거나 마비가 온듯한 느낌을 받으시고 뇌 부분을 누르기만 해도 아프거나 마비가 되서 느낌이 없다하시는 등 증상을 말씀하십니다  특히 지금 현재는 뇌 속에서 무언가 여기저기 돌아다니는 느낌이 나신다며 힘들어하십니다  원래 대학 병원을 다니는데 진료시간이 지나서 지식인에 급하게 문의 드립니다  대략적인 원인이라도 알 수 있을까요  뇌검사를 하고 싶지만 당장 할 수가 없습니다   참고로 코로나 양성 반응이 있으셨고 오늘자로 격리가 해제 되서 후유증이 아닐까 생각이 듭니다 ,신경외과
뇌경색으로 스텐트 시술 후 두통,어머니가 뇌경색이 오셔서 일주일 전 쯤 스텐트 시술을 받으시고 퇴원하셨는데요 다행히 마비정도가 심하지 않아 조금씩 움직이면서 지내시는데 문제는 한번씩 두통이 심하세요 시술 후 이틀정도 후부터 두통이 와서 병원에서 퇴원할 때 진통제도 같이 처방해줬고 외래를 기다리고 있습니다  두통이 오면 손이 떨릴만큼 아프고 한쪽머리를 쥐어짜는 듯 하다네요  얼마전까지는 처방받은 진통제를 먹으면 그래도   분정도 있다가 가라앉았다고 하시는데 문제는 이제 진통제도 잘 듣지 않는 것 같습니다 우리한 느낌 이 하루종일 지속되고 두통도 계속 온다고 하시네요  병원에서는 퇴원할 때 두통이 진통제로 안잡아지면 문제지만 약을 드시면 가라앉기 때문에 괜찮다고 했었어요 저도 스텐트 시술을 하고나면 얼마간 두통이 있다는 얘기를 들었었는데       스텐트 시술을 하면 두통이 있는것이 일반적인가요  어느정도 지나야 가라앉을까요     처방받은 진통제가 잘 듣지 않는 것 같은데 두통을 좀 가라앉힐 방법은 없을까요  외래날짜가 좀 남았기에 지식인에 물어봅니다,신경외과
Fenestration 이 뭔가요,안녕하세요 최근 뇌MRA 영상검사결과 Fenestration at the proximal basilar artery 이라는 게 나와있는데 신경과 선생님은 전반적으로 뇌혈관이 좋다는식으로 말씀하시고 영상보고 좀 설명 부탁드렸드니 괜찬다고 하면서 뭐자꾸 물어보느냐는식으로 짜증내셔서 의무기록실에 cd복사 및 영상판독결과지를 사본 받아 왔는데 영한사전으로 단어를 찾아보아도 자세하게 무슨 뜻인지 잘 몰라서 중병은 아닌지 걱정되어 문의 드립니다 무슨병인가요 뇌혈관이 심각합니까       월부터 우측뇌경동맥에 중등도 협착중 이 발견되어 항응고제인 플라비톨 과 고지렬증 치료제인 리피토를 복용중에있습니다 ,신경외과
뇌혈관 수술했는데 NMN 복용해도 될까요,어머님이   개월전 뇌혈관 수술했는데 NMN 복용해도 될까요,신경외과
뇌동맥시술,보통 어느걸로 시술합니까  가랭이쪽으로 찢어서 했는데 색전술인가요 ,신경외과
