,0,1,2
0,코로나 확진경로,  일부터 코막혔고   일부터 목이 칼칼하고 근육통도 있었습니다  시간이 지날수록 오한이 있었고요  그래서 자가키트로 양성 보고 기숙사에서 집으로 왔습니다    일에 확진받았고 오늘로 격리  일차 됐습니다  솔직히 마스크 잘쓰고 다녔고 학교 기숙사에서 잘때도 마스크 잘 끼고 잤는데 걸려서 억울하거든요    그래서 어디서 걸렸는지 생각을 해봤는데 마음에 걸리는부분이  개정도 있는데 어떤게 걸릴 확률이 높았는지 알려주세요       일에 롯데몰가서 향수 시향을 했습니다  마스크 잠깐 내려서 향만 맡았습니다  그 사람이 확진인지는 모르겠지만 그 사람이 손으로 막 비벼서  만져서  시향지를 줬는데  그 사람이 확진이라면 가능성이 있을까요      기숙사에서 이미 룸메 두 명이 확진이였습니다    일에 한명 확진    일에 다른 친구 확진  이렇게 두명이 확진되고  인  실에서 저포함  명은 음성나왓습니다  그러고   일에 확진됐던 애가 격리 해제되고 일주일동안 생활했는데 그 사이에 그 친구 오빠도 확진됐다고 들었는데 주말에 집을 다녀왔습니다  일요일에 기숙사에서 그 친구가 제 음료를 빨대로 마셨는데 제가 그걸 깜빡하고 그대로 입대소 마셨습니다   격리 해제됐지만 집에 확진자가 있어서 전파력이 있을 수 있지않나요    저는 솔  히  번인거 같은데 잠복기 생각하면 아닌것 같구  어떤게 확률 높은 지 알려주세요  아 그리고 지금 제가 오미크론인것같은데 오미크론과 그냥 코로나 차이점도 적어주시면 감사하겠습니다  내공   걸게여,가정의학과
1,코로나 격리해제후 일상생활, 일 격리하고 그 이후   일이 되었는데요   일   일   일 지났어요  미확진 가족들 마스크 벗고 활동해도 될까요 ,가정의학과
2,유방암 수술 앞두고 체력 보강 어떻게 하면 좋을까요 ,유방암 수술을   일 앞두고 있습니다  면역력도 약해서 감기도 잘 걸리고 쉽게 피곤해지는 체질입니다  단백질 섭취 위해 고기를 먹어도 될까요  안좋을 거 같아 안먹으려고 하는데 살고기 위주로 조금씩 먹는것은 괜찮을까요  수술 앞두고 주의해야할 음식과 좋은 음식 알려주세요 그리고 비타민C와 비타민D 메가도스를 하고 있는데 괜찮은지요 ,가정의학과
3,당뇨병초기 발에통깁스 운동량제로 ,나이는  세 남성입니다 몸무게  kg 신장   cm 이라 비만에 해당된다고 인바디에 나옵니다 최근 혹시 당뇨가아닐까싶어 당체크기기로 피뽑아 테스트른 해보니 공복에        이정도 왔다갔다하며 식사후    정도 됩니다 혈압은       정도 전후이구요 건강검진결과 지방간 콜레스테롤이 수치가 높아 체중조절중에 있었는데 발목인대수술을 해서 통깁스를 한상태입니다 운동량이 전혀없어 하루에 한끼식사만 하고 있지만 그래도 살이찌는것같고  혈당이 너무 오르는거 같습니다 이대로 한달을 가만히 있다가는 만성당뇨와 고혈압환자에서 벗어날수없을거같은데 걷지를 못하는 한달 어찌 관리하면 될까요  저는 당뇨초기일까요  살려주세요  참고로 어머님이 당뇨고혈압 있으십니다,가정의학과
4,중  급 복통, 일 전 부터 복통이 시작되면서 열이     도 이상 나고 계속 토할 거 같아서 보건실만 들락날락 하고 계속 춥더라고요 병원가기엔 좀 애매해서 물어봅니다  코로나는 이미 걸렸었고    학년 때 사고치고 다녀서 공부도 안했는데  학년 때 갑자기 열심히 하다보니 학업 스트레스도 받고 항상  시에 일어나니 피곤하기도 하구요  막상 학교가면 잠은 안오는데 공부 해야하니 너무 스트레스 받고 계속 배가 아파요 병명같은 게 있을까요    ,가정의학과
5,그냥 목감기인가요  코로나인가요 ,어제 화요일 아침부터 목이 너무 아팠어요  두통도 심했고  몸이 뜨거운 것 같아 열을 재니   도 정도 나왔어요   몸은   도 정도였고요   그날은 학교에 가지 않고 신속항원검사를 받아보니 음성이였어요  오늘 아침 열 인후통 증상이 있었지만 자가키트에서 음성이 나오는 걸 확인하고  학교에 갔는데요  학교가 끝난 뒤 집에 오니 열이 펄펄 끓었고요  목은 칼칼하고 침 삼킬 때마다 목이 너무 아팠어요   잠이 왔고 일어나보니 몸이 심각하게 뜨거웠고요  현재 열을 재니   도네요  약 먹기 위해 밥을 먹는데요  음식 맛이 느껴지지 않아요   진짜 미세하게 느껴져요   그냥 심한 목감기 일까요  개인적으로 양성인 것 같은데 엄마는 그냥 목감기라네요  양성이 맞다면 왜 신속항원검사에서 음성이 나왔을까요   긴 글 읽어주셔서 감사합니다,가정의학과
6,배꼽 관리하는법,전에 누구한테 들었는데 배꼽 때 파다가 기절했다고   실제로 기절하나요 그냥 더러운채로 놔둬야하나요,가정의학과
7,담관담석 제거후 발열,아버지가   세이시고  년전 힘이 빠지시면서 걸음이 불편하셨는데 일주일전 고열이 나시면서 걷지를 못하셔서 응급실로가서 검사한결과 담관결석이라고 응급실에서  틀동안 금식을 하시면 기력이 떨어져 아에 움직일수 없을정도로 힘이없다고 하시며 고열이 안떨어져  일동안 항생제를 맞으시고 열이 떨어져 바로 특수내시경을 하셔서 담관에 담석을 제거 하셨습니다 담즙배양관을 하셨고 특수 내시경마치고 다음날부터 미음으로 식사를 하시고 계시는데 갑자기 고열과 오한이 오시며 산소포화도가    까지 떨어져 산소호수를 코에 달고 산소포화도    으로 안정되셨는데  내시경 마치고 하루지나 열과오한 산소포화도의 증상이 나타나는 이유가 궁금합니다  그리고 앞으로 식사와 영양섭취로 기력을 되찾을수 있는지 담즙배양관은 언제 제거가 되는지 궁금합니다   ,가정의학과
8,코로나 증상,제가 저번주 수요일날 밀접접촉을 하고 나중에 열이랑 목이 아프고 기침도 나왔는데 항원검사  번이나 했는데도 계속 음성이 나오는데 대체 뭘까요   내공   ,가정의학과
9,과수면  오한  두통 등이 있어요 왜 그런걸까요  ,증상이 시작된 지는 얼마 되지 않긴 했는데 잠을 정말 하루종일 잡니다  온종일 잤어요   한 이틀 전엔가 스트레스를 받아서 그런지 잠을  시   이 되도록 잠들지 못하고  시   에 일어났거든요  그 당일에는 괜찮았는데 다음날부터 하루 종일 잤어요  원래 이렇게 많이 잔 적은 없어요  오한도 있고 소름 돋듯이 계속 그러고 머리가 아파요  오한 같은건 꽤 됐는데요    체중도 원래 좀 고무줄 같았는데 쪘다가 다시 막 한  키로 정도   이번달에 빠진 것 같아요  원래   에서   정도 되고 그랬는데 살이 빠지기 시작하더니 지금은   키로예요   배도 안 고프고요   근손실일까요 아님 그냥 일시적인 스트레스 때문에 그러는걸까요   제가 새로운 학교로 진학하긴 했거든요  ,가정의학과
10,코로나 초기증상이 일주일넘게  ,동거가족이 일주일 전에 코로나 확진되었었고 저는 확진자가 확진받은 그 날부터 분명 목이 살짝 아팠거든요   그래서 아 초기증상인가보다 했는데 동거가족이 격리 풀린 지금까지 계속 같은 증상이에요   원래 초기증상이 이렇게 오래 가나요  아니면 지금 제가 걸린건데 증상이 약해서 모르는건가요   ,가정의학과
11,코로나 증상,목에 뭐가 낀것같구   콧물도 나오고  열도 뜨끈뜨끈하구여 저 빼고 가족이 다 걸렸어여  목이 너무 불편한데 신속항원검사랑 자가키트는 음성이 나왔어요 어떻게해야하져   학교 가는게 맞는거죠  너무 많이 빠져서   ,가정의학과
12,코로나 목 부음, 일전에 코로나 확진을 받았습니다 약도 잘 챙겨 먹었는데 목 부음이 도대체 낫지 않네요   목이 너무 심하게 부어서 침을 삼킬때도 너무 고통스럽고 밥도 못먹습니다 목 부음 심할때 어떻게 해야되나요  해결책이 없을까요  약도 안듣는것 같아서 그래요   살려주세요 내공    걸어요   ,가정의학과
13,배우자 확진 코로나 잠복기,배우자가 저번주 금요일 코로나 확진되었습니다  그래서 금요일에 병원에 방문하여 코로나 검사 받았는데 음성 나왔구요 토요일에도 방문하여 검사했는데 음성나왔습니다  월요일에 병원 방문하여 코로나 검사했는데 음성 나왔구요  오늘 화요일 병원 방문하여 코로나 검사하였는데 양성나왔습니다      이렇게 잠복기간이 긴 경우가 흔한가요  억울하네요     회사에서는 금요일부터 나오지 말라해서 출근 못하고 있었는데요  오늘 감염 확진받아서  일을 더 쉬라고 합니다   제가 하는 일이 거의 반 프리랜서  이런 개념이라 일을 쉬면 급여가 주는데요     마누라 땜에 나오지 말라고 하는 것도 월급이 줄어서 화가 많이 낫는데  확진이라  일을 더 쉬라고 합니다     ,가정의학과
14,가슴이 답답함,숨을 크게 들이쉬거나 딸꾹질 하거나 웃거나 하면 뼈가 아픈느낌인데 왜이런가요,가정의학과
15,성대결절 초기 증상인가요 ,매일 코노 한 번 가면   곡 이상 거의 한 달 정도 불렀어요  많이 부를 땐 코노  번도 가고 그랬는데 아무 증상 없다가 갑자기 어제부터 원래 올라가던 음이 목에 걸리면서 안 올라가고  억지로 올리면 내려올 때 쉽게 내려왔던 게 대부분이 공기소리  숨소리  로만 나와요   노래 부르고 가만히 있으면 목이 아주 살짝 엄청 조금 아프긴 한데 코노가 제 대학생활 낙인데  성대결절 초기증상인가요 ,가정의학과
16,음식이 코로 올라와요   ,음식이 코로 올라와요    한 두번이 아니고  밥을 먹을때 마다 그렇습니다    밥을 먹으면  밥풀이 코로 올라와서 심한 재채기를 여러번 하고  코를 여러번 풀어야지 안정이 되요    귀에서 진물이 조금씩 나오는데  연관이 있을까요   ,가정의학과
17,자려고 눈감았는데 숨이 잘 안쉬어지고 가슴 살짝 아픔 답답,자려고 눈을 감았는데 숨이 시원하게 잘 안 쉬어지고 가슴이 살짝 아프고 답답한 느낌이 있어요 못 자겠네요,가정의학과
18,항히스타민,비염으로 인해 항히스타민을  달정도 복용했는데 입안이 바짝마르네요  부작용같은데 치료법은 어찌되나요  완치 안되나요    너무 힘드네요,가정의학과
19,발톱 좀 봐주세요 어디 부딪힌 기억은 없고 통증도 없습니다  근데 이게  주일전부터 보이다가 점점 진해지는거같아요   뭘까요  병원은 어디로 가,발톱 좀 봐주세요  어디 부딪힌 기억은 없고 통증도 없습니다  근데 이게  주일전부터 보이다가 점점 진해지는거같아요   뭘까요  병원은 어디로 가야되나요,가정의학과
20,종아리가 허벅지만큼 두꺼워서 스트레스,종아리가 허벅지만큼 두꺼워서 스트레스에요    만져보면 살인거 같기도 하고 잘 모르겠네요 아무튼 너무 스트레스 받는데 종아리 어떻게 살을 빼는게 좋을까요 ,가정의학과
21,자가키트 양성 자국,키트 돌렸는데 엄청 희미하게 육안으론 거의 안보이고 사진으론 좀 더 확실하게 보이는 양성 줄 있는데 원래 키트에 양성 자국이 있나요 ,가정의학과
22,안녕하세요  예방접종 수두 a형 b형 간염  관련 질문드립니다 ,내년 병원 실습으로 인해 예방접종을 해야합니다   수두 a형 b형 예방 접종  당일 날 동시에 맞아도 되나요  궁금합니다 감사합니다 ,가정의학과
23,익상견갑  너무 스트레스 받습니다 ,제가 익상견갑이 있는것을 모르고 팔굽혀펴기 턱걸이등 운동을 진행하였는데 몸이 좌측으로 틀어지고 좌측어깨가 더 발달했군요 더군다나 익상견갑이 있다는것을 인지하고 나서는 오른쪽 날개뼈가 너무 불편하게 느껴지기 시작했습니다  이런경우 어떻게 고쳐야 하나요   오른쪽 날개뼈가 너무 거슬리는게 스트레스입니다    ,가정의학과
24,배꼽 아래 불편감,  세 여자구요 저번달 생리는   일에 했는데 원래 한달주긴데 어제 안해서 좀 불안하고    요즘 갑자기 배꼽 아래쪽에 장기 라고 해야하나 암튼 배꼽 아래 장기가 있을만한 곳에 불편감이 느껴진다고 하면 알아들으시려나요    뭔가 안쪽에 아프진않고 뭔가 불편한 느낌이 들어서요   생리도 안하고 좀 많이 불안하네요 관계 그런건 안해서 임신같은 건 아닌것 같은데   배꼽아래에 무슨 장기가 있죠     왜 이러는 걸까요   도와주세여 병원을 간다면 무슨 병원을 가야하죠  그리고 암 같은 건 아니겠죠    ,가정의학과
25,고등학생 살,고등학교 다니는 남자입니다 제가 키가     정도 되는데   키로도 되지 않습니다 좀 건강하게 살 찌는 방법 이런거 아시는 분 좀 알려주세요   너무 스트레스 입니다,가정의학과
26,과일 그릭요거트 먹었는데 설사,제가 아까 과일이랑 그릭요거트랑 꿀을 먹었는데 그릭요거트랑 꿀은 한 세입밖에 안먹었고 과일은 파인애플 청포도    그람씩 다 먹고 바나나 반개 먹었거든요 근데 배가 아프더니 설사하고 지금은 속이 좀 안좋아요 배도 좀 아프고요 뭐 때문인질 모르겠어요,가정의학과
27,  살 심장쪽아픔,안녕하세요   살 학생입니다  오늘 집에가다가 어깨가 뻐근해서 스트레칭을했는데 갑자기 퍼지면서 상체 왼쪽이 마비되어 몸을 못움직이겠고 심장쪽이 아파서 숨도 잘 안쉬어져서 편의점 앞에서   분가량 쉬다가 비틀거리면서 집으로 돌아왔습니다  지금은 좀 좋아졌고 숨 들이마실때 심장쪽만 좀 갑갑하고 아픕니다  내일아침 병원을 가려 하는데 지식인에 검색해보니 다들 응급실을 가야한다며 심근경색 증상이라 하더군요  어떻게하면좋을까요  많이무섭습니다,가정의학과
28,백신 부작용, 차 백신 금요일에 맞았고 토요일에는 열이 많이 나고 어지러워서 밥은 한끼 반 정도 먹고 타이레놀  시간 간격으로 세 개 먹었어요  근대 일요일까지도 계속 어지러워서 일어날 수가 없습니다   어떻게 해야 할까요 ,가정의학과
29,코로나 자가키트 자꾸  줄 떠요, 월  일에 자가키트  줄 떠서 pcr 검사 받았는데 음성 나왔었고 그 후   일에도  줄 떠서 검사 받았는데 음성 나오고   일에도  줄떠서 검사 받았는데 모두 pcr 결과 음성 나왔어요 근데 이번에도 자가키트  줄 나왔는데 PCR 검사 받아야 하나요   아무증상 없어요   ,가정의학과
30,발톱 이상하게 나는거 같은데 어떡하죠,작년   월에 발톱 들리고 오늘 축구하다가 발톱 뜯어져서 봤는데 이상하게 나는거 같아요 발톱 들리고 이중발톱으로 자라고 있었는데 뜯어져서 보니까 또 이중발톱으로 자라는거 같아요,가정의학과
31,가족 양성 학교 안가는법,가족 중에  명이 양성 나왔는데요 전 음성 나오면 학교 갈 수 있는 거잖아요 학교 가기 싫은데 엄마가 아침에 검사받고 가래요 학교 하루라도 빠지게 엄마 설득하는 방법좀,가정의학과
32,눈이 어지러워요,밥을 먹거나 폰을 보거나 음식 만들고 앞에 딱 고개를 즐면 눈 초점이라고 해야 하나 눈이 너무 어지러워요 한   초 후에 나아지긴 하는데 이틀 째 그러고 있어요 왜그럴까요           ,가정의학과
33,자주걸을때,요즘 걸을때자주 어지럽고 핑도는데 이유가뭔가요 ,가정의학과
34,목 열이   도 에요,코로나 걸렸는데 이마는 괜찮은데 목 열이   도 에요      어카죠 병원이 마감이여서 내일 신속항원검사 할껀데 몸 열 식히는 법 좀 알려주세요   ,가정의학과
35,어지럽고 토할 거 같아요,오늘 아침부터 계속 머리가 지끈지끈 거리고  심장도 빨리 뛰고  속이 울렁거리면서도 토할 것 같은데 진짜 토할 것 같진 않아요 그리고 피로감도 엄청 느껴져요 이게 뭘까요  ,가정의학과
36,코로나 잠복기 전염 가능성,제가 금요일에 코로나 잠복기였던 친구랑 두 시간 정도 서로 마스크를 안 벗고 같이 있었는데 그 친구가 오늘 저녁에 자가키트를 해 보니까 양성으로 떠서요    저도 감염될 가능성이 있는 걸까요  급해요    답 얼른 주세요,가정의학과
37,소화가 잘 안돼요,요즘따라 소화가 잘 안되고 저녁에 뭘 먹어도 다음날 아침에 학교 등교할때나 오래가면  교시까지 배가 자꾸 아파요 꾸륵 꾸륵 거리구요 제가 밥을 먹고 나도 꾸륵 꾸륵 거리면서 배가 아파요 화장실   가면 설사도 하구요 제가 걸리는 거 있다면 음식을 먹고 눕는다는 거  혹시 이유가 그것 때문인가요  근데 저희 아빠랑 언니도 자주 그러던데 유전인가요  궁금합니다 그리고 배가 안 아플려면 어떻게 해야하나요  아플 때 좀 버티면 괜찮긴한데 너무 고통스러워요 제발 배 안 아픈 법 좀 알려주세요  ,가정의학과
38,코로나 오미크론 식혜 맛이 안 나요,제가 오미크론에 걸렸었는데요 음식맛이 다 잘나요 약간 들 나긴 하는데 다 잘 나요 그런데 식혜맛이 하나도 안 나요  직접 만든 식혜라서 상했나 하고 사서 먹었는데도 식혜맛이 안 나요 제가 식혜를 진짜 좋아하는데   다시 돌아올까요  그리고 식혜만 맛이 안 날 수가 있나요  왜 이러죠,가정의학과
39,삭센다 사용중 탁센 소염진통제  복용,삭센다 사용한지는 오늘로  일차고 탁센을 한번 복용해도 될지 궁금합니다  또 삭센다를 사용하는 기간중 감기약이나 소화제를 복용해도 괜찮을까요  먹으면 안되는건 뭐가 있을까요 ,가정의학과
40,코로나 확진자가 재택치료중 사용하던 이불이나 침대등을 어떻게 해야 하나요,코로나 확진자가 재택 치료중이어서  개 방에 생활하고 있습니다  문제는 격리가 해제되면 확진자는 면연력이 형성되어 관계는 없겠으나 다른 가족들은  확진자가 사용하던 이불  침대 기타 물건등은 다 버려야 하는 건가요  아니면 일정시간이 지나면 사용해도 되는건가요   가구나 이불들에 뭍어 있는 확진자의 코로나 바이러스는 어떻게 해야 없앨수 있나요 ,가정의학과
41,코로나 양성 후 코가 매워요,어제 병원에서 신속항원검사를 받고 양성 판정을 받았습니다 자고 일어나고 다음날 아참에서 일어나니 한쪽 코가 너무 매워요 그리고 맛은 느껴지는데 짠것을 잘 못느끼겠어요 병원에서 신속항원검사를 잘못 받은 걸까요   너무 아파요 매워요 왜이래요,가정의학과
42,LDL 콜레스트롤 수치가     나왔어요, 년전부터 계속         수치였는데 두달전에 다른검사중에 LDL   수치였어요  다른과에서 몇일전에 했던 검사결과지를 오늘 봤는데  LDL콜레스톨수치가    이 나왔어요  약을 처방 받아야 되는거죠  제가 심장 내과 오늘 진료 보고 내일도 진료가 있는데 처방해달라고 하면 되나요   고지혈증 약 처방 받아서 먹은적은 없습니다 ,가정의학과
43,코로나  차 백신 맞고 당일날 운동했는데 괜찮겠죠 ,오늘   시쯤에  차 백신맞고  시 까지 안아파서 밖에 축구하러 갔거든요 근데 쫌 빡세게 했어요 심장이 쫌 빨리 뛸정도로 했는데 괜찮을까요 의사쌤은  주동안 무리한 운동 하지말라고 했는데요  또 내일 축구 시합이 있어서 해야하는뎅   저 안죽겠죠  ,가정의학과
44,어지럽고 토할꺼 같은 증상,제가 그런건 아니고 저희 어머니가 건물에서 청소 하시는 일을 하시는데 간혹 일이 많은 날은 어지럽고 머리가 삥삥 돈다면서 토 할꺼 같다고 하셔서 병원을 가보라고 했지만 병원 가봤자 의사가 뭐 알겠냐고 하면서 계속 안가시더라구요 아마 검사비용 때문에 그러시는거 같은데 제 속이 답답해서 죽을꺼 같네요    검사비용이라도 알면 제가 대신 드리면 되는데 하     최근에는 자주 머리가 삥삥 돌면서 어지럽고 토할꺼 같다는 증상이 자주 나타납니다  뭐 영양제나 몸에 좋은거 그런거 없을까요  어디 영양소가 부족해서 저러시는거면 꾸준히 사드리고 싶은데 뭔지 모르겠으니 미치겠습니다     어머니 평소에는 밥을 좀 빨리 드시는 편이고  체형은 비만 입니다  그리고 밥 먹고 피곤하다며 바로 누워서 티비를 보시는 편 이고요  병원을 안가시니 네이버 지식인 이런거에라도 한번 적어봅니다   ,가정의학과
45,식욕억제제 디에타민 부작용 도와주세요  ,정확히  일전에 나비약 디에타민 처방받아서 첫날에  알 복용하고   시간째 잠 한숨도 못자고있습니다   이거 응급실이라도 가봐야할까요    두통 환각 환청 증세는 없는데 약간의 어지러움과 몸이 각성된 느낌입니다  이러다가   시간    시간    시간     시간 잠 못자다가 졸도될까 두렵네요  ,가정의학과
46,HCV 인슐린 바늘 찔림,병원에서 일하면서 치우다가 그만 HCV환자 썼던 인슐린주사기에 찔렸어요 피도 조금 났구요 지금은 시간이 없어서 그런데 금요일쯤에 병원을 갈 예정입니다   혹시 가정의학과를 가야할까요 아님 내과를 가야할까요   일반 작은내과에서는 혈액검사에 HCV Ab 결과가 나올까요  아니면 조금 큰병원을 가야할까요 ,가정의학과
47,코로나 음성 질문합니다,  일에 아빠가 확진되시고   일 동거가족인 엄마와 저는 신속항원검사에서  저는 음성  엄마는 양성 판정을 받았습니다  아침에 검사를 받고 나서  시쯤에 갑자기 제가 오한과 동시에 열이     도까지 올라가면서 근육통까지 동반하여  시반쯤 신속항원검사가 가능한 병원에서  신속항원검사를 받으니 똑같이 음성이 나왔습니다     일 아침에도 신속항원검사결과 음성이 나왔는데 음성이 맞는걸까요   ,가정의학과
48,티눈이 점점 퍼지는것같아요  다 제거해야되나요 ,어렸을때부터 양쪽 발바닥 앞꿈치 중간에 티눈이 있었습니다  티눈도 유전인지  엄마랑 똑같은자리에 생기길래 예전에는 그냥 신기해만하고 넘겼습니다  너무 오래되서 이미 깊은 티눈입니다   근데 그이외에 헬스장을 다니기시작한지  년째인데 헬스를 시작한이후로 티눈이 원래있던곳 말고 그주변으로 앞꿈치 엄지발가락쪽 으로 새로 생기기 시작했는데 점점 많아져서 걱정입니다  그냥 두면 원래 있었던 티눈처럼 깊어지고 두꺼워질까봐 제거하긴 해야될것같은데 병원에서 제거하는것도 한번에 안되고 돈만 많이든다고 들었습니다   병원에서 제거하면 새로생긴 티눈들은 대략얼마정도 나올지  번거롭겠지만 집에서 약바르는게 나을까요  원래 이렇게 티눈이 잘생기는 체질인걸까요 ,가정의학과
49,TBPE검사,간호조무사 시험을 보고 나서 가채점후 합격이길래 건강검진을 받아야한다해서 동네 종합병원을 가려고 하는데요 제가 지금 방광염때문이 처방약을 먹고있어요 검사할때 소변검사한다고 무슨 약 먹으면 안된다고 하던데 제가 먹고있는약은 문제가 없을까요 ,가정의학과
50,항생제 먹으면 코로나 항체 안생기나요,제가 목감기인줄 알고 병원갔다가 항생제 처방받아서  일동안 먹다가  갑자기 확진됬는데요   항생제 먹으면 코로나 항체가 안생긴다는 썰이 있던데  진짜 안생길까요    일동안 먹었는데  그럼 나중에 코로나 낫고도 이후에 또 걸릴수도 있나요   ,가정의학과
51,코로나검사음성,오늘 인후통 열    도 있어는데 의심증상있어서 했더니 음성인데 안심할수있나요  병원가서pcr  시간소요 되나요  보건소로 가야하나요 ,가정의학과
52,뒷구리살빼는법 좀 알려주세요,살이 많이 쪄서 도저히 안될거 같아서 살 뺄려고 하는데 뒷구리살이 겁나 안빠지네요  자꾸 팬티가 접히는데    뒷구리살빼는법으로 시술 고민중인데 시술 받으면 확실히 효과가 있긴 할까요 ,가정의학과
53,코로나 재감염,안녕하세요 고 학생입니다  월   일에 코로나 확진판정 받고  월  일에 격리 해제되었는데요   주간 증상이 하나도 없다가 오늘 다시 두통  목 부음  기침  열등의 증상이 나타났습니다  주변에 확진된 사람들은 친구들  명정도와 가족들이 최근에 격리 해제되었는데 재감염일수도 있울까요  재감염이라면 재감염인지 아닌지 어떻게 확인하나요  ,가정의학과
54,팍스로비드  일치만 먹어도 되나요 ,팍스로비드  일치만 먹어도 될까요    일치정도 먹고 안먹어도 부작용은없겠죠 ,가정의학과
55,팔뚝지방흡입 해볼까 하는데요 ,지금 날씨가 풀려서 살빼고 있는데 팔뚝살이 안삐져서 같이 좀 빼볼려고요 그래서 팔뚝지방흡입을 해볼까 하는데 괜찮을지    아니면 지방분해주사가 더나을지 고민되네요  효과 괜찮다면 비수술로하는 지방분해주사가 나을거 같은데   ,가정의학과
56,감마티지피   이되어야정상인것같은데,부모님건강을 받으셨는데 감마티지피   이되어야 정상인것같은데 간 질환 의심으로 결과로 나왔는데   이면 심한상태인가요,가정의학과
57,자가키트후 목아픈게 맞나요 내공  ,내일 학교가야해서 자가키트로 검사를 했는데 원래는 증상이 없었는데 검사후 목이 아프네요 원래 이런건가요 ,가정의학과
58,몸이 이상한 것 같아요   ,  대 중반에 아무 것도 못 갖추고 가정을 꾸려   현재는   대 직장인이며 가정이 있고 대학원 박사과정 중에 있는 남성입니다  다름이라니라 몸에 이상징후가 계속 되어 이렇게 글을 남깁니다   외적증상은 머리 왼쪽 전체가 간헐적 두통과 소름 이라고 해야하나요  머리카락 하나 하나가 쭈뼛쭈뼛 거리는 상황이 있구요 점점 간격이 짧아지는 것 같습니다  그리고 목 뒤도 자주 통증이 있습니다   그리고 이 부분은 내외적 증상인데  대화를 할 때 집중의 흐름이 끊기는 느낌을 받습니다  선택적 단어만 캐치를 한다거나 제대로 대화를 못해 가족과도 사소한 다툼이 있습니다     그리고 직장에서나 집에서나 뭔가 해야할 일을 하는데 산만하다고 느껴질 정도로 여러 업무나 상황이 겹치면 놓히거나 까먹거나 해서 불필요한 동선이 생기거나 시간 소모를 하는 일이 잣아졌습니다     제가 집중을 못하는 건지    예전에 비해 이상하네요      건강 고수님들이나 선생님들께서 저 좀 도와주세요   ,가정의학과
59,편도염인거 같은데 방법  없을까요   ,이번에 코로나 확진이 돼서 격리하고 있는 사람입니다 근데  일전부터 침만 삼켜도 목이 죽을거같이 아프고 가만히 있어도 귀 안쪽에서 피가 나올 거 같고 목도 통증이 심한데 격리라 병원도 가지 못하고 있습니다 방법이 없을까요    ,가정의학과
60,남자친구 건강,남자친구가 건강검진을 하다가 조금 문제가 있어 다음주에 위내시경  정밀검사를 해요 여자친구로써 해줄 수 있는게 뭐가 잇을까요  그날 전화도 해주고 또 머가 잇을까요 ,가정의학과
61,진통제 교차저방,중 딸이 코로나확진으로 병원 비대면 처방으로 로노펜정 저녁 시에먹였어요  그런데 어제처럼 새벽에 열나고두통으로 잠설칠것같아  약국에서산 크린탈정 자기전  시에 한알먹였는데  괜찮나요,가정의학과
62,겨드랑이 멍울,오른쪽 겨드랑이에 났어요  움직이면 아프고 누르면 아파요  오른쪽 갈비뼈도 아픕니다 멍울이 나는 이유와 치료법 알려주세요 ,가정의학과
63,코로나증상인가요   ,어제부터 목이 좀 심하게는아니고 불편할정도로 칼칼하더니 오늘하루종일 감기약을 먹어도 칼칼한게 안낫고 종일 피로하고 갑자기 속이안좋아질라하면서 헛구역질을해요   ,가정의학과
64,어지러움증상,근  년동안 머리가 계속 어지러운데 딱 오후  시쯤부터  시까지만 매일 어지러워요  이유가 멀까요    열은 정상인데 어지러움이 심각하게는 아니에요       타이레놀 먹어도 다음날에 또 어지러워요    ,가정의학과
65,헌혈 c형간염 항체 양성,제가 헌혈을 했는데요 검사결과가 c형간염 항체가 있다고 나왔어요  그래서 피를 혈액본부에서 재검을 하니 양성이 또 떠서 폐기했다고 하더라고요  그럼 저는 c형간염 항체가 있는 건가요  제가 도저히 이해가 안 가서 종합병원에 가서 c형간염 검사를 받았는데 거기서는 음성판정을 받았거든요  그거는 효력이 없나요  효력이 있다면 적십자사에 정정신청이 가능하나요  나이가 아직 어려서 좀 심란해서 지식인에 물어봅니다   ,가정의학과
66,코로나 토,밥 먹은 직후 먹고있는중에 토가 나오려고 해요 코로나 걸린지 오늘부로 이틀째인데 원래 이렇게 토가 나오려고 하나요  빈속으로 있으면 안될 것 같아서 더 챙겨먹으려고 하는데 토가 나오려고 해서 미치겠네요 블랙아웃도  번 있었고 위중증은 아니겠죠 ,가정의학과
67,쌍커풀이 갑자기 없어질수 있나요   ,제가 원래 쌍커풀이 있는 사람인데  일에 눈이 부어가지고 쌍커풀이 없어졌는데 일시적으로 이런건가요   아니면 갑자기 사라지는 경우도 있는건가요   ,가정의학과
68,혈액 검사 관련 질문 하나 드릴께요 BUN   Creatinine ratio ,안녕하세요 혈액검사 관련해서 질문하나 드립니다   사진 첨부처럼 BUN   Creatinine ratio가 지속적으로 조금 높게 나오는 수준인데     BUN   Creatinine ratio가 몸 어디 부분이 안좋아서 수치가 지속적으로 높게 나오는건가요      해당 수치를 낮출려면 어떤 운동 또는 식이요법을 하면 좋을까요      이정도 수치면 많이 높은 편인가요 ,가정의학과
69,백신 관련 급해요  ,백신  차를  월 후반 쯤 맞았는데 맞고나선 근육통 말고는 별로 없었는데 갑자기 저번주 수요일  부터 가슴 윗부분이 답답한 증상이 있는 거에요 너무 무서운데 이거 어떡해요  만약 병원 가면 어디로 가야하나요    ,가정의학과
70,뱃살지방분해주사 맞아볼까 합니다 ,진짜 뱃살은 징그럽게 안빠지는거 같아요   다이어트도 해보고 운동도  해봤는데  다른 곳은 어느정도 빠지는데 뱃살만 꿈쩍도 안합니다    그래서 뱃살지방분해주사 알아보는 중인데요  진짜 효과가 있을까요   뱃살지방분해주사 직접 맞아보신 분만 효과 봤는지 답변 부탁드릴게요  ,가정의학과
71,안녕하세요 외부 충격으로 인해 멍이 자주 생기는데 나중에 건강에 문제가 생기나요  피멍이 자주 들면 몸에 어떤 영향이 생기나요 ,안녕하세요 외부 충격으로 인해 멍이 자주 생기는데 나중에 건강에 문제가 생기나요  피멍이 자주 들면 몸에 어떤 영향이 생기나요 ,가정의학과
72,코로나확진 후 역학조사에서 기저질환 관련 질문있습니다 ,오늘 코로나 확진 판정받고  역학조사하라고 문자를 받았는데요  기저질환 관련해서 질문이 있습니다      약   년전 갑상선암 진단받고  전절제 후 꾸준히 갑상선호르몬제를 먹는 중입니다     알레르기성비염이 있습니다   요  가지 사항도 기저질환 있는것으로 체크하는걸까요  없음으로 체크해도 되는걸까요   보건소나 질병관리청이나 모두 전화를 안받네요 ,가정의학과
73,  세 고혈압 코로나 환자,     코로나 확진  기침  가래  근육통 o 인후염  고열    산소포화도  일차         일차 현재       유지  보건소 지정 병원 코로나 약 처방받고  회 복용 후 어제부터 갑자기    대로 혈압상승  약 복용 중지  오늘 아침        대 혈압유지  점심    대  상담요청      혈압이 어느정도까지 올랐을때 입원치료 응급실로 이송해야 하는지     산소포화도 수치가 몇  일 때 입원치료 응급실로 이송해야 하는지,가정의학과
74,지방간 관련 질문,눈자위가 노란색이면 지방간이라는데 저도 아주 야아악간 노란 것 같아서요    지방간일까요    당뇨 위험에 비만이긴 해요 근데 애매한 게 요즘 다이어트도 하고 있구 단 것도 전보다는 정말 많이 줄이고 물도 많이 섭취하고 있거든요  하루 삼 리터 정도   진짜 지방간인가여 ,가정의학과
75,부모님 비타민D 부족인데 건강식품 vs 전문의약품 어떤게 나을까요 ,안녕하세요   최근 부모님 건강검진을 시켜드렸는데 비타민D 수치가   로 나왔습니다   수치가   부터 정상범주더라구요   고민인 부분은 이렇습니다      비타민 D 건강식품을 구매하여 드리는게 나을지      내과 방문하여 의사선생님께 비타민 D 전문의약품을 처방받아 복용하는게 나을지   아시는 분은 답변주시면 정말 도움이 될 것 같습니다   감사합니다 ,가정의학과
76,위산과다때문에 검사맡을려는데 이거는 위내시경으로,검사맡아야하나요 ,가정의학과
77,총콜레스테롤,헌혈하고 피검사 결과 받았는데 총콜레스테롤 수치가    미만이 정상인데 딱    이 나왔더라구요     만  세인데 총콜레스테롤이    이면 높은 수치 인가요   높은거라면 높게 나오는 이유가 뭐죠  아빠가 고지혈증이 있으시고 콜레스테롤 수치가 높으 신데 유전적인 요인일까요   찾아보니 비만이 요인이 되기도 하는거 같은데 저는    에    정도로 비만은 아니고 오히려 마른편입니다       피는 정상수치 살짝 벗어난건데   버려지나요  저 정도는 그냥 쓰나요 ,가정의학과
78,산소포화도가    인데 괜찮은건가요  코로나확진되고 해제된지 일주일이 지났습니다  그런데 갑자기 어제부터 기운이 없도 현기증이 나고 머리가 핑핑,산소포화도가    인데 괜찮은건가요  코로나확진되고 해제된지 일주일이 지났습니다  그런데 갑자기 어제부터 기운이 없도 현기증이 나고 머리가 핑핑돌고 계속 미열이 있습니다     이구요    오른쪽눈이 안구건조증이 있긴한데 좀 뿌옇게 보여요,가정의학과
79,B형 간염  차 예방접종과 코로나확진 관계 질문드려요 ,안녕하세요    대 남자입니다   지난해 말 건강검진 시 B형간염 항체가 없다는 결과가 나와서  그전까지는 미약하게 있다고 나옴    월  일경 B형 간염  차 예방접종을 하였고   월  일  차 예방접종을 할 예정이었습니다   그런데   월  일경 코로나 확진판정을 받아  월  일 B형간염  차 예방접종을 하지 못하였고   월   일 금  현재까지도  차 예방접종을 하지 않고 있습니다   격리기간   격리후  주일 정도는 몸상태를 지켜봤음   현재 전혀 몸에는 이상이 없는 상황인데     내일인      토 에  차 예방접종을 맞아도 될까요      원래  차와  차의 간격이 한달로 알고 있는데  주정도가 된 상황입니다  그래도 괜찮을까요      이왕 이렇게 된거 몇 달 더 지켜보고  차부터 다시 맞을까요    의사 선생님 답변 주시면 정말 감사하겠습니다 ,가정의학과
80,발톱이 빠질려해요,발톱이 흔들리고 아프진 않는데 어떻게 해야하나요  당겨서 뽑으면 아플까요  양쪽 발이 다 그런데 무좀때문인가요 ,가정의학과
81,뱃살지방흡입 많이 아플까요   ,뱃살이 너무 많아서 스트레스입니다   다른 곳은 그래도 좀 마른 편인데  뱃살이 너무 거슬리네요    그래서 뱃살지방흡입 알아보는 중인데요  효과는 있을까요    제가 아픈걸 잘 못참는 편이라   많이 아플지도 궁금하네요   뱃살지방흡입 해보셨거나 잘 아시는분 있으면 답변 부탁드리겠습니다  ,가정의학과
82,뱃살지방분해주사 효과가 어떤가요 ,진짜 뱃살이 다 분해되면서 쏙 들어갈까요    제가 뱃살만 빠지면 체형은 좀 괜찮아질거 같은데 다이어트로는 너무 어렵네요    뱃살지방분해주사 맞으면 효과가 드마라틱하게 볼 수 있을지    그리고 뱃살지방분해주사 맞으려면 어떤걸 알고 있어야 하는지도  전문가님께서 알려주시면 정말 감사드리겠습니다   ,가정의학과
83,얼굴살빼는법 급한데요,최근에 얼굴살이 너무 많이 붙어서 얼굴살빼는법 찾아보고 있습니다  얼굴살빼는법 혹시 정말 효과적인 방법이 있을까요  급해서 질문 남깁니다,가정의학과
84,코로나 걸렸었는지 검사받을 방법도 있나요 ,무증상 혹은 가벼운 감기 증상으로 넘어갔던 경우에 내가 코로나에 걸렸었는지 확인할 수 있는 방법도 있나요 ,가정의학과
85,코로나 증상 잠,코로나 걸렸을때 원래 잠이 많이 오나요  눈만 감으면 잠이 쏟아져요,가정의학과
86,코로나 확진 확인방법,안녕하세요 요즘 코로나시대에 지치며 슬슬 무뎌지고 있네요  문득 궁금한게 생겨서 지식인에 올려봅니다     만약 나도 모르게 확진됬고  무증상 이 후 완치됬다면 pcr 검사를 하면 전에 코로나 걸렸었는지 확인 가능한가요    차 백신부터는 접종하고싶지 않습니다  감사합니다   ,가정의학과
87,백신맞고 코로나증상,저랑 하루종일 붙어있던 친구랑 어제 학원마치고 같은 증상을 느꼈고 둘 다 집가서 두번의 자가진단으로 음성이 나왔습니다 다음날 아침 저는 증상이 호전되었고 친구는 여전히 심했기에 친구는 병원에서 검사를 저는 등교했습니다  그리고 전   시에 화이자접종을 했고 친구는 양성이 떴습니다  문제는   시쯤부터 두통과 근육통 코막힘 피로 기침 아주 적은빈도  등 증상이 밀려옵니다  이러면 백신을 접종한 상황에서 코로나 신속항원검사를 해야하나요  아니면 백신을 접종해서  무조건 양성이 나와서  하는게 의미가 없나요 ,가정의학과
88,친구 코로나 걸렸는데 걸릴확률,친구가 코로나에 걸렸는데 그 친구랑 평소에 마스크 벗고 지내고 얘기할때도 마스크 안쓰고 같은 병으로 물도 마셨는데 코로나 걸린 확률 높겠죠    병원에서 검사  번 하고 자가키트  번 했는데 다 음성이었어요 백신  차까지 맞았구요 만약 코로나확진인데  차백신 맞아도 되나요   증상도 목에 뭐 끼는 느낌 빼고는 딱히 없어요 pcr검사도 못하니까 잘 모르겠어요    ,가정의학과
89,코로나 자연치유,코로나에 걸리면 병원이나 약국에 코로나 증상 말하고 약 먹으면서 일주일 정도 격리 들어가고 끝나잖아요 일주일 동안 약 먹으면 알아서 코로나가 나아지는 건가요  다른 치료법 없이 ,가정의학과
90,코로나 완치 후 다른 사람에게 바이러스 전파,코로나가 완치되면 항체가 생겨 재감염될 가능성이 낮다고 하는데요      또 다른 말로는 완치자가 다른 사람 에게 바이러스가 옮아 자신의 몸 속에 들어와도 항체가 있어 자신은 안 걸릴 수 있지만 그  옮은 바이러스를 다른 사람 에게 퍼뜨릴 수 있다는 이야기도 들었습니다  이것이 사실인가요      그렇다면 만약 저와 저희가족이 최근에 확진 후 완치가 되었더라도 저희 가족 중  명이 외부에서 새로 바이러스를 옮아오고 저에게 바이러스를 옮기게 되면 저희 가족은 이미 항체가 생겼기 때문에 재감염될 가능성은 낮지만 제가 친구들을 만나게 될 경우 그 친구들에게  외부에서 옮아온 전염력이 있는 바이러스를 전파할 가능성이 있나요     결론은 완치 후에 전파력이 없다 하더라도  새로운 사람에게 바이러스를 옮았다면 전파력이 있는 바이러스를 가지는 것이 아닌지 궁금합니다 ,가정의학과
91,코로나 격리 후 바이러스 전파,코로나에 걸렸다가 내일 일주일이 지나 격리가 해제되는데요   내일 학교를 가야하는데 아직까지 기침이 나오고 목이 살짝 아프고 가래가 낍니다  이상태로 내일 학교를 가도 친구들한테 전파가 될까요   기숙사학교라서 내일 저녁에 기숙사에서 자야하는데 같은방 친구들한테 피해를 끼칠까봐 걱정됩니다 ,가정의학과
92,집에서 저 혼자만 코로나 확진돼서 격리중인데 손하나 까딱안하고 엄마만 부려먹는다고 엄마가 화내요  나와서 택배상자 치우고 제가 먹은거 제가 치우,집에서 저 혼자만 코로나 확진돼서 격리중인데 손하나 까딱안하고 엄마만 부려먹는다고 엄마가 화내요  나와서 택배상자 치우고 제가 먹은거 제가 치우라고 하는데 제가 마스크 끼고 손 소독하고나서 설거지하면 괜찮을까요  괜찮으면 냉장고에서 음식 꺼내서 알아서 챙겨먹으려고요 ,가정의학과
93,제 동생이 아파요,여동생인데 pcr검사 결과 양성입니다 저와 엄마도 양성인데 저는 기침 말고 증상 없고 제 동생이 지금 열이   도에요 속도 울렁거린다고 하고 헤열제는 먹였고 옷은 시원하게 벗기고 있어요 도와주세요 제 동생 많이 아파요 진짜 도와주세요,가정의학과
94,코로나 증상 있는데 음성,동생이 양성인데 전 음성이엇어요 근데 어제밤부터 막 목이 아프더니 오늘 아침엔 목도 아프고 근육통도 조금 잇어서 조퇴를햇는데 목도 아프고 두통도 잇고 근육통도 잇어서 신속항원 검사를 햇는데 음성이에요 ,가정의학과
95,다리를 쭉 뻗으며 기지개 펴면 죽을 것 같은 고통   ,다른 곳은 안그런데 유독 다리만 쭉  스트레칭하는 것처럼 발끝을 쭉 뻗으며 기지개를 펴면 양쪽 종아리가 죽을 것처럼 아파옵니다  요새 계속 그래서 정말 죽을 것 같습니다  왜 그런 걸까요  건강검진때 골다공증 위험 있다고 나왔는데 이것도 골다공증과 관련 있을까요  근데 뼈가 아픈 것 같진 않고 그냥 종아리가 통째로 빠개지는 느낌입니다  종아리가 속에서부터 폭발해버릴 것 같은 고통입니다       어느 병원에 가야하는지도 알려주시면 감사하겠습니다  ,가정의학과
96,종아리지방분해주사 효과 보신 분 있나요  ,제가 다른 곳은 다 말랐는데 종아리쪽이 완전 무다리입니다    혹시 종아리지방분해주사 맞으면 다리가 좀 얇아질 수 있나요   정확히 어떤 효과가 있는지 알고 싶어요 ,가정의학과
97,얼굴살빼는법 좋은 방법 없을까요 ,얼굴살 좀 빼고 싶습니다  다른데는 마른편인데 얼굴만 너무  통통해서 찐만두 같아요   얼굴살빼는법 검색도 해보고 물어도보고 했는데  시술 받아보란 얘기가 가장 많긴하더라구요  진짜 시술 받으면 효과가 있나요   제가 잘 몰라서 아시면 답변 부탁드릴게요 ,가정의학과
98,성장기 골반,안녕하세요 이제 고 인 여학생입니다 제가 골반이 짝짝이라 걱정이에요 막 삐뚤어졌다는게 아니라 한쪽만 자랐 어요 골반뼈가 오른쪽은 여자처럼 자라있는데 왼쪽은 진짜 그냥 직선이에요 원래 성장기때 골반이 한쪽씩 커지나요 양쪽이 같이 자라는거 아니였나요  보기에도 티가 엄청나서 스트레스받으요 사실 제가 척추측만증도 좀 있어서    ,가정의학과
99,체육교사 하려고 하는데 천식 이있으면 안좋은가요 ,체육교사를 꿈꾸는 여중생 입니다  제가 얼마전부터 숨이 잘 안쉬어져서 병원을 갔는데 알레르기성 기관지염이라고 하시는데 그 후로 기침이 심해져서 천식을 살짝 의심 하고 있는데   제 꿈에 지장이 있을까요   ,가정의학과
100,     신속항원검사,     신속항원검사에서 양성 나왔는데 따로 문자 안나오나요     확진 문자요    이래저래 필요한데 연락이 안와서요    아시는분 있으실까요 ,가정의학과
101,다리 발톱 글킴,원래 색이 이런가요  뭐 안발라도 되겠죠 ,가정의학과
102,코로나 확진후 후유증 체중감소,제가 올해  월말에 코로나 확진되어서 기존 몸무게   kg에서 몇일뒤  kg정도 감소하여   kg  그이후 거의 한달간 기침이 계속되어서 병원가서 약먹고 기침은 없어졌는데 몸무게는   kg전후입니다  의도적으로 좀 많이 먹고 해도 좀처럼 몸무게가 증가하지 않네요   걱정스러워서 건강검진이라도 받아야하나 이러고 있습니다  비슷한 경험 있으신분들 있으신지요  걱정도 되고요  조언을 부탁드립니다 ,가정의학과
103,코로나 잠복기 증상,  코로나 잠복기에도 증상이 나타나나요    잠복기에 증상이 있으면 옮길수도 있나요 ,가정의학과
104,코로나 약 꼭 먹어야해요 ,오늘 코로나 pcr양성 판정 받았는데 꼭 약을 먹어야해요  궁금해서요  또 코로나 걸리면 귀가 먹먹해지는 현상도 있나요 ,가정의학과
105,코로나 확진 후 치료됐는데 두통증세가 있어요,코로나 확진 후 완치됐는데 두통증상이 있는데 왜그럴까요  신속항원 검사해보면 음성이 나와요,가정의학과
106,코로나는 아닌데 오한 등,오한이 좀심하고 또 소화도 잘 안되고 입맛도 없고 뭐 먹으면 조금 토할거같구 그래요  오늘 아침엔 물설사도 했구요 원래 스트레스 받으면 자주 아픈 편이긴 한데   왜 이럴까요 병원 가야 하나요  내과 가야 하눈 건가요 목아프거나 발열은 하나도 없어요 코로나는 검사해봤는데 음성떴구요 또 마음 편햐자는 법좀 알려주세여,가정의학과
107,복부지방흡입 효과 있나요 ,제가 뱃살이 좀 많은편입니다  다른곳은 마른편이라    다이어트를 굳이 하기보다는 복부지방흡입 알아보는 중인데요   복부지방흡입 시술하면 진짜 효과 볼 수 있나요   뱃살이 많이 들어가는지 궁금합니다 ,가정의학과
108,가슴에 이상한 멍울이 잡혀요,스무 살 여자입니다 하루 전부터 어딘가 모르게 가슴이 아프더니  제 기준 오른쪽 가슴의 오른쪽 윗부분이 빨갛게 조금 부어올랐고 이상한 멍울이 잡혀요 평소 가슴에서 만져지던 멍울과는 다르게 조금 더 단단하고 큰 느낌이에요 유독 이 부분만 조금 뜨겁고 빨갛고 부어올랐더라고요 만지면 아프기도 하고요 이게 뭘까요,가정의학과
109,팔뚝지방분해주사 효과 좀 알려주세요  ,팔뚝살이 진짜 너무 빼고 싶어요   팔뚝 땜에 매일매일이  스트레스입니다   그나마 다행인거는 다른쪽은 다 말라보이는데     하필 팔뚝이   팔뚝지방분해주사 맞으면 팔이 좀 얇아지나요   효과 괜찮으면 바로 예약 하려구요   팔뚝지방분해주사 관련 정보  아시는 분 있으면 꼭 답변좀 부탁드리겠습니다  ,가정의학과
110,손떨림  현기증 증상 문의,안녕하세요  밥 먹은지 얼마 되지 않았는데도 손떨림  현기증 증상이 있습니다   평소에 공복이 오래 되거나 하면 그랬었는데  어제는 딱히 공복이 길지 않았는데도 그래서요  저혈당 증상일까요   평소 혈압계쟀을때 정상이었는데요    아 예전에 호지킨 림프종으로 항암치료 받은 적 있습니다  도대체 왜 손이 떨리고 현기증이 나고 기운이 없는지 모르겠어서 답답하네요     어디 쪽하고 연관이 있을까요 ,가정의학과
111,코로나에 관해,코로나 집에서 약먹고 버티면  주일 이내로 완치 돼나요   현재 열을 완전히 내렸고 기침을 하는 정도  걸린지  일 됐습니다  ,가정의학과
112,코로나 오미크론두통증상,확진된지   일차입니다 인후통 오한 몸살 두통  일만에 좋아졌구요 후각   저하 및 케찹이나 간장 김치에서 휘발유냄새 알코올냄새같은냄새났었구요   일차인데요 코는좋아졌는데요 두통이아직있습니다 이비인후과 에서는 소염진통제먹으라고하는데요 먹어도아파요 오미크론후유증인가요  아니면신경과가봐야할까요 만성이될까바두렵네요 의사님들 답변좀 해주세요,가정의학과
113,코로나 pcr검사 결과 안나왔는데,어제 코로나pcr검사  시 반쯤에 했는데 연락이 없어요 다만 아침부터 고열이 시작되어서 확진인거같은데 해열제 사러 약국 가도되는건가요  보건소도 연락이 안되고 검사받은 병원도 연락이 안되요,가정의학과
114,오리궁뎅이 스트레스,안녕하세요      살 대학생 입니다   제 가족이 다 오리궁뎅이라 저도 오리궁뎅이인데 제 옆모습 찍어서 그대로 그린거거든요  스쿼트를 하니까 엉덩이가 더 커지더라구요 그래서 안하고 다른 걸로 다이어트를 하고있는데 어떻게 해야될까요    예전에   키로 감량했는데 턱  배  팔뚝만 빠지고 볼살 엉덩이 허벅지 종아리 다 그대로라서 너무 현타가 왔어요      저 오리궁뎅이 많이 심각한가요  친구들이 없는거보단 낫다고 하긴 하는데 전 너무 빵실해서 스트레스 받아요     바지를 입고 배에 힘을 주면 똥꼬가 먹더라구요     이런건 어떻게 해야하나요     ,가정의학과
115,신속항원 검사받고 양성 떳는데 pcr검사는 못 받았었는데요,신속항원 검사받고 양성 떳는데 몸이 너무 안좋아서 pcr은 못 받고 집에서 쉬었는데 이제 좀 몸이 괜찮아졌어요  근데 정책 바뀌기 전에 신속항원검사 받은거라 pcr검사 받아야하나요   그럼 양성 뜨고 지금까지 격리한거 말고 다시 일주일 격리해야하는 건가요   ,가정의학과
116,병원 코로나 검사,저 초  인데 저번즈 금요일 날에 열이 나서 안갔는데 오늘 열이 또 있는거에요 그래서 자가키트 해봤는데 다행이 음성인데 쌤이 병원에서 코로나 검사 하라고 했는데 혹시 보건소랑 똑같이 깊게 넣나요   아님 병원이 더 넣나요 제가 코가 민감한 편이라 코에 뭐 쑤셔넣으면 코피가 나와요 빠른 답변 부탁드립니다,가정의학과
117,코로나 전염성,코로나가 원래 이렇게 확진이 잘 안되나요    아빠가 양성인데도 불구하고 이미 식사랑 이것저것 다 해서 코로나 옮을법도 한데 코로나 음성만 떠서요      pcr 검사를  너무 일찍한걸가요   코로나 확진인 사람 옆에 잇어도 안 옮나요    아님 제가 좀 더 늦게 코로나 검사를 햇어여 햇나요   ,가정의학과
118,강남윤곽주사 전문적으로 잘하는 괜찮은 곳 좀 알려주세요 ,윤곽주사 좀 맞아보려고 하는데요  제가 이런 피부 관련 시술은  처음이라   이것저것 알아보는 중입니다  윤곽주사도 잘 못맞으면  안좋다고 들어서요  제가 강남쪽에 거주해서 강남쪽에 위치한 곳으로  찾는중인데요  혹시 강남윤곽주사 전문적으로 잘하는 곳 있을까요   추천 좀 부탁드립니다 ,가정의학과
119,먹는삭센다,먹는 삭센다 어디 파나요  제가 중 이라 곧 졸업사진을 찍는데 운동만 하니까 살이 많이 빠지지도 않고 좀 오래걸려서 진짜 급하게 빼야돼서 먹는 삭센다랑 같이 빼려고요   알려주세요,가정의학과
120,턱윤곽주사 효과 괜찮을지 걱정됩니다 ,제가 턱살이 좀 심한 편인데요   턱윤곽주사 알아보는 중입니다   진짜 효과가 있을까요    턱윤곽주사 맞아보신분 계시면  답변 부탁드립니다  그리고 어떤 효과가 있는지도 알려주세요  ,가정의학과
121,보톡스윤곽주사 맞아도 괜찮을까요 ,안녕하세요  요즘 보톡스윤곽주사에 흥미가 생겨서요   보톡스윤곽주사는 정확히 어떤 효과가 있을까요   부작용이나 이런건 따로 없을지   효과는 드라마틱하게  볼 수 있을까요   아직 이런건 한번도 안해봐서 알고 싶어요 ,가정의학과
122,윤곽주사란 어떤 효과를 볼 수 있는 주사일까요 ,질문 그대로입니다  윤곽주사란 정확히 어떤 효과를 보는 주사인지 궁금합니다   얼굴 윤곽이 좀 줄어드는건가요  아니면 얼굴 윤곽에 있는 살이 빠지는건지    알고싶습니다  ,가정의학과
123,층간소음피해자인데 정신과를 가도 될까요 ,특이하게 저는 층에서 사는데  층에서 아이들이 악을 지르고 높은데서 뛰고 난리도 아니어서 수시로 그럽니다 어린이집 다니는 애들이 가면 안다니는애가 혼자 하루종일 악지르고 뜁니다 제가 층이라 반박도 해보지만 그때뿐이고 쿵하고 찍고 높은데서 뛰면 바닥이 울리면서 충격까지 줍니다 아파트가 옛날아파트도 아니고  년 좀 넘는아파트인데도 쿵하고 찍어서 하도 놀래서 가서 항의했더니 할머니가 나오시더군요 애들 명이랑 아빠엄마는 뒤에 숨어서 뭐하는건지 보니까 거실에 얇은매트 한개 깔아놨드라구요   시넘어 뛸때도 인터폰하니 그냥 미안하다 그러고 똑같고 그것도 뛸때는 맨땅에 뛰어서 그것땜에 노이로제 걸려서 집중도 안되고 소리가또 들릴까봐 노심초사하고 사람이 이래서 미쳐서 사단이 나는구나 이해할 정도가 되었습니다 정신과를 가면 좀 나아질까요 근본적인 해결방법과 정신과 가보신분들 조언 부탁드립니다,가정의학과
124,하품하다가 구역질,초등학교  학년 여학생인데 가끔 속쓰리고 자꾸 목에 뭐가 걸린것같아서 일부로 구역질 하려고 목안으로 손가락 넣어서 구역질도 하고 하품하다 구역질 나올것같을때가 많아요 이거 왜이런가요,가정의학과
125,머리아프고 속이 안좋아요,요즘 운동하면 어지럽고 속도 안좋고 토나올거 같아요 조금만 운동해도 헥헥거리고 아무것도 안먹어도 속이 안좋아요 왜그런걸까요  ,가정의학과
126,손사마귀 질문,주사  주전에 맞아서 까만딱지 되길래 기다렸다가 어제 딱지 좀 갈라져서 걍 땠거든요 근데 괜찮을까요 끝쪽 사마귀 살짝 있긴 한데 어떡하나요,가정의학과
127,골절후 박카스 마셔도 되나요 ,수술은 작년   월   일에했고 핀박혀있는데 뼈는 잘 붙고있다고 합니다 다붙진않았구여 커피나 콜라같은 카페인많은거 마시지말라고해서 제가 잠이많고 피곤해서 박카스를 마시려 하는데 여기에도 카페인이   mg정도 있다고 하더라구요 마시면 뼈 늦게붙나요 ,가정의학과
128,동생이 오늘 코로나 자가격리 해제되었는데요 ,저 마스크 안 쓴 상태로 화장실 나오다가 제 동생이랑 얼굴 가까이에서 마주봤어요  제 동생도 마스크 안 쓰고 있었고요 저 감염 될 위험 있을까요 ,가정의학과
129,냄새 맛 상실 코로나,제가 코로나 증상인지 뭔지 잘모르겠지만 냄새랑 맛을 최근 못 느끼는데 언제쯤 돌아올까요  진짜 냄새는 하나도 안나고 맛은 예전처럼 뭐가 들어갔는지 이런거 하나도 못느껴요   그냥 매운맛 순한맛 구별할 정도만   이런 코로나증상 있다고 하는데 혹시 걸렸던 분들중에 이러신분 있으시면 언제쯤 돌아오는지 알려주세요  지금 미치겠어요 진짜,가정의학과
130,코로나 확진,제가 코로나 확진이 되어서 목이 너무 아픈데 침 삼킬 때 마다 귀에서 똑똑 소리가 나고 귀가 멍멍해서 잘 안 들리는데 완치 되면 괜찮아질까요  어떻게 해야될까요   목에 가래가 있어서 뱉으면 약간의 피와 섞여서 나와요,가정의학과
131,장염인가요, 일 정도 됐어요 아무 이유 없이 배아파서 화장실 가면 물설사 죽죽 싸구요 밥 먹으면 당연히 쌉니다 그냥 자다가도 물설사 나와서 달려간 적 있어요 점점 심해져서 열도 나고 두통도 심해졌어요 좀 더럽긴 한데   급한 상황 아닌데도 불구하고 그냥 아무 느낌 없이 죽 나와서 팬티에도 지렸습니다 왜이런가요,가정의학과
132,코로나 재확진, 월달 말에 코로나 확진 되고 나서  월 초에 격리 해제 통지서 받았거든요  근데 어제 자가키트 해봤는데 양성이 떠서 방금 신속항원검사 받고 왔어요 신속항원검사도 양성이 뜨겠죠  그럼 다시 자가격리 해야 하나요  코로나 확진 된 후로 이제야 한 달 조금 더 지났는데   또 격리를    ,가정의학과
133,코로나 음성,같이 놀았던 친구  명이 코로나에 걸렸는데  마스크는 안벗고 몇시간정도 이야기하고 걸어다녔거든요 근데 제가 너무 불안해서 애들 양성 나오고 바로 신속 항원 검사 했는데 음성이 나왔어요  번이나   근데 오늘 학교에서 같이 놀았던 친구가 희미하게 두줄이 나왔는데 코로나 검사 또 오늘 학교 마치고 했거든요 근데 또 음성이에요   목이랑 코 둘다요   그리고 제가 목이 좀 아팠는데  어제 집에서 노래   곡을 소리지르면서 계속 불렀는데 그것 때메 그런거같기는 한데  열도 안나고 제가 걸릴 가능성도 있는건가요   ,가정의학과
134,코로나 폐손상,엄마가 코로나 양성판정을 받으셨고 지금은  일이지나 격리해제인 상태입니다    대 후반정도이시고 엄마께서 폐가 아프시다고 하시는데 많이 심할까요 ,가정의학과
135,입맛이없어요 다양한 이유도있는데 궁금하네요,요즘갑자기 입맛도살아지고 의욕이없고 무기력하고 기분도이상하고 하루의 한끼도 겨우먹을가말가에요 왜이런건가요  잠도 많이오고 임신은아니에요 돌다가오는 아들하나키우고있어요 아들에겐힘들진않는데 육아를엄마랑해서자주싸우기도해요 스트레치수치가엄청나요 요즘은감정컨트롤이안되고 화를자꾸내요 신경이날카로워지고 자꾸만울고싶어요 혼자있고싶어요 마음이굉장히힘들어요 운동은안해도 저녁에스트레칭도잠시하고자요 아이는또 잠을 너무안자요 이래저래너무힘들어요    삶에 의욕이없어져요     관심받고싶어요 살아가는것에 덜컥 겁이나고무서워요 사람이무섭고 싫어요    왜이럴가요 ,가정의학과
136,코로나 신속항원검사 정확도,신속항원검사 언제가 제일 정확한가요   지난주 목요일에 확진된 친구랑 밀접접촉 옷 만지고  친구가 쓰는 책 만짐  거의 완전히 몸 붙은 상태에서 대화 했는데  오늘 전문가용 신속항원검사에서 음성 나왔습니다  그런데 어제 같이 수업한 학원 친구가 양성이라고 방금 전화왔습니다  신속항원검사 정확도는 언제 제일 정확할까요  아직 잠복기인가요 ,가정의학과
137,코로나 재확진 질문이욤,제가   일 새벽에 증상이 있은 후 바로 자가키트 양성 나오고   일 격리   일      에 격리해제 되었습니다 지금 격리해제 된지  주차인디 제 일터 주변에 확진자들이 너무 많이 나오고 또 같이 밥을 먹었어요    최근에  일에 같이 일하는 지인이 코로나에 걸렷고 저는      지굼 인후통이 있어요 재확진이 이렇게 빨리 걸릴수 있는지   키트는 음성이 나오곤 잇는데 불안해 죽겟어오  ,가정의학과
138,많이 걸으면 다리가 간지러운 이유,많이 걸으면 다리가 간지럽잖아요 근데 제 지인이 그 느낌이 지방이 타는 느낌이라고 하는데 맞나요  그 간지러운 느낌은 왜 나는 건가요  ,가정의학과
139,코로나 빨리 낫는법,오늘 확진판정을 받았는데 인후통증세가 너무 심해서요  목기침도 자주나오고 기침할때마다 목 너무아프고 미쳐버릴거같습니다  목에 라이터를 지지는 기분이 듭니다  목 통증을 최대한 줄일 수 있는 방법이 있나요  ,가정의학과
140,몸이 무너지고 힘이 쫙 빠지며 움직일 수가 없습니다,안녕하세요 요즘 자도자도 피곤하고 잠이 깨었을때 정말 말로 설명할 수 없는 최악의 컨디션인데 온몸에 힘이 쫙 빠지고 가위 눌린 것처럼 움직일 수 없는  그런 느낌이며 피로감은 극에 달합니다  간신히 움직이면 그때 서서히 풀리는 느낌이고 일서나서 생활을 하다보면 또 극심한 피로감이 몰려와 바로 눕게 됩니다  가슴이 쎄한  뭐 그런 느낌도 있구요 열감도 있고 몸이 완전히 바닥으로 무너져 내리는 느낌입니다  어디에 문제가 있는건지    병인가요 ,가정의학과
141,지금 얼굴만 열이 갑자기올라요  ,도와주세요    지금 몸은 정상체온인데 얼굴만 열이 계속오르는데 이유좀 알려주세요    코로나 아닌가 걱정이네요  몇일전이랑 오늘 코로나검사하러갔을땐 음성나왔고 증상도없는데 검사받고와서 집에와서 몇시간 쉬었는데 갑자기 얼굴만 열이 나네요  이유가 뭘까요,가정의학과
142,백신부작용,저는 이제   살입니다  월   일 화이자  차를 맞고 당일에는 아무런 느낌도 없고 아프지도 않았습니다 그런데 새벽에 잠을 자려고 누웠는데 갑자기 팔이 미치도록 아프더라고요 그래도 그냥 참고 계속 잤습니다 새벽에 팔이 너무 아파 잠을 설치고 아침에 일어나 보니 겨드랑이가 너무 아팠습니다 그래서 그냥 뭐 괜찮겠지 하다가 타이레놀을 하나 먹고 저녁에도 타이레놀을 두 개를 먹었습니다 타이레놀을 먹고 나서 그 뒤로부터 어지러웠습니다 팔은 점점 나아졌지만 겨드랑이는 계속 쓰라리는 느낌으로 계속 아프더라고요 보니까 겨드랑이도 부어있었습니다 그리고 목이 뻐근해서 스트레칭을 하다가 승모근 쪽에 멍울이 잡히더라고요 이 증상을 네이버에 찾아보니 백신 부작용이라네요 아침에 병원을 가려고 하는데 백신을 맞았던 병원을 가야 하나요  아니면 정형외과나 다른 병원을 가야 하나요  그리고 백신 부작용이면 나라에서 보상금을 준다는 이야기가 있던데 사실인가요 ,가정의학과
143,집에 코로나 양성 명인데요  급해요 ,엄마랑 저랑 둘다 양성 확진 떴는데요        마스크 벗고 생활해도 되는건가요  아빠는 멀리 계셔서 상관없는데요           둘다 걸려서 에라이 하고 엄마랑 수다도 떨고 마스클  벗고 생활했는데 큰 문제 있을까요        이제부터라도 마스크 끼고 생활해야겠죠  저는 확진    일차이고 엄마는  일차입니다          칼답으로정확하게 대답해주시면 채택해드려용,가정의학과
144,코로나 목아픔,코로나 확진됐는데 목이 너무 아파요 이틀 전에는 쉰목소리만 나고 아프진 않았는데 오늘 일어나서 침 삼키니까 하늘나라 가는줄 알았어요 진짜 너무 아파요 가면 갈수록 더 아프고 이제는 귀도 아파요    침 삼키기가 너무 싫고 원래 삼킬 때만 아팠는데 이제는 그냥 가만히 있어도 아파요 코도 건조해져서 코로 숨쉬기도 힘들고 너무 아파서 자려고 누우면 코가 막혀서 잘 수도 없어요  물 많이 마시라고 하는데 음식 중에 물 삼키기가 제일 힘들어요 목에서 칼날들이 쓸고 내려가는 느낌  진짜 미치겠어요   어떻게 해야 증상이 빨리 없어질까요 가글도 하고있고 타이레놀도 먹어봤는데 효과없어요   그리고 목아픔 얼마나 가나요  ,가정의학과
145,코로나 증상 중에 집착,코로나 증상 중에 무언가에 집착하는 증상도 있나요  예를 들면 친구가 답장을 안 한다고 집착을 한다던가 하는거요  최대한 빠른 답변 주시면 감사하겠습니다 ,가정의학과
146,코로나 밀접접촉자,제 친구가 이틀 전에 코로나에 걸렸는데 그 친구 코로나 검사 결과 나오기 하루 전에 저랑 친구랑 놀았거든요 그래서 내일 코로나 검사 받으러 가려하는데 코로나 증상 몇가지만 알려주세요 저는 뒷머리가 아프고 숨이 조금 불안정하게 쉬어지는거같아요,가정의학과
147,코로나 이후에 미각 상실 증상,코로나 격리해제 되고  주일 지나서 재확진도 아니고 몸 아픈곳도 없는데 미각이 안느껴집니다  월   일부터 증상이 있었고요 어떻데 대처하면 될까요  한의원 갈 생각을 하고 있긴 합니다,가정의학과
148,신속항원 양성후 pcr음성,신속항원 양성 pcr 음성이 나왔는데 이게 두번째에요 화요일에 신속항원 양성떠서 pcr결과 음성 목요일 신속항원 재검사 양성 후 또 pcr 음성인데 증상이 없는겅 아니라 불안해서 집안에만 있네요 다시 검사를 해봐야할까요,가정의학과
149,속이 울렁거리고 어지러울때 물마셔도 되나요   ,오늘 코로나 양성판정 받고 점심에 죽먹고 약먹고 잤는데 일어나보니 온몸이 땀으로 젖어있었어요   미열도 있었고 일어나보니까 어지럽고 속이 너무 안좋은데 탈수증세인가여    따듯한물 마셔도 될까요,가정의학과
150,코로나 감염,안녕하세요 제 남친이 수요일에 키트두줄이떠서 목요일에 검사받고 금요일인 오늘 검사결과가 양성이 나왔는데요 수요일에 같이 뽀뽀하고 키스하고 해서 침이 섞였을텐데 키트로는 계속 한줄이나와서 돈을내고 목요일에 pcr검사를 받았고 오늘 금요일날 음성문자를 받았는데 그 잠복기가   시간 정도라고 병원에서 얘기하시던데 내일 토요일날이 잠복기 끝나는 시간인데 그때도 키트 해봤는데 한줄나오면 안걸린걸까요  그리고 확진자랑 침이 섞였는데도 안걸리는 경우가 있나요  ,가정의학과
151,코로나 잠복기 학원,이틀간 자가진단키트 음성 나오긴 했는데 날이 갈수록 머리아프고 목 붓는 느낌 들고 암튼 코로나 증상이랑 겹치는데요  진단키트 오류가 꽤 있다고도 하고 잠복기는 검사하기 어렵다기에  저녁에 학원 가야되는데 걱정돼서요  안 가는 게 맞을까요 ,가정의학과
152,코로나 확진 후 하혈,제가 오늘 신속항원키트로 두줄이나오고 선별진료소 갔다와서 연락 기다리고 있는데 금방 화장실 다녀오고 나서 하혈이 나요 백신은  차까지 맞았고 백신 맞은지도 오래됐고 생리도 잘 해오고 했는데 코로나 증상 중에 하혈을 할 수 있나요  ,가정의학과
153,드라이아이스 변기,드라이 아이스를 모르고 변기에 버리고 녹을 때 까지 기다렸는데 이산화탄소량이 많아져서 두통이나 호흡곤란이 올 수도 있다는데 건강에는 아무 지장 없는 거죠  ,가정의학과
154,배가 아파요  ,배가 계속 아픔니다 누워서 만져 보면 왼쪽 골반뼈 튀어나온곳  배꼽보다는 조금아래로 내려가  에서 한  센티 정도 떨어진 위치 이구요  계속 아픈것이 아니라 꾹 찌르는 듯한 통증이 찌르르하고 밀려 가슴쪽까지 올라오다 사라지는데 이것이 계속 반복해서 나타나는거죠    대략적인 문제가 뭘지    변도 잘보고 있습니다  한달 이상 된거 같구요    있다가 없을때도 있구요     다이어트 한다고 탄수화물 잘 안먹습니다  미역국이나 무 깍아먹는정도 이구요    호두 피호두  몇알씩 깨먹고있습니다    그러보니 호두 먹으면서부터 그런거 같기도 하구요  많이 멋지는 않아요    병원을 간다면    어디를 가야 할까요  일반내과로 그냥 가면 되나요   ,가정의학과
155,코로나 확진,이번주 화요일에 친구 둘이서 저랑 같이 밥 먹었는데요 한명이 수요일에 걸리고 또 한명은 목요일에 코로나에 걸렸어요 그럼 저도 코로나 걸럈을꺼 아녜요 그래서 일단 먼저 걸린 친구 때문에 수요일에 자가키트 해서 음성 나오고 목요일에 한명 더 걸린 친구 때문에 자가키트 하고 이빈후과 가서 감사를 했죠 자가키트에서 음성 나오고 이빈후과에서 한 것도 음성 나오고 오늘 또 자가키트로 검사 하니 음성이 나왔어요 그러면 수 목 금 다 음성이잖아요 내일 병원에서 또 와서 감사 하자는데 그 검사에서 음성 나오면 나가서 놀아도 되는건가요 더 기다려야 하나요 병원에서 하는건 보건소 pcr이랑 똑같은 길이의 면봉이에요 저는 아무런 증상도 없어요,가정의학과
156,,,
157,,,
158,,,
159,,,
160,,,
161,,,
162,,,
163,,,
164,,,
165,,,
166,,,
167,,,
168,,,
169,,,
170,,,
171,,,
172,,,
173,,,
174,,,
175,,,
176,,,
177,,,
178,,,
179,,,
180,,,
181,,,
182,,,
183,,,
