title,content,department
심장이 너무 빨리 뛰어요,작년까지는 심박수가      됐었는데 요즘 한달간은 계속 심박수가        을 뛰어요  그냥 가만히 있을때 그렇고 마스크를 쓰면 더욱 빨리 뜁니다  입안이 계속 건조하고 손도 떨리는데 이건 게임때문에 그러는거 같아요  백신맞고 심장이 아파서 저번에 병원가서 검사해봤는데 심낭염인가 심증염  그거 확인하려 심전도 검사도 했는데 숨이 계속 딸리고 뛰면 마스크를 무조건 벗어야지 진짜 살만하고 저번에 계속 꼈었는데 진짜 너무 어지러웠어요  무슨 병이 의심되고 어디 병원을 가야하는지 알려주세요,흉부외과
며칠 전부터 허벅지 저림 있는데  돌출은 없습니다   강서구   대중반 남 허벅지 저림 ,허벅지 저림  이라고 해야 할까요   그리고 뒤쪽 접히는 부분에 통증이 좀 심한 것 같아서 혹시 이것도 하나의 질병인지 궁금합니다    하지정맥류 라는 말이 있던데  아직 제가 돌출된 실핏줄이나 그런 건 딱히 보이지 않거든요   어쩌면 그래서 더 애매할 지도 모르겠네요  이 증상만으로 병원을 가도 되는 건가요 ,흉부외과
다리의 불편함이 심해 하지정맥 병원 생각 중인데 질문드립니다   강남구   대중반 남 하지정맥류 ,요새 들어서 붉은 실핏줄이 튀어나와 있기도 하고 종아리 쪽   전체적으로 다리의 불편함이 심한 편입니다   이거 꽤 오래 하지정맥류가 진행된건지요   하지정맥 병원 가면 한 번에 치료가 될 수 있는 건지도 궁금합니다 ,흉부외과
상체 통증,갑자기 이틀전부터 상체에 전체적으로 통증이 느껴져요 숨을 크게 들이쉬면 아프구요 상체가 다 아파요 처음 통증이 느껴진 부분은 쇄골과 가슴 사이 그 부분 전체가 너무 아파서 엎드리지도 못했어요  점점 이어진 어깨도 아프더니 이젠 팔을 돌리면 상체의 옆부분도 아파요  뼈가 아픈건진 잘 모르겠는데 땡기고 아픕니다        증상이 따로 있나요  평소 엎드려서 팔꿈치를 바닥에 대고 상체를 지탱해서 오랜시간 책을 읽거나 휴대폰을 봤습니다     그리고     병원은 어느 병원으로 가야하나요 ,흉부외과
잠을 자다가 다리에 쥐 자주 깰 때가 많습니다   구일역   대초반 여 자다가다리에쥐 ,한두 번도 아니고 요즘 매일같이 자다가 다리에 쥐가 나서 괴롭습니다   이후에는 잠도 잘 안 와서 불면증까지 걸릴 것 같아요   생각해보니까 생리를 할 때 다리가 더 아픈 것 같고  저리는 횟수도 많아지는 것 같아요   호르몬 영향 때문일까요  원인을 알고 싶습니다   또 해결 방법도 알려주시면 감사하겠습니다 ,흉부외과
야간에 다리 경련 나타나는데  너무 힘들어요   대림역   대후반 여 다리경련 ,요즘 별다른 일을 안하고 있는 백수입니다   활동량이 많지도 않은데 다리경련 때문에 잠을 제대로 못 자고 있어요    새벽마다 쥐가 나는데 너무 힘듭니다   도대체 왜 이러는 걸까요  또 이전보다 다리가 부어서 살이 찐 걸로 생각하고 있었는데 이 증상이랑 연관이 있을까요  답변 부탁드립니다 ,흉부외과
다리아플때,제가 과일가게에서일하는데 집에도착하고나면 다리가아파요   이럴때 어떻게햐야지안아파지나요  ,흉부외과
다리에 이런 자국이 생겼는데,언제부터인지 모르겠는데 자국이 안없어지는것 같아서요   이거 부종일까요 ,흉부외과
몸이 지끈지끈한데,자꾸 팔쪽이나 손 아니면 다리쪽이나 심장쪽이 지끈지끈 하다고 해야되나 그런데 왜그런건가요 ,흉부외과
오란쪽 가슴 누르면 통증,오른쪽 가슴 정확히 젓꼭지 부분을 누르면 통증이 느껴지고 만져보면 기분탓일수도있겠지만 뭐가 뭉쳐있는 느낌도 듭니다,흉부외과
다친 것도 아니고 문제가 생긴 것도 아닌 멀쩡한 피부가 뜨거워요     허벅지입니다,이렇게 된 지는 몇 년 된 것 같은데 그러려니 하면서 살았습니다 그냥 허벅지가 튼실해서 그런가보다 싶었죠    비만은 아닙니다   그냥 정면으로 볼 수 있는 양쪽 허벅지가 뜨거워요    통증은 없고요  그것도 자려고 눕기만 하면 그래요     다른 곳은 멀쩡한데 허벅지만 그래요 여름에는 찬물에 수건을 적셔서 올려놓고 선풍기 바람 쏘 면서 자요              겨울에도 뜨거워서 허벅지는 이불 안 덮고 상체만 덮었는데 발은 시렵고 해서 이불 두 개로 상체 덮고 발 덮고 잡니다 이게 무슨 짓인지    이제 곧 더워질텐데 어제도 잠들기가 불편했던지라 더 이상은 안 될 것 같아서    어디 주변에 물어봐도 그건 뭐냐는 반응이라 여기에 물어봅니다            어떤 문제가 있는 걸까요  피부질환도 없고 걍    멀쩡 평범한 피부입니다   병원은 어딜 가봐야 할까요        도와주세요 ,흉부외과
다리 혈관이 돌출 없이 멀쩡한데 하지정맥류 가능성 있나요   서울 구로구   대초반 여 하지정맥류 ,하지정맥류가 다리 혈관 돌출이 있는 질병으로 알고 있는데 제 다리는 일단 멀쩡합니다   대신에 욱신거림이 좀 있는데  이것도 하지정맥류 초기 증상으로 봐야 할 지    요새 들어서 좀 더 심해진 것 같아서 괴롭네요   저같은 분들 있으신가요  ,흉부외과
다리에 쥐가 나는 이유 따로 있을까요   봉천동   대중반 남 하지정맥류 ,다리에 쥐가 나는 이유를 알아봤는데요    하지정맥류 라는 하체에 발생하는 질환이 있더라구요   자가진단 해보니 어느 정도 들어맞는 것 같은데  어떻게 수술을 받아야 할 지 고민됩니다   나이가 있어서 회복 속도가 느릴까봐 걱정이기도 하고    나중에 혈관이 튀어나올 까봐 겁이 나기도 하네요    꼭 수술을 받아야 하는 건지 궁금합니다 ,흉부외과
허벅지에 혈관 핏줄 이 보이는데 병원가야할까요  ,한    주 전부터 갑자기 오른쪽 허벅지 안쪽에 푸른색 혈관이 도드라져 보이면서 허벅지 안쪽 혈관보이는 부분부터 무릎 접히는 저부분까지 통증이 계속 있습니다 혈관쪽에서 느껴지는 통증   인데 하지정맥류인가요  어느과를 가야할지 모르겠습니다   종아리는 전혀 안아프고 허벅지 옆라인에서 무릎부분까지 저기 핏줄부분에 통증이 있습니다,흉부외과
기흉 수술 후  달이 돼가는데 수술한 쪽 갈비뼈가 튀어나왔습니다, 월 말 쯤 왼쪽 기흉 수술 받고나서부터 왼쪽 갈비뼈 아래쪽이 아팠는데  수술 후유증인가 싶어 그냥 지금까지 잘 지내왔습니다  그런데 지금까지 갈비뼈 통증이 나아지는건지 모르겠고  최근 느낀건데 왼쪽 갈비뼈 아래쪽이 튀어나왔습니다  그래서인지 허리를 뒤로 젖히면 갈비뼈가 아픕니다  최근에 튀어나온건지 아니면 수술받고부터 통증이 있었으니 그때부터 조금 변형이 있었던건지 모르겠는데 아무튼 지금 이 증상이 기흉 수술로 인한 후유증이 맞나요 ,흉부외과
협심증이 맞나요 ,협심증이 맞나요   계속 며칠째 아침에 일어날 때마다 가슴 정가운데가 약간 근육통 있는 것 처럼 아프고 뻐근한  느낌입니다  스마트워치를 계속 차고 있는데 요며칠 간 기본    유지하고 있고 통증 있기 전에는       사이 유지했었습니다  과민성 대장증후군이 있어서 커피도 안 먹고 있는데 계속 통증과 함께 심장이 좀 과하게 뛰는 느낌입니다  협심증이 맞다면 어느 병원으로 가야하는지도 답변 부탁드립니다 ,흉부외과
하지불안증후군 증상인거 같은데 좀 헷갈려요   서울 신사동   대초반 여 하지불안증후군 ,자기 전에 유독 다리가 부들거리고 후들거리는 느낌   이 드는 것 같은데   하지불안증후군 증상 중 하나더라구여  평소에도 다리가 좀 저린 편인데 이것도 혹시 연관이 있는 건지 궁금합니다   아무리 마사지를 해줘도 너무 아프고 이제는 허리  어깨까지 아프네여  방법 좀 알려주심 감사해여 ,흉부외과
하지정맥류 원인으로 운동 부족이 될 수 있는지 궁금합니다   동대문   대후반 남 하지정맥류 ,건강했을 땐 운동 꽤나 했었는데   요새 들어서 일이 워낙 바쁘다 보니 운동을 잘 하지 못하고 산 탓에    하지정맥류 증상을 겪고 있는 것 같습니다   워낙 앉아서 일 하는 시간이 많다 보니 그 동안 어쩔 수 없다고 생각하고 방치했지만   하지정맥류 라는 질환에 대해 알아보던 중 하지정맥류 원인이 운동 부족이 있더라구요    앞으로 운동 좀 하면 나아질 수 있을지       만약 안된다면 치료가 필요한지  궁금합니다 ,흉부외과
가슴에서 물,최근들어 가슴에서 물이 나와서 속옷이 젖어요 왜그러는거죠    코로나격리후에 갑자기 이래여   ,흉부외과
손톱이 부풀어올랐어요 손톱건강 곤봉지  외과 흉부외과 호흡기내과,사진처럼 최근에 한  주전에 저렇게 엄지손톱이 부풀어오른것처럼 저렇게됬어요 제가 담배를 많이피긴합니다 다른 손가락들도 사진보단 아닌데 만지면 좀 느껴질 정도로 튀어나왔어요 이거 많이위험한거인가요 아니면 곤봉지인가요 ,흉부외과
운동하다가 심장이 세게 쿵,달리기를 하다가 힘들어서 잠깐 걷고있는데 심장이 갑자기 아주 잘 느껴질 정도로 한번 쿵 했습니다 통증은 없었는데 너무 잘 느껴질정도로 세게 뛰었어요 이전에도 몇번 있었던 적이 있었는데 혹시 무슨 병인걸 까요,흉부외과
하체 부종이 심한데 원인이 질병이면 어떻게 하나요   동대문   대초반 여 하체부종 ,하체 부종 처음에는 그저 살이 찐걸로만 생각했는데 아니더라구요    다리 쪽 불편함도 쫌 있는 것 같아서 질병인지 아닌지 조금 헷갈리기는 하는데 이러다가 나중에 더 심해질까봐 걱정이네요   어느 병원으로 가는 게 좋을지 알려주시면 감사하겠습니다 ,흉부외과
발바닥 간지러움 열감 시림 등 증상이 나타납니다   서울 구로구   대초반 남 발바닥 간지러움 ,오래 걸어서 그런 줄 알았건만   나이 들어서 그런 줄 알았건만   발바닥 간지러움과 함께 계속 나타나는 불쾌한 증상들로 이제는 병원 한 번 가볼 때가 된 것 같습니다   어느 병원으로 가야 할까요    아직 막 죽을 만큼의 심각한 고통은 아니기에 대학병원보다는 일반 병원이 나을 듯 싶습니다 ,흉부외과
베나실 하지정맥 수술후 통증과 저림,한달전 하지정맥수술을 받았는데 받기전 종아리통증은 아침에 일어났을때  한시간정도 심했고  저림은 출근해서 앉았다 일어날때 약간 저린정도였으며 저녁에 퇴근후 발바닥에  껌이 붙어 있는것같은 느낌과 다리에 찬물을 붓는느낌 잘때 뻣뻣한 느낌이 있었고  세번째발가락과 두번째 발가락이 꼬여있는 느낌이 있었습니다 수술 후 현재 한 달이 지나서 아침에만 있던 종아리 통증이 아침에서 오후까지 나타나고 잘때도 통증이 생겼으며 앉았다 일어났을 때 저림의 강도가 너무 심해졌고 종아리 통증은 허리까지 왔습니다 그래서  주 전수술  주후 재방문 시 정맥류 현상인 쥐남 부음 이런증상은 호전 됐으니  개월 후에도 호전되지 않으면 신경외과로 가보라고 하십니다  그런데 현재 이 외 허리통증과 복부 쪽까지 통증이 다리까지 정말 심합니다  베나실 수술의 최대 장점이 빠른 회복과 통증이 별로 심하지않은걸로 압니다 아무리 사람마다 회복시간이 다르다지만 이정도까지 차이가 나고심하게 아픈건가요  정맥순환개선제를 먹으면 회복이 조금이라도 빨리 될 수 있을까요  진통제를 먹으면서  개월까지 지켜봐야 될까요  답변 부탁드립니다 통증 때문에 죽을 것 같습니다 ,흉부외과
발목에 실핏줄이 퍼져있는데 어떤 증상인지 알려주세요 ,아래 사진과 같은 증상이 있는데 예전에는 실핏줄이 약간만 있는 정도였으나 시간이 흘러 어느세 아래 사진에서 보시는 것 처럼 실핏줄이 퍼져있습니다  오른발은 왼발에 비해 이와 같은 증상이 덜한데 왼발은 육안으로 봐도 염려될 정도입니다   참고로 평소에 주로 앉아서 일을하는 하고있으며 유독 종아리가 붓고 단단한 편입니다  음주나 흡연은 하지 않지만 운동은 전혀 하지 않습니다  평소에 앓는 질환이라던가 그로인해 약을 복용하는 것도 없구요   혹시나 하지정맥류와 비슷한 증상이라면 사진으로 봤을 때 초기인지 중기인지 궁금하며 대학 병원에 가보게 된다면 흉부외과에 가보는게 좋을지 알려주세요  기왕이면 전문의 분들께서 답변을 남겨주시면 감사드리겠으며  홍보글이나 성의 없는 단문 답변은 채택 의향이 없으니 참고해 주시기 바랍니다    왼발    오른발,흉부외과
몸에 혈관들이 보라색으로 드러나는데   ,저희 엄마가 춥다고 하시면서 옷을 걷어봤는데 혈관들이 보라색으로 두드러져있더라고요  팔  다리  심지어 허리에도 살짝 그런데 이게 무슨 질병인지  또 어디 병원으로 가야하는지 아시는 분 댓글 부탁드려요   ,흉부외과
명치가 불편하고 숨쉬기가 답답해요,숨쉬기을 쉬긴 쉬는데 어쩐지 뭔가 답답하게 쉬는 느낌이고    약간 식은땀도나고    가래는 엄청많구    명치를 꾹 누르면 시원했다가 떼면 또 몇초있다가 다시 답답하고 그래여     평소에 원래도 배가 자주 차가워지고 그러는데    담적인가 뭔가 그건가 싶기도하고    이럴땐 병언은 어디로 내원해야되나여    ,흉부외과
명치 심장 답답함 ,그제부터 뭔가 명치쪽 주변이 조여지는 기분과 답답함이 느껴지는데 무슨 이유일까요   한 번 신경쓰이니까 더 느낌이 이상한 것 같네요    평소 소화가 잘 안되는데 체끼가 있는건가요 ,흉부외과
심장이 빠르게 쿵쿵뛰어요,남자친구가 전에 걸어가다가 갑자기 실신했어요   그러고 응급실갔었는데 자기가 왜 쓰러졌는지 모르겧다고 그러고   그러고나서 코로나걸렸는데 지금은 완치된 상태에요 근데 몇일전부터 심장이 계속 쿵쿵 빠르게뛴다 그러고   분넘게 지속된적이있대요     너무걱정되서 그러는데 병걸린걸까요      답변부탁드려요     ,흉부외과
잠복성 하지정맥류,종아리 통증 및 발바닥통증으로  잠복성 하지정맥류 인지 궁금해서  글을 사진을 첨부드립니다  네이버 블로그를 검색해보다가 혈관이 많이 안튀어나와도 하지정맥류일수도 있다고해서요 발바닥쪽 아파서 마시지 중에도 종아리까지 통증이 온적이 종종잇어서요   살이후로 부터 약  개월에 한번씩 종아리 경련이 있었습니다  마그네슘 복용후에도 종아리경련이 있었습니다  복용기간  년   번사진 손가락을 표시하는 부분쪽도 통증이 있습니다   발을 앞으로 땡기면 손가락 표시부분이 통증이 있습니다  ,흉부외과
척추측만증 진료볼때,원래 저 가슴 부분만 보나요  오늘 mri 전체적으로 찍었는데 진료는 가슴만 봐주셔서요  ,흉부외과
명치가 아파요,제가 앉아서 게임을 하고있었는데 구부정하게 있었는데 몸을 세우니까 명치가 바늘로 찌르는거 처럼 아프더라구요 그리고 아직까지 아픈데 심각한건가요 ,흉부외과
발이 차가울때나 온도 변화가 심할 때  특히 추울때 다리에 혈관이 이렇게 잘 보여요   심하면 보라색 빛까지 돌기도 하고요    어렸을때부터 그,발이 차가울때나 온도 변화가 심할 때  특히 추울때 다리에 혈관이 이렇게 잘 보여요   심하면 보라색 빛까지 돌기도 하고요    어렸을때부터 그랬는데 성인이 되니까 다리가 드러나는 옷은 잘 못 입어서 스트레스도 많이 받아요    피부가 얇아서 이런걸까요 ,흉부외과
발뒤꿈치에 통증 원인에는 어떤 것들이 있나요   구일역   대초반 여 발뒤꿈치통증원인 ,평소보다 많이 걸은 것도 아니고  무리한 운동을 한 것도 아닌데 어느 날부터인가 아프더라고요   발뒤꿈치가 유독 아프긴 한데  다리 전반적으로 저리고 아픈 증상이 지속되고 있어요   도대체 무슨 문제인지 알 길이 없으니 더 답답한 것 같습니다   발뒤꿈치 통증 원인으로 어떤 질환들이 있나요  답변 부탁드립니다 ,흉부외과
심장두근거림증상,가슴답답 심박수   까지증가 호흡답답 목에뭔가올라오는기분 심장쪽놀란기분 심장쿵거림 으로 고통받고 있습니다  화요일 심장내과 예약했는데 두달전 같은 증상으로 심장내과 심전도 검사결과 정상이라는데 정말 오늘도   시쯤 심장발작으로 일상생활 못할 수준입니다  원인이 뭘까요  정말 이럴때마다 구급차부르고 죽을꺼같다는 생각이 듭니다 ,흉부외과
다리가 너무아파요,다리가 너무 땡기고 쿡쿡 쑤셔요 너무 아파서 서있기도 힘들어요 기존에 당뇨랑 고혈압이 있는데 당뇨때문에 그런걸까요 ,흉부외과
두통이 심해요, 일전에 열 나고 심장 쪽에 통증이 있다가  일 뒤에 열은 내려갔는데 아직 까지 심장쪽 통증이 있고 두통이 심해졌습니다 왜 이러는걸까요 약먹고 해도 증상이 완화가 안되네요  ,흉부외과
가슴에 덩어리와 통증,가슴 멍우리 는 아니고 명치 바로 옆 밑 가슴쪽 갈비뼈  그쪽에 딱딱한 덩어리가 생겼어요 가끔 찌르듯이 아프고 손대면 아픕니다 뼈같이 단단해요 발견한건 좀 됬눈데 저번보다 조금 더 커진것 같아요 병원 갈 시간은 없고 답답해서 질문합니다 큰 병일까요  유방암 같은건 아니겠죠 ,흉부외과
왼쪽다리저림 때문에 요즘 잠을 설치고 있습니다   구로   대중반 여 왼쪽다리저림 ,평소 가만히 있을 때도 증상이 심한데  특히 자려고 누우면 왼쪽다리저림 때문에 너무 고통스럽습니다   자다가 쥐가 나서 깨기도 하고  살이 찐 것도 아닌데 종아리만 부어서 보기도 싫어요    인터넷 검색해보니까 하지정맥류 증상이랑 비슷한 것 같은데  어떤 치료를 받아봐야 할까요  답변 부탁드립니다 ,흉부외과
다리  손 핏줄 보임,원래 안 그랬는데 이렇게 핏줄이 잘 보여요 이유가 뭐고 어떤 증상인가요 ,흉부외과
유독 저녁에 다리부종이 심한데 그 이유가   부평   대후반 여 다리부종 ,요즘 퇴근하고 집에 오면 다리부종이 너무 심해요   전체적으로 살이 찐 것도 아닌데 종아리 부위만 부으니까 체형도 이상해지는 것 같고  스트레스가 쌓이고 있습니다   곧 여름이 되면 짧은 바지나 치마도 입어야 할 텐데 그전에 문제를 해결하고 싶네요   이렇게 다리가 심하게 붓는 이유가 뭘까요  답변 부탁드립니다 ,흉부외과
발바닥 열감 유독 심해서 너무 신경 쓰입니다   대림역   대초반 남 발바닥열감 ,작년부터 발바닥 열감이랑 통증이 느껴졌어요   걸어 다닐 때는 크게 못 느꼈는데  가만히 있을 때 갑갑하고 뜨거워서 너무 신경 쓰이고 스트레스더라고요   증상이 점점 더 심해지는 것 같아서 병원을 찾아가야 할 텐데  어떤 문제인지 감도 안 잡혀서요   무슨 검사를 받아봐야 하는 걸까요  의심되는 질환이 있다면 알려주시길 부탁드립니다 ,흉부외과
가슴 누르는 통증,작년  월  부터인가 이따금씩 가슴을 무거운 돌로 누르는 듯한 통증이 느껴졌어요 명치 위에 딱 가슴 정중앙 쪽만 그렇습니다 그래서 올해  월에 내과를 가봤더니 심장쪽에는 문제가 없다고 그러셨습니다 그런데 아직까지도 하루에 한번꼴로 가슴을 누르는 듯한 느낌이 몇시간동안 있고 오늘은 갑자기 가슴이 찌릿 하더라구요 그러면 어딜 가서 진료를 봐야 할까요 ,흉부외과
다리 붓기 빼는법,제가 내일 애들이랑 사진을 찍으러 가는데 내일 다리좀 얇게 나오고 싶어서요 다리 붓기 빨리 빼는법 없을까요   혹시 다리압박밴드 끼도 자면 붓기 좀 빠지나요  ,흉부외과
종아리 통증 하지정맥류 가능성 어느 정도인가요   신림   대중반 남 종아리통증 ,택배 일을 하고 있어서 장시간 서서 일하는 시간이 많습니다   젊을 적에는 괜찮았는데 점점 나이가 드니까 종아리 통증에서부터 다리가 전반적으로 아프고 쉽게 붓더라고요   주변에서 하지정맥류 얘기를 많이 해서 저도 의심이 드는데  가능성이 있을까요  일하느라 시간적 여유가 없는데  혹시 치료를 하게 된다면 얼마나 시간이 소요되는지도 알고 싶습니다 ,흉부외과
수족냉증 때문에 시린데  열감도 동시에 느껴져요   구로구   대초반 여 수족냉증 ,올해 들어 앞자리가 바뀐 만큼 건강을 좀 챙기려고요   그래서 평소 불편하게 생각하던 수족냉증 치료를 받아보려고 하는데 근래에는 발바닥이 뜨겁고  저린 증세도 같이 느껴져서요   이렇게 열감이 동시에 느껴져서 좀 의문입니다   병원에서 어떤 치료를 받아야 하는 걸까요  답변 부탁드립니다 ,흉부외과
발란스핏 수족냉증 혈액순환,다리 부종 때문이 아니라 다리에 혈액순환이 안 돼서 발란스핏을 이용하려고 하는데요 괜찮나요  수족냉증 나아질 수 있을까요 ,흉부외과
하지정맥수술후통증,  년  월  일 좌 우 하지정맥수술 했습니다  겨울이라온도가 낮아 다리가춥고 시린주만 알고 지내고있었으나  수술한지  개월이지났고 저번주 초음파검시 했을때 모두 정상이고 수술 잘됬다고 들었읍니다   어제 오늘 같이 낮에 온도가 영상 인데 계속 양쪽종아리와 발가락부위가 시립니다  지금도 전기장판위에 다리를 따듯하게 하고있는데 느끼는 감각은계속 많이시리고 작은저린통증이 진행하고있읍니다  참고로 만  세 남자입니다  혹시 수술 부작용인가 의심됨니다  전문의나 같은경험있는 환자분 정확한 소견 과 지식 부탁드림니다 ,흉부외과
여기저기 조이는 느낌 및 저린증상,몇 달전부터 목쪽  쇄골아래쪽  왼쪽가슴쪽등이 지속적으로 조이는 느낌 및 저림감 이따금씩 갑자기 숨쉬기 불편한 느낌이 지속되고 있습니다  증상이 거의종일 나타나서 일상생활에 지장이 많이 갑니다  혈액검사 흉부x ray  관상동맥조영술  심초음파등 여러검사를 해 보았지만 이상없음으로 나왔습니다  이제는 이 증상이 혈관이나 근육등의 구조적문제로 인한 문제인지 아니면 스트레스에 의한 정신적문제인지 구분이 안 가서 어디로 진료를 먼저 보러 가야될지 헷갈립니다 ,흉부외과
가슴통증과 물나옴,본론 부터 말하자면 요즘들어 가슴에 무언갈 콕콕 찌르는듯한 느낌을 받아왔고 오늘 갑자기 티셔츠 가슴쪽에 있는 곳에 물이 젓어있길래 확인을 해봤더니 가슴에서 물이 나오더라고요  왜 그러는지 자세히 아시는분 제발 알려주세요   내공  걸겠습니다   ,흉부외과
하지정맥 증상 튀어나온 혈관 돌출 맞겠죠   구일역   대후반 남 하지정맥 증상 ,얼마 전부터 잘 몰랐었는데  튀어나온 혈관 돌출이 있더라구요 하지정맥 증상이라고 하는데 어떻게 치료를 받아야 할까요   혹시 입원도 필요한 건지 알려주세요,흉부외과
하지불안증후군 원인 통증이 심각한데  도와주세요   길음역   대중반 남 하지불안증후군 ,밤새 잠을 못자서 큰일입니다   하지불안증후군 인 것 같은데  하지불안증후군 원인을 도저히 알지 못하겠어서  인터넷을 쳐도 모르겠음  병원을 가봐야 하는 건지  어느 정도 지식을 좀 알고 가는게 나을 것 같은데  도와주세요 ,흉부외과
오른쪽 갈비뼈쪽 통증,요즘 속도 너무 안좋고 심장 뛰는 박자에 맞춰서 오른쪽 갈비뼈에서 통증이 계속 느껴져요 너무 아픈데 왜그런걸까요  ,흉부외과
오른쪽 가슴 통증,오른쪽 가슴 아랫쪽이 자꾸 찌르는듯한 통증이 있어요  일시적일수도 있나요   병원은 어디로 가야하나요   흡연은  년이 안되고 나이는   대초반입니다  최근에 코로나 확진 후 격리해제하고 바로 백신을 맞은적이 있습니다,흉부외과
왼쪽 종아리 저림 그리고 부음  이유가 뭘까요   부평   대중반 남 왼쪽 종아리 저림 ,왼쪽 종아리 저림이 유독 심하게 나타납니다  마치 편두통이 한쪽에서 나타나는 것처럼  다리에서도 유독 한쪽에서만 나타나는데 정말 불편해서 치료방법이 있다면 치료를 좀 받아보고 싶은데    어느 병원으로 가야 할까요 ,흉부외과
허벅지 실핏줄 시간이 지나도 사라지질 않아 고민입니다   대림역   대초반 남 허벅지 실핏줄 ,어떻게 보면 별 것 아니라고 생각할 수도 있겠지만   허벅지 실핏줄이 양쪽에 다 비춰보여서 스트레스입니다   기분 탓인지  가끔 허벅지에 경련이 오는 것 같기도 하고 좀 욱씬거리는 듯한 불편함이 있는데  핏줄과 어떤 연관이 있는 건지요   혹시 이거 없앨 수 있는 방법이 있는지도 궁금합니다 ,흉부외과
척추 좌우 불균형,올해   세 남자입니다  등을 봤는데 윗부분은 왼쪽이 튀어나왔고 아래는 오른쪽이 튀어나왔습니다  또 왼쪽 가슴이 들어가있고 오른쪽 가슴이 튀어나왔습니다  어떤 증상이고 어떻게 고칠 수 있나요 ,흉부외과
가끔 심장이 찌릿합니다,제목그대로 가끔 심장이  초정도 찌릿합니다 병원가봐야할까요  ,흉부외과
발이 저려요 마사지로도 소용이 없어서 괴롭습니다   강서구   대중반 여 발저림 ,늘 발이 저려요    굳이 이야기하자면 밤에 잘 때  자기 전  쯤에 지속적으로 나타나는 것 같습니다   도대체 왜 이런건지  이것도 치료가 되는건가요 ,흉부외과
다리 근육 경련 심할 때 나아지는 법 없나요   대방역   대후반 남 다리 근육 경련 ,가만히 있을 때 주로 다리 근육 경련이 나타납니다   주로 앉아서 일하기 때문에   일적으로도 자꾸만 신경쓰여서 제대로 집중을 할 수가 없는데  어떻게 나아지는 법 아시는 분 있으면 알려주세요 ,흉부외과
발가락에 혈액순환이 안 될 땐 어느 병원에 가야 하나요,안녕하세요   저는 현역 군인인데 훈련소에 있을 때 행군을 한 번 한 뒤로 양 엄지발가락이 혈액순환이 안 되는 것처럼 누르기만 해도 아픕니다  주말마다 여러 번 하루종일 걷지 않고 쉬어주기도 했는데 좀처럼 낫지 않아 입대  개월이 지난 지금까지도 계속되고 있습니다   이 경우엔 어느 병원을 가야 하는 건가요  전입 직후 첫 외박 때 정형외과를 가 보았지만 만족스런 치료를 받지 못했습니다 ,흉부외과
무릎에서부터 허벅지까지  핏줄 피부  뭔가 문제인지 모르겠네요,한두달전부터 무릎에서 생겼는데 처음에는 되게 조금있었는데 지금은 허벅지까지 다번졌습니다  왜이럴까여 ,흉부외과
하체 혈액순환장애 약으로도 소용이 없네요   구로구   대중반 여 혈액순환장애 ,한달 전 하체 혈액순환장애로 약 처방을 받았습니다   정맥 기능 을 강화시켜준다는 약으로 알고 있는데  왜 먹어도 소용이 없는걸까요  차라리 한 번 수술 받고 마는게 나을 것 같은데  다시 한 번 병원을 가서 약이 소용 없다는 걸 알리고  다른 치료를 받아야 할까요 ,흉부외과
하지불안증후군 치료 어떤 수술 받아야하나요   광명   대초반 여 하지불안증후군 ,밤마다 다리 저림이 심합니다   하지불안증후군 치료를 받아야 한다고 이야기를 들어서 알아보고 있는데  특별한 수술법이 없고 하지정맥류라는 내용만 접하게 되더라구요   하지불안증후군인지  하지정맥류인지  정확히 모르겠습니다    역시 병원을 가서 검사 받아보는게 나으려나요  ,흉부외과
정맥순환개선제 복용 중인데 아무리 먹어도 낫질 않아요   까치산역   대중반 여 하지정맥류 ,제가 오래 앉아서 일 하다 보니  하지정맥류가 의심돼서 한 두달 전  흉부외과 가서 정맥순환개선제라는 것을 처방 받았거든요   아직 젊고 수술 받을 필요 없다고 하셔서    음 근데 별로 나아진다는 느낌을 받지 못했던 것 같아요   이 나이에 수술받기에는 좀 이른가요   좀 나아지고 싶은데 확실한 방법은 없는지,흉부외과
종아리 근육 통증 멍도 많고  욱씬거림이 심합니다   방배동   대중반 남 종아리통증 ,종아리 근육 통증으로 인해 운동을 하는 데 차질을 받습니다   혹시 종아리 쪽 근육이 손상된 걸까요   운동을 과도하게 하지는 않는 것 같은데    아니면 병증인 건지 한 번 검사라도 받아볼까 싶은데  어느 병원으로 가야할까요  답변 부탁드립니다 ,흉부외과
수족냉증 치료 혹시 열감도 나타날 수 있나요   신림역   대중반 여 수족냉증 ,수족냉증 치료가 필요한 것 같은데 조금 애매해서요  시림이 주로 느껴지기는 하지만  가끔 발바닥 부근에는 열감까지 느껴집니다  그리고 종아리 근육 쪽에는 경련이 느껴지기도 하고  전반적으로 하체의 불편감이 심하고 쿡쿡 쑤셔서 이제는 더 미루지 말고 병원 가봐야 할거 같습니다  치료 받으면 제 불편함들이 다 사라질까요 ,흉부외과
심장이 이상해요,갑자기 심장이 가쁜 느낌이 들고 요즘 가래도 많이 끼고 기침도 자주 나와요 운동 선수인데 요즘 찬바람을 쐬면서 운동해서 그런건가요  숨 쉴때에도 왼쪽 심장쪽 가슴이 쿡쿡 쑤시는 느낌이에요 왜이러는건가요     ,흉부외과
  대 초반 여자 종아리 심부정맥 확장,안녕하세요  제가 타박상때문에 정형외과에 가서 종아리를 초음파로 보다가 종아리 심부정맥이 나이에 비해 매우 확장되어 있다는 것을 알게되었습니다   나름대로 이유를 생각해 봤는데  제가    년전부터 주  회 이상은 꼭 장시간 서있는 아르바이트를 해왔고 과자나 인스턴트음식을 너무 좋아하는 식습관이 있는것같아요  혹시 이 나이에 정맥이 확장되는 이유가 뭐가 있을까요  그리고 나아지게 할려면 어떻게 해야 할까요   일할때 압박스타킹 신고  L자다리를 매일   분 이상씩은 하려고 생각하고 있어요  혹시 일상생활에도 압박스타킹을 신어야 할까요   또 다른 도움되는 요인엔 뭐가 있을까요   그리고 제가 간호학과라 장시간 서있는 직업을 가져야 하는데  정맥 문제랄 어떻게하면 좋을까요      ,흉부외과
뒷허벅지 통증  접히는 부분  앉아있을 때 너무 불편합니다   문래역   대후반 남 허벅지 통증 ,허벅지 통증이 최근 좀 심해졌는데요   그래서 인지 앉아있을 때 항상 올곶은 자세를 유지하기가 너무 힘들더라구요   나이가 들어서 그런거겠거니 했는데   이제는 나이가 나이인지라 병일수도 있겠다는 생각이 들어서 질문합니다   어느 병원을 가야 할까요 ,흉부외과
하지정맥으로인한부종  ct찍어봐야할까요,심한 하지정맥으로  차례 수술했고 심부정맥부전이있어서 압박스타킹 착용중입니다 최근 오른쪽다리만 부종이 심해서 혈액 소변 심전도 다리 초음파진행했는데요 초음파상 다리쪽은 혈전이 없고  혈액검사에서 혈전관련 수치는 정상이고 고지혈증높음 갑상선수치     로 조금 높게나왔습니다  베니톨정 처방받았고 스타킹신고 경과 지켜보자고하는데     혈액검사에서 혈전관련 수치가 정상이라도 혈전일 가능성은 있을까요     다리에 혈전이없다하더라고 위에 생길수있어서 ct검사를 해보는게 정확할까요     동맥경화로도 다리부종이 생길수있나요 그럼 초음파상 보였겠죠      다리문제가아닌 갑상선쪽으로도 진료를 받아보는게 좋을까요 ,흉부외과
종아리 통증이 있는데 관련 병원 어디로 가야 할까요   경기도 부천   대초반 여 종아리 통증 ,종아리 통증이 좀 있는 것 같아서 찾아보니 하지정맥류  일 수 있더고 하더라구요   p   그래서 찾아보니까    자가진단 테스트 해보니 저랑 좀 비슷한거 같은데  어느 병원으로 가야 할 지를 몰라서요   정형외과  흉부외과  등 여러 가지가 있던데  어디를 가야 좀 다리 건강을 되찾을 수 있을지 궁금합니다   답변 부탁드려요 ,흉부외과
발바닥이 아픈 이유 쉽게 나아지질 않아 고민입니다   관악구   대중반 남 발바닥이 아픈 이유 ,나이가 든 탓일까요  아님 운동을 안해서일까요   요새 들어서 걸을 때마다 발바닥 부근이 좀 많이 아픈데    발바닥이 아픈 이유가 무엇일까요 ,흉부외과
몇달전부터   ,다리쪽에 실핏줄 이 보이기 시작했어요  조금만 서있어도 다리가 아프기도하고 쥐도 자주 나는것 같고 피로감이 심해졌어요  병원을 가봐야할까요  ,흉부외과
다리부종 하지정맥류 초기 증상  조금 의심되는 것 같습니다   구로   대중반 여 하지정맥류초기증상 ,카페에서 알바를 작년부터 시작했습니다   아무래도 하루 종일 서서 일하다 보니 일이 끝나면 다리가 아팠어요   다리가 붓기도 하고   처음에는 어쩔 수 없는 문제라고 생각하고 넘겼는데 같이 일하던 언니가 하지정맥류 진단을 받았다고 하더라고요   저도 그 말을 듣다 보니 하지정맥류 초기 증상이 좀 의심돼서요   검사를 받아봐야 할까요 ,흉부외과
저녁마다 다리가 붓고  발뒤꿈치통증도 느껴집니다   봉천동   대후반 여 발뒤꿈치통증 ,유난히 아침보다 저녁에 다리가 부어서 고민입니다   퇴근하고 돌아오면 양말 자국이 선명하고  종아리가 너무 부어서 요즘에는 짧은 바지나 치마는 입을 생각도 못하고 있습니다    그리고 요 며칠 전부터는 다리가 저리면서 발뒤꿈치통증도 같이 느껴져서 걷기도 좀 힘들어서요   이런 문제가 일어나는 이유는 뭘까요  어떤 병에 걸린 건지 알고 싶습니다    답변 부탁드려요 ,흉부외과
뇌출혈 관련 질문,백신 맞고  주가 지났는데 그제 가슴이 아파 어제 심전도랑 혈압 검사 받았는데 정상이었습니다  백신으로 인한 뇌출혈로 사망하는 경우도 꽤 있다던데 뇌 ct도 찍어보는게 좋을까요  또 뇌출혈은 일어나도 본인이 모를정도로 경미한가요 ,흉부외과
도와주세요  ,요즘따라 심장이 너무 빨리 뛰면서 아프고 숨이 차고 어지러워요 뭘까요    ,흉부외과
심방중격결손 초음파,구에서 운영하는 건강검진센터에서 심방중격결손라고 했고  그렇게 초음파를 눈으로도 확인했습니다  가운데 벽이 나풀거리면서 피가 확확 넘어가더라고요    이후 심장전문내과 방문해 검진을 다시 받았는데 심방중격결손 아니라하고 하네요  초음파에 보니 이전에 봤던 현상은 눈에 보이지 않았습니다  다만 한컷에서 약간의 비침은 있었어요  피가 아주 살짝 넘어가고 있는거요   이게 열렸다 닫혔다 하는 건가요      차로 이게 궁금하고요   소견서 받아서 대학병원 검진 받는게 나을까요   차로 이게 궁금합니다 ,흉부외과
척추측만증   도  성인  엑스레이 찍는 주기,얼마만에 한번 찍어야 하나요  저는 청소년기에    도 진단받고  한참후에 성인되서는 몇년전   대 후반에   도라 별로 더 나빠질게 없다햇어요  방치햇더니   대 초인데   도입니다     이게   도   도      도까지 갑자기 유전때문이라거나 해서 확 더 나빠질수 있나요  너무 무서워요  전 젊은데 어느날 확 나빠져서 합병증이니 심장 폐기능 안좋아질까 무서워요  오늘 오열했어요    도때 별거 아니라고 햇는데 너무 안좋아져서 무서웟어요    위의 경우 가족력이 잇고 위염잇음  년마다 내시경찍자나요  척추측만증은 이 엑스레이 찍는 주기가 어떻게 되나요 ,흉부외과
걸을 때마다 발바닥 통증 아무래도 문제가 있는 것 같아서요   영등포   대초반 여 하지정맥류 ,  대인데 다리 부근에 실핏줄도 좀 보이고    발바닥 통증이 아무래도 하지정맥류가 의심됩니다    아직 검사 받아보기 전   근데 하지정맥류 말고도 발바닥에서 느낄 수 있는 통증에 여러 가지 질병이 있더라구요   모든 병원을 다 가보기에는 시간적  비용적 여유도 없기 때문에 잘 알아보고 가는게 좋을 것 같은데  어디로 가야할까요  ,흉부외과
심장이 느리고 쌔게 뛰는 느낌,에너지 드링크를 마시고 자고 일어났는데 평소엔 그렇지 않았지만 오늘 갑자기 심장이 느린속도로 둥  둥  하면서 심장이 쌔게 뛰는 것처럼 느낌이 들었습니다  그리고 몇초 정도 지나니 다시 원래대로 돌아오긴했지만 궁금해서 질문 남겨봅니다  갑자기 왜 이런 걸까요  에너지 드링크 때문일까요 ,흉부외과
야간혈액투석 할 때  주의해야 할 사항이 따로 있나요   신림   대후반 남 야간혈액투석 ,남편이 최근에 신부전증 진단을 받았습니다   알아보니까 일주일에 몇 번이나 치료를 받아야 하던데 남편 직장 일이 늦게 끝나다 보니 아무래도 야간에 혈액투석을 받아야 할 것 같아서요   혹시 밤에 받는다고 몸에 무리가 가진 않겠죠  치료를 받으면서 따로 주의해야 할 사항이 있다면 미리 알아두고 싶습니다   답변 부탁드려요 ,흉부외과
만성신질환으로 신장투석이 필요한데  구체적으로 어떻게 진행되는 건지 알려주세요   구로   대초반 남 신장투석 ,아버지께서 평소 신장 기능이 안 좋으셨는데 근래 건강검진 결과 만성신질환 판정을 받았습니다   병원에선 신장투석을 받아봐야 한다고 하는데  아는 내용이 없어서 질문을 남겨봅니다   구체적으로 어떤 방식으로 진행되는지  부작용은 없는지 알려주시면 좋을 것 같아요   그리고 만성신질환자에게 좋은 관리 방법이 있다면 답변 부탁드립니다 ,흉부외과
 혐오 허벅지 안쪽 혈관터짐,양쪽 다리 다 그러구요 아프거나 그런 통증도 없고 아무 느낌도 없이 평소처롬 감각있어요 이거 왜그런가요  축구 후 샤워하고 나서 보니까 있네요,흉부외과
여학생 가슴 통증,안녕하세요 전 올해로   살 여학생입니다  가슴에 약간 멍울 같은게 잡히는 것 같은데 양쪽 다 비슷한 위치에 있는 것 같고 통증이 찌릿찌릿하게 느껴지는데 이거 유방암일까요  오른쪽에만 지금 통증이 느껴져요 제 나이에도 유방암이 생기나요 ,흉부외과
심장 아픔,심장이 아프다기보단 숨쉴때 한 번씩 덜컹 하고 어쩔땐 벌렁 하고 그럴 때 마다 숨이 잘 안 쉬어지는데 심장쪽인지 확실하지가 않아서 그런데 혹시 어떤 중상인지 아시나요  ,흉부외과
호산구 수치가 높다는데 걱정입니다,이번에 부모님이 건강검진을 받으셨는데 호산구 수치가 높다고 하는데 대학병원 예약을 해야 할까요 검사 결과지를 보면 정상 수치보다 높아서 매우 걱정 됩니다  호산구      이고  다른 수치들은 아래와 같습니다   혈색소      hct      백혈구      적혈구     혈소판      혈구용적      혈구혈색소      혈구혈색농도      적혈구분포계수       혈소판분포계수      혈소판용적율      임파구      단핵구      정상수치가     이라고 해서 매우 걱정 중인데  추가로 재검을 받을 때는 혹시 어느 과로 가야할까요   그리고 저 정도 수치이면 매우 위험한가요 ,흉부외과
하지정맥류 초기 약처방,하지정맥류 초기 진단 받고  년  개월정도넘게 약을 먹고 압박스타킹 착용하고있는데요  처음 갔던 대학병원 흉부외과의사쌤께서 타지역으로 이직하셨고 약이 다떨어져서  가까운 외과에 가서 약받아서 먹는중인데  년 넘게 약을 장복해두 되는지 물어봤더니  본병원서 검사받은게 없다는 이유로 알수가 없다고 하시더라구요  먹는약 이름은 베니톨 정 엔테론 정을 아침저녁 두번 먹고 있어요  개월치 처방받아왔구요  현재 더이상 나빠지지않고 현상유지정도니까 약을 줄여두 될지 아님 그냥 먹어두 될지 궁금해서요  요즘 오른쪽 복부두 아프고 마니 피곤하고 혹시 간에 무리가 온건가 걱정이되거든요   다리상태는 수술할정도는 아니거든요 심하지않아요 그냥 혈관한개정도 살짝 튀어나온정도요 저리고 붓는 증상은 현재 없구요  다른 병원 흉부외과 찾아 가서 진료를 다시 받아서 문의를 해야하나요   근처에 전문병원이 없어서 대학병원 가려면 바쁜데 눈치보며 월차내야해서 우선 전문의 선생님들께 문의할라구요  긴글 읽어주셔서 감사해요,흉부외과
심전도 확인, 월  일   일 오늘까지 가슴이 답답하고 심장이 중간에 쿵 하는 것같은 느낌을 계속 받아서 애플워치 심전도 검사로 기록한 것 입니다   심전도 검사결과로는 모두 동리듬이라고 나오는데 괜찮은 건가요 ,흉부외과
건강검진   흉부검사 진단미정 문의드려요,이번에 건강검진을했습니다  무슨 말인지 정확히 몰라서 이곳 지식인들께 여쭤봐요  검사받은곳에 가서 다시 찍어야하는지 아님 큰대학병원가서 흉부CT를 찍어서 정확히 확인을 해야 하는건가요  결절의증  우상이 그리고 무엇이지 알려주시겠어요,흉부외과
기흉 내과먼저  대학 흉부외과 먼저 ,기흉이 의심됩니다  이럴 때 가까운 엑스레이 촬영 가능한 내과 가서 뭐 진료의뢰서라든지 기흉인지 확인 받는게 좋을까요 아니면 바로 대학병원 흉부외과 먼저 가는게 좋을까요  지역 내 흉부외과가 다 대학병원에만 있더라고요  가본적이 없어서 잘 모르겠어서 질문 올립니다   ,흉부외과
모세혈관확장증이요,대략  년전쯤 주사맞아서 치료했었는데요 최근들어 다시 생기기 시작했는데요 저 파란핏줄은 이번에 처음 보이기시작하는건데요 치료해야될까요 ,흉부외과
왼쪽 다리가 저려요  또 화끈거리고 찌릿거리기도 합니다  신풍역   대초반 남 다리통증 ,제목 그대로 왼쪽 다리가 저려요 그리고 화끈거리기도 하고 찌릿거리기도 하는데 마치 쥐가 난 것처럼 느껴지기도 하고 또 전기충격을 받은 것럼 느껴지기도 하는데 어떻게 해야 할까요    일시적인게 아니고 요 며칠 내내 이럽니다  좀 참아보려고 했는데 나아지질 않으니 혹시라도 큰 문제가 생긴 건가 싶어서요 병원을 가봐야 할까요,흉부외과
유방과 겨드랑이 사이 통증에 대해 궁금합니다 ,   년 전부터  년에  번씩은 오른쪽 유방과 겨드랑이 사이가 아픕니다 근데 월경 주기도 아니고 몽우리가 잡히지도 않습니다  인터넷에 찾아보니 백신 부작용에 속하기도 하고 그냥 가끔 근육이 뭉치거나 여러가지 이유로 아플수 있으며 시간이 지나면 괜찮아 질거라는 글들이 많던데 저는 그냥 가만히 있어도 아프고 숨을 쉴때라던지 아픈 부위가 속옷에 눌렸을때 던지 그냥 건드리지 않아도 아프고 손으로 눌러도 아픈데 계속 신경이 쓰이고 아프면 병원에 가야할까요 ,흉부외과
다리에 핏줄   보기에 흉한데 어떻게 치료 못받나요    신림역   대초반 여 다리핏줄 ,다리에 핏줄이 튀어나와 있고 울퉁불퉁해서  좀 꼴보기 싫은데  하지정맥류   이거 맞나요   딱히 엄청 욱신거리거나 하진 않고  가끔씩 저림 정도만 있는 정도인데 이상하게 핏줄만큼은 선명해서 이거만 좀 없애고 싶네요  ,흉부외과
다리 가려움 욱씬거림 하지정맥류가 맞나요   서초구   대중반 남 하지정맥류 ,겨울이고 춥고 하니까 다리 가려움이 나타나도 그러려니 했는데  요새 들어서 욱씬거림도 좀 있고  찾다 보니 하지정맥류라는 말이 있는데  또 어떤어떤 증상들이 나타나나요   또 수술을 받아야 하는 건지    이런 경우는 처음이라 당황스럽습니다 도와주세요,흉부외과
만성신부전 환자  투석 받으려 혈관외과 가려 합니다   봉천동   대중반 남 혈관외과투석 ,만성신부전 환자 아버님을 위해 자가 혈관으로 동정맥루 수술을 생각하고 있는데요   대학병원을 가야 할지  아니면 혈관외과를 가야 할지 고민입니다   각각의 장단점이 있는 것 같은데   대학병원은 꼼꼼하고 확실하지만 대기시간이 길고 비용이 높다는 점  혈관외과는 그 반대겠죠     사실 투석혈관에 대해서 잘 모르는 부분이 많아 이것저것 궁금한 사항이 많은데  잘 알려주실 분 계실까요  ,흉부외과
왜 이러는걸까요  ,안녕하세요 올해   살 남자입니다   일  일전인가 소화를 할때 자꾸 속이 쓰리고 아프고 가슴통증 까지 동반하는데 이거는 뭐때문인건가요 ,흉부외과
종아리 근육 경련 나이가 들면 원래 이런가요   광명   대초반 여 종아리 근육 경련 ,하    종아리 근육 경련이 젊을 땐 없었는데 확실히 나이 드니까 심해지네요  나이가 들면 이곳 저곳이 쑤신다곤 하지만     유독 다리 쪽이 이런거면 문제가 있는 걸까요   막상 검사 받으려고 해도 별거 아니고 오바하는 걸까봐 병원 가지도 못하겠고 어디다가 하소연 할 데도 없네요  친구가 압박스타킹 한 번 신어보라 해서 일할 때 신어주고 있긴 한데 좀 나은 것 같긴 하지만 그래도 여전히 쿡쿡 쑤심이 심합니다  어떻게 해야 할까요 ,흉부외과
도드라지는 허벅지 핏줄   왜 이런거죠   금천구   대중반 여 허벅지 핏줄 ,제가 마사지사인데   마사지사가 다리에 허벅지 핏줄이 있으면 좀 그런 것 같아서요   요새 들어서 좀 심해진 것 같은데  일을 너무 무리해서 한 탓일까요   어떻게 제거할 수 있는 방법이 없을까요 ,흉부외과
하지정맥류인가요  온몸에 파란핏줄이 보여요,한달전부터 팔 다리 가슴등에 파란핏줄이 보여요   신체적으로 느끼기에 딱히 불편한 증상은 없어요,흉부외과
밤마다 나타나는 경련 쥐  때문에 죽겠습니다   구일역   대중반 여 종아리쥐 ,밤에 잠에 들려고 할 때마다 종아리 부근에 쥐가 나서 너무 힘든데  이거 어떻게 치료 방법 없을까요   어디서 들은 말로는 다리를 위로 올려놓고 잠을 자라 하는데  그렇게 되면 제가 유연하지 않아서 무릎 접히는 부분 쪽이 아프더라구요   잠을 잘 때는 편안한 자세로 자야 하는거 아닌가요      혹시 이것도 하나의 병인건지 궁금합니다 ,흉부외과
런닝이후 갈비뼈통증,어제 오랜만에 런닝머신을 뛰었는데 그 이후로 갈비뼈쪽에 통증이 있어요  누르거나 뛰면 아픕니다  런닝만 해도 이런 통증이 생기기도 하나요 ,흉부외과
타이레놀 심장에 안좋은가요 ,타이레놀이 심장에 안좋은가요  심장아프다는 사람한테 타이레놀 먹으라고 하면 안되는건가요  먹으면 위험한가요   ,흉부외과
하지정맥류 때문에 병원 가려는데 어디로 가야할지 모르겠어요   구로구   대초반 여 하지정맥류 ,종아리 쪽 혈관이 울퉁불퉁하고  통증이 있습니다   특히 취침 전 심해 잘 때에도 고통을 받으며 항상 다리를 위로 올려두고  충분히 주물러주는데도 나아지질 않아서 마음 고생 심하게 하고 있습니다   하지정맥류 치료를 위해 병원을 가보려고 하는데 어디로 가야하나요 ,흉부외과
하지정맥류 수술 시기가 따로 정해진건가요  약만 처방 받은 상태입니다   오류동   대중반 여 하지정맥류 ,이전에 한 번 정맥순환제라고 해서 약물 처방을 받은 적 있습니다   근데 도통 나아지질 않는거 같아서 약을 또 처방받아서 하염없이 계속 복용만 하기에는    약 자체가 몸에 좋은 편은 아니잖아요  그래서 하지정맥류 수술을 한 번 알아봤는데  즉시 효과가 있단 말이 있어서 저도 함 받아볼까 합니다   근데 이전에 갔을 땐 아직 하지정맥류 수술까진 아니라고 해서 약 처방 받은건데   지금 다시 한 번 가봐야 할까요    비용 부담  ,흉부외과
손목 핏줄,손목핏줄이 예전보다 좀 붉어지고 요즘에는 통증도 조금 있는데 정상인가요 ,흉부외과
하지정맥류,안녕하세요 년령은   세입니다 하지정맥류 수술을 받을까 하는데 여쭤봅니다 혈관이 여러 개가 있다고 하는데 판막이 정상이 아닌 것은 폐색한다는데 어느 정도 기능을 하고 있는 혈관은 남기고 하는지요,흉부외과
하지정맥수술 후 볼록 튀어나옴,하지정맥 수술한지  달 반정도 지났는데요 사진에서처럼 수술할때 발목 바늘들어간 곳  위쪽이 볼록하게 튀어나와서 만져져요 다른곳은 안그런데 뭐가 문제일까요   시간이 지나면서 낫는 부분인가요 ,흉부외과
하지불안증후군 증상인지 하지정맥류인지 헷갈려요   구로   대후반 여 하지불안증후군 증상 ,요즘 가만히 있어도 다리가 아프고 당기는 느낌이 듭니다    또 이건 겨울이라 그런진 몰라도 건조하고 가려워서 계속 긁고 있어요    엄마는 저보고 하지정맥류인 것 같다고 하는데  저는 어디서 주워들었는지 하지불안증후군 증상같아서요   이 둘의 차이는 뭔가요  일단 병원을 가서 진단을 받아봐야 할 것 같은데 어떤 병원에 가야 할지도 모르겠습니다   답변 부탁드려요 ,흉부외과
하지정맥 신경외과,  년   월 하지정맥이 있어서 베나실 시술을 했습니다  시술 후에도 증상이 똑같고 나아지는게 없어서 시술했던 병원에 물어보니 시술은 잘 됐는데 운동같은 관리가 안되서 그렇다고 하더라고요 그래서 대학병원가서도 진료를 받았는데 똑같은 검사를 진행하였고 아무 이상없다고 하였습니다  아무리 운동이 안됐다고 하더라고 시술 후  년 이상이 됐는데 나아지는거 없이 증상이 지속되고있습니다 잘때도 다리가 불편해서 잠을 못자고 조금만 운전이나 걸어도 다리가 불편합니다 허벅지는 괜찮은데 무릎 아래가 좀 불편합니다  시술은 잘됐다고 하니 혈관문제는 아닌거같은데 신경외과가보면 될까요 ,흉부외과
건강검진 결과 늑막비후의심,어머니께서 얼마전에 건강검짐을 받으셨는데 흉부 엑스레이 촬영하셨는데 결과가 기타흉부질환  늑막비후 의심 이라고 나와서 걱정이 됩니다 작년에 검사받으셨을때는 흉부엑스레이도 이상없었는데 이번에 받으셨을때 나와 걱정이 많이 되네요 병원은 어디전문 병원으로 가야하는지요   일단 건강검진 받은 병원에 가서 진료를 보면 될까요  너무 걱정됩니다       ,흉부외과
다리가 찌릿찌릿 아파요  특히 종아리 쪽  무슨 문제인가요   구로동   대중반 여 다리가아파요 ,요즘 별다른 일을 한 것도 아닌데  다리가 아파요   직장 일을 그만두고 집에서 쉬고만 있습니다   딱히 운동을 한 것도 아닌데 특히 종아리 쪽이 아파서 지금은 조금만 걸어도 힘들 정도에요   또 찌릿찌릿한 느낌에 뭔가 벌레가 기어 다니는 느낌까지 듭니다   엄마가 이전에 하지정맥류 수술을 받은 적이 있는데  저도 이 증상이라고 봐야 할까요  너무 고통스러워서 이번주엔 병원을 찾아가 볼 예정입니다   어떤 검사를 받아봐야 할지 고민이 드네요   답변 부탁드려요 ,흉부외과
하지정맥 수술 받은 이후 똑같은 증상이 또 나타날 수도 있나요   강남   대초반 남 하지정맥류 ,예전에 한 몇년 전  하지정맥 수술을 받은 적이 있습니다   그런데 요새 들어서 그때 느꼈던 불편함이 또 다시 상기되는 기분이네요   나이가 들어서 생기는 당연한 통증과 피로감이겠거니  무시하고 살았지만 불편한 느낌이 최근에는 더 심해져서 밤에 잠도 제대로 이루지 못하고 뒤척일 정도입니다   그때 받은 하지정맥 수술이 잘못된 걸까요  아님 제 잘못일까요   혹시라도 재수술을 다시 받는 경우도 있는건가요   답변 부탁드립니다 ,흉부외과
계속 다리가 부어요  스트레스가 심합니다   부천   대후반 여 다리가 부어요 ,요새 왜이렇게 다리가 붓는지 모르겠네요   오래 서서 일하는 탓일까요   직장인들 많이 압박스타킹 착용하면서 일한다고 하는데 저도 그래야 하나 정말 스트레스가   예전에는 일 할 때만 다리가 부어요를 호소했다면 이제는 퇴근하고 집에서도 불편함을 느낍니다   정말 다리에 큰 문제가 생긴 것은 아닌가 걱정이 되네요 어떻게 해야 할까요,흉부외과
맹장수술 숨쉬기,맹장 수술한지  일이 됐는데 계속 가슴이 답답하고 막혀 있듯이 아프네요 마른 기침을 계속 하고 목이 간질간질 거려요 원래 수술 하고 나몀 저처럼 속이 답답하고 숨을 크게 들이 마실때 갈비뼈 쪽이 원래 아픈건가요 ,흉부외과
밤마다 심한 종아리 부종  직접 만져지기도 하고 스트레스 받습니다   구로   대중반 여 종아리 부종 ,종아리 부종 때문에 요즘 짧은 치마도 못 입고 직접 만져지기도 해서 스트레스가 이만 저만이 아닙니다   백화점에서 일하고 있어서 하루 종일 높은 구두를 신고 오래 서서 일하고 있는데  그 때문일까요  저랑 같이 일하는 동료 분도 저처럼 다리가 자주 붓고  통증도 느껴져서 병원을 찾아갔는데  하지정맥류를 진단받았다고 하더라고요   저도 병원을 가보긴 해야 할 것 같은데  하지정맥류 위험한 질병인가요  겁이 나서요  ,흉부외과
밤마다 발에 쥐나는 이유 도대체 뭘까요  통증도 심합니다   신대방   대후반 남 발에 쥐나는 이유 ,원인을 알 길이 없어 답답한 마음에 질문을 남겨봅니다   요즘 하던 헬스도 그만두고 별다르게 움직인 일이 없습니다   일도 하루 종일 앉아서 하기 때문에 몸에 무리가 갈 일도 없어요   그런데 요즘 밤마다 발에 쥐나는 이유 때문에 스트레스를 받고 있습니다   저린 것뿐만 아니라 아프기도 해서 잠을 잘 못 자고 있어요   도대체 어떤 문제인지 감도 안 잡혀서    어딜 가서 진단을 받아야 할지도 의문입니다 ,흉부외과
갈비뼈 골절일까요 ,옆구리쪽 갈비뼈를 다쳤는데  엑스레이상으론 문제 없는걸로 나왔어요  근데 통증이 계속 있는데  오른쪽으로 숙이면 아프고  손가락으로 눌러보면 아픈데  골절일수도 있나요   치료방법은 그냥 쉬는거 말고 없나요 ,흉부외과
발바닥 저림 심하게 나타나는데 원인이 뭔가요   구로역   대후반 여 발바닥 저림 ,오래 서 있으면 발바닥 저림이 나타난다고 하는데 전 오히려 오래 서 있기 보다 오래 앉아있는 직업이거든요  사무직   근데도 저림이 너무 심하고 이젠 발바닥 뿐만 아니라 종아리  허벅지까지 올라오는거 같아요 원래 증상이 이렇게 다른 부위까지 전이    되는건가요   혹시 이거 개선 되는 약이나    치료가 있는지 궁금합니다,흉부외과
발저림 증상 전체적으로 하체가 저리고 통증이 있어요   구로   대중반 여 발저림 ,대학교를 졸업하고 공무원 시험을 준비하고 있습니다   하루 종일 앉아서 공부만 하고 있다 보니 몸이 찌뿌둥할 때가 많습니다   그런데 요새 들어 유독 발저림이 심해졌어요   전체적으로 다리가 저리고 아픕니다    혹시나 하고 알아봤더니 하지정맥류 증상이랑 비슷하더라고요   혹시 치료를 받아봐야 할까요  시간을 많이 뺐기면 안될 것 같은데  집에서 관리할 수 있는 방법도 알려주시면 감사하겠습니다 ,흉부외과
오른쪽 갈비뼈 안쪽이  왼쪽으로 돌아눕지못할만큼 아파요 ,옆구리  갈비뼈도 아니구요  갈비뼈 안쪽이 아픕니다   나아지겠지  하면서 지낸게  일째 되가네요   어제 내과 가서 초음파  엑스레이  CT 모두 찍었지만  정상소견 나왔습니다   근데 어째 첫날보다 더 아파지는거 같아서요    숨 크게 쉴때도 통증이 있고  왼쪽으로는 아예 돌아누울수 없게 아픕니다  기지개도 못켜고요    이런경우 어떤 질병 의심과 어느 병원을 가야할까요 ,흉부외과
심장판막 수술에 대해,이번에 저희 아버지가 심장판막 판막 성형술  수술을 받게 되는데 병원에서 조직판막과 기계판막 둘중 하나를 선택하여 수술한다고 하는데 결정은 환자가 한다고 합니다 전문가님들 혹시 둘중 어떤게 나을까요 아버지가  년전 이미 간암수술을 받아서 약을 많이 먹고 있습니다 간암에 대해서는 완치 되었구요  연세는   세 입니다  조언 부탁드립니다  내공    입니다 ,흉부외과
정맥 부전에 러닝과 같은 운동이 효과가 있나요 ,역류는 없고 정맥 순환 부전으로 좀 통증이 있어요  그래서 달리기 같은 운동을 시작하려고 하는데 도움이 될까 해서 여쭙고 싶어요,흉부외과
다리를 벽에 올리고 있으면 다리가 저려요 ,다리를 벽에 대고 심장보다 높게 하고 있으면 혈액순환에 좋다고 해서   분 정도 했는데 발이 너무 저려요   엄마도 같이 했는데 엄마는 안 저리대요 막 발이 찌릿찌릿거림 왜 이런 거죠  앞으로 하면 안되는 건가요 ,흉부외과
다리저림 증상도 하지정맥류일 수 있다는데 맞나요   신림   대초반 남 다리저림 ,다리저림 때문에 요즘 너무 고생입니다    자다가도 그렇고 가만히 쉬고 있을 때에도 그렇고    시도 때도 없이 다리가 저려요   무슨 문제일까 고민하던 중에 우연히 TV 프로그램을 보다가 하지정맥류에 대해서 알게 됐는데  제 증상과 비슷해서요   저리는 문제뿐만 아니라 발이 자주 시리기도 하고  발바닥이 아프기도 합니다   하지정맥류로 봐야 할까요  그럼 병원에선 어떻게 치료하는지도 알려주시면 감사하겠습니다 ,흉부외과
자고 일어났는데 가슴에 빨간색 뭔가가 생겼어요,자고 일어나서 씻으려고 옷을 벗었는데 가슴 밑 쪽에 빨간색 저런게 생겨있더라구요 사진으로 담기지는 않았는데 사진보다 훨씬 심각했어요 몇 일 전부터 가슴이 콕콕 거리고 거슬리게 아프고 가슴에 몽우리도 크게 잡히는데 혹시 왜 이런걸까요      답변 부탁드립니다   ,흉부외과
허벅지 앞쪽 통증 하지정맥류 증상 맞을까요   구로동   대중반 여 허벅지 앞쪽 통증 ,허벅지 앞쪽 통증 때문에 앉아있기도 힘듭니다    자세를 바꿔봐도 아픈 게 사라지지 않고  일상에 큰 지장을 주는 건 아니지만 너무 불편해요    이것 때문에 하던 운동도 제대로 못하게 돼서 살만 찌고 있는 것 같습니다   언니도 허벅지랑 종아리 쪽이 아파서 병원 진료를 받은 적이 있긴 한데  하지정맥류 진단을 받았거든요   저도 하지정맥류 증상이라고 볼 수 있을까요  하루 빨리 문제를 없애서 운동도 가고 싶네요    도와주세요  ,흉부외과
무릎 뒤쪽 통증 때문에 걷기가 힘듭니다   구로   대후반 남 무릎 뒤쪽 통증 ,며칠 전부터 무릎 뒤쪽 통증 때문에 고생하고 있습니다   아예 못 걷는 건 아닌데  걸을 때마다 통증이 느껴져서 절뚝거리면서 걷고 있어요   쫙 펴지지도 않고 너무 불편하더라고요    제가 봤을 땐 단순한 근육통은 아닌 것 같고 하지정맥류가 의심스럽습니다   평소에도 다리가 자주 저리고 조금만 걸어도 피로감을 느끼긴 해서요   정확하게 확인을 해야 할 것 같은데 어떤 검사 방법이 있나요 ,흉부외과
늑간신경통 일까요 ,퇴근을하고 집에돌아와 밥을먹고난뒤 갑자기 왼쪽가슴 젖꼭지와 그 주변이 숨쉴때 마다 콕콕 찌르는 느낌이고 저릿저릿 하는데 갑자기 그러는 이유와 어떻게 해야 괜찮아 지는지 알려주실주 있나요   그리고 이 증상들이 늑간신경통이 맞나요  혹여 밥먹고 이후부터 갑자기 그러는데 갑자기 이럴수 있나요   갑자기 이러니 쫌 당황스러워서요  ,흉부외과
어머니가 하지정맥류이시고 생리불순의 문제로    년정도 경구피임약 복용중입다  최근 두달전부터는 우울 불안의 문제로 정신과에서 약 처방받아 먹는,어머니가 하지정맥류이시고 생리불순의 문제로    년정도 경구피임약 복용중입니다  최근 두달전부터는 우울 불안의 문제로 정신과에서 약 처방받아 먹는중입니다    세 여성입니다  혈액순환이 잘 되지않아 쥐가 자주 나는 편이고 자기 전  다리부분이 쫙 펴지지 않는 느낌이라 늘 뒤척이고 기지개를 피다가 잠을 설칩니다  원래 피부에 핏줄이 잘 비치는 편이긴 하지만 최근 들어 실핏줄이 심해진 거 같습니다  하지정맥류 검사를 한번 받아보는게 좋을까요 ,흉부외과
자다가 종아리 쥐로 잠을 설치고 있습니다   신대방   대후반 여 자다가 종아리 쥐 ,원래 이 정도까지는 아니었는데  요즘 자다가 종아리 쥐가 많이 나서 잠을 제대로 못 자고 있습니다    한두 번씩 꼭 깨서 밤이라 소리도 못 지르고 다리만 붙잡고 지내고 있습니다    제 친구 중에도 최근에 다리가 자주 저리고 부어서 병원을 갔는데  하지정맥류 판정을 받았다고 하더라고요   아무래도 저도 비슷한 증상이다 보니 의심스러운데 하지정맥류 검사 받아봐야겠죠  혹시 수술도 받아야 하는 건지 여쭙고 싶습니다 ,흉부외과
오른쪽 다리 무릎 반대쪽 살짝 위 핏줄 꼬이는 느낌,전에도  번 그랬고 이번에 티비보다가 또 핏줄 꼬이는 느낌이 들었어여   너무 아파서 옆으로 눕고   초  가 정도 후에 사라지고 조금 통증도 느껴졌어요  병원 가야되나요  아님 머 빨리 핏줄 꼬이는거 푸는 법 있을까여 ,흉부외과
자주 다리가 저려요  하지정맥류 증상 맞을까요   구로동   대후반 여 다리가 저려요 ,작년까지만 해도 큰 문제를 못 느꼈는데  올해 초부터는 계속해서 다리가 저려요   특히 잠을 잘 때 저려서 고통스럽습니다    이 문제뿐만 아니라 저녁만 되면 코끼리 다리마냥 종아리가 붓고  많이 걸은 것도 아닌데 쉽게 피로해지고 아픕니다    여기 저기 검색해서 알아봤는데  아무래도 하지정맥류 증상이 가장 의심스러워서요   혹시 맞나요  그럼 수술이 따로 필요한 건지 알려주시면 좋을 것 같습니다   만약 아니라면 어떤 질환인지도 알려주시면 감사하겠습니다 ,흉부외과
누워있는데    키로 정도 되는 사람한테 명치 쪽을 밟혔거든요,체중을 온전히 실어서 명치 쪽을 눌렸어요  근데 숨을 크게 쉬면 뻐근하고 아픈 거 같아요  내부에서 출혈이 일어났을 가능성이 있나요 ,흉부외과
쇠골아래가 많이 아파요,갑자기 숨을 몰아쉬는데 양쪽 어깨가 뻐근하더니 쇠골 아래쪽 가운데가 엄청 따갑고 아프고 뻐근하고 그러는데 왜 그럴까요 가만히 있으면 괜찮은데 숨을 몰아쉬면 엄청 아파요 지식인님 들의 답변 주시면 감사하겠습니다   대 여성이고 백신  차 맞고  개월은 지났고 부스터 전입니다 부탁드려요,흉부외과
발바닥이 아픈 이유가 뭘까요  열감도 느껴지고 전체적으로 다리가 아파요   구로   대초반 여 발바닥이 아픈 이유 ,삼수하느라 하루 종일 앉아서 공부만 하는데 왜 이러는 걸까요  발바닥에 열이 느껴지기도 하고  다리가 전체적으로 아파서 오래 앉아있기도 힘듭니다   요즘 공부에 집중도 안되고 몸도 이래서 걱정이 많은데  발바닥이 아픈 이유 아시는 분 계실까요       엄마는 하지정맥류 아니냐며 병원 좀 가보라고 하는데  그쪽으로 치료 받으면 나아질 수 있는 것 맞을까요 ,흉부외과
하지정맥류인거 같은데 통증이 없는것도 있나요 ,연세가   되시는 아버지 이신데 다리가 피멍자국 같은것과 함께 혈관이 보여서 하지정맥류 같은데 정작 본인께서는 전혀 이에 따른 통증이 없다고 하십니다  실비가 있어서 병원에 모셔갔는데 병원에선 문진으로 하지정맥류라 하긴 하는데 왠지 께름칙하네요  통증이 없으셔서 나중에 수술후 실비청구시 보험금 안 나오는거 아닌가 해서요 그래서 문의드립니다  통증이 안 나오는 하지정맥류도 있나요  그리고 위 사진이 하지정맥류 맞는건가요 ,흉부외과
늑연골염일까요  ,오늘 갑자기 자고 일어나니까 어깨와 가슴을 안쪽으로 구부릴 때 가슴 쪽에서 누르는 것 같은 통증이 느껴집니다  특정 자세를 할 때만 아프구요      어제 개 털 짜른다고 기침 몇 번 하고 어제 뭔가를 많이 하긴 했는데 과도한 운동은 아닌 것 같고   과도한 기침도 안 했는데 이상하네요  요새 계속 한쪽 방향으로만 몸을 돌려서 자서 그런 걸까여   자연 치유가 되나요  타이레놀 같은 걸 먹으면 나아지나요  아니면 병원에서 약을 타와야 할까요  가정의학과에 가도 되나요   아니면 내과를 가야 할까요   질문 드립니다 ,흉부외과
수족냉증 치료 받으려는데  손발만 찬 이유가 뭘까요   신림   대중반 여 수족냉증 치료 ,요즘 날씨가 추운 탓도 있지만 남들이 덥다고 하는 날씨에도 저는 항상 손발이 차서 고생을 했거든요   겨울에는 핫팩 없이는 생활이 어려울 정도에요   해가 갈수록 증상이 더 심해지는 것 같아서 이번에는 수족냉증 치료를 받아보려고 합니다   일단 원인이 뭔지부터 알고 나서 해결해야 할 것 같은데  도대체 무슨 문제일까요  손발이 찬 것 말고 다른 증상이 있다면 자다가 다리에 쥐가 나서 잘 깨는 정도  인 것 같아요   어느 병원으로 가야 할지 알려주시면 감사하겠습니다 ,흉부외과
손바닥에 있는 볼록한 심줄 도데체 왜 툭 튀어나온 걸까요 ,안녕하세요 제가 궁금한게 생겨서 그러는데요 왼쪽 손바닥에 있는 볼록 툭 튀어 나와있는 심줄 도대체 왜 툭 튀어 나온걸까요    거의 작년부터 심줄이 보니까 툭 튀어나와 있더라고요 혹시 제가 전에 걸을때마다 왼쪽어깨가 자꾸 내려간 상태에서 걸어서 피가 왼쪽으로 많이 쏠려서 심줄이 튀어나온건가요     전부터 너무 궁금해서요    약간 거슬리기도 하고요   오른쪽은 왼쪽처럼 볼록 안튀어 나왔는데 왼쪽만 그래서요   ,흉부외과
복숭아뼈 주변에 핏줄이 보이는데 하지정맥류하고 연관이 있나요 ,보통 하지정맥류는 종아리를 보는 것으로 알고 있는데 복숭아뼈 주변에 이렇게 핏줄이 좀 선명하게 보이던데 하지정맥류하고 연관성이 있는지 궁금합니다 ,흉부외과
하지정맥류 통증 맞을까요  잠을 자기도 어려울 정도입니다   구로동   대후반 여 하지정맥류 통증 ,처음에는 종아리 쪽이 꽉 조이는 느낌이 들면서 불편했는데  요즘에는 아프기까지 합니다   낮에는 아프다고 크게 못 느꼈는데  밤에 자려고 누우면 특히 저리고 당기는 느낌이 많이 들어서요   제가 백화점에 근무를 하고 있어서 하루 종일 서 있기도 하고  구두를 오래 신기도 해서 단순 직업병이겠거니 생각하고 넘겼는데   아무래도 최근에 직장 동료 분이 하지정맥류 진단을 받았다고 하더라고요   저도 하지정맥류 통증 때문에 그런 것 같다고 하시는데  점점 의심이 됩니다   혹시 저도 해당되는 걸까요  수술을 받아야 한다면 혹시 생활에 지장이 생길까봐 겁도 나네요 ,흉부외과
운동중 심박수 관련,안녕하세요  운동하는 걸 좋아하는 직장인입니다 나이는   대 초반입니다   요즘 수영을 하다가 너무 심박수가 높아서 걱정이라 질문을 남겨봅니다 예전에 어렸을 때 내과에서 빈맥이 있다는 얘기를 들은 적이 있긴 해요   애플 워치로 운동과 심박수가 함께 모니터링 하는데 제가 가끔    정도 뛸 때도 있더라구요 사람들이 잘못 잡힌 거 아니냐고 하는데 그렇게 높게 뛸 때는 가끔 토할 것 같은 느낌이 들긴 해요 하지만 항상 이런 운동을 하는 건 아니고 가끔 숨을 제대로 못 쉬었거나 빠르게 수영을 할 때 이렇게 심박수가 올라가요  지속시간은      초 내외인 거 같아요  금방 다시 원상복귀가 되긴 해요  워치가 정확한 검사도구가 아니기 때문에 정확하지는 않겠지만 심박수는 다른 기기 워치 를 통해서도 측정을 해봐도 빠르게 나와서 걱정이 됩니다     사람 심장이     정도 뛰어도 괜찮은 건가요      자꾸 무리를 주면 나중에 어떤 문제가 생길 수 있나요      유산소 운동 시 심박수는 어느 정도 선에서 유지하는 것이 좋을 까요    내과를 방문해서 상담이라도 받고 싶은데 요즘 접종으로 선생님을 뵙기가 쉽지 않아 지식인에 질문을 남겨봅니다  궁금증을 해결해주세요  ,흉부외과
다리 혈액순환이 잘 안돼서 자다가 쥐가 자주 나요   구로   대후반 여 다리 혈액순환 ,최근에 퇴사를 하고  날씨도 쌀쌀해지다 보니 집밖을 잘 안 나가고 있습니다   간만에 푹 쉬고 있어요   그런데 오래 서 있지도 않고  무리를 한 것도 아닌데 다리 혈액순환이 안 되는 느낌이 너무 들어서요   그리고 자다가 다리에 쥐가 나서 깨는 일도 한두 번이 아닙니다    스트레칭이랑 마사지를 하고 있긴 한데  이걸로 충분한 걸까요  아니면 혹시 하지정맥류 증상일까요  병원에 가기엔 무서운데 그래도 가봐야겠죠  혹시 집에서 대처할 만한 방법은 없는지 궁금합니다   답변 부탁드려요 ,흉부외과
생리중 가슴 날개뼈 통증,생리 일주일 전부터 사진에서 가리키는 부분이 아팠구요 가슴도 뭉친 기분이 들었어요  그리고 오늘은 날개뼈도 아픈데 이게 생리할때 이럴 수 있는건가요 아님 병인가요     저   살인데 ,흉부외과
다리부종 원인  아무래도 하지정맥류 같습니다   신대방   대중반 남 하지정맥류 ,처음엔 다리부종 원인이 그냥 제가 무리해서 그런갑다    생각하고 있었는데 그게 아니더라구요  다리를 위로 올리고 있으면 참 편한데 일할 때는 정말 고통 그 자체입니다  하지정맥류 증상을 찾아봤는데 거의 제 증상같아서 치료를 받기는 해야 하는데 아무래도 수술을 받아야 하다 보니 덜컥 겁이 나네뇨,흉부외과
종아리 근육 통증 살 접히는 뒤쪽 부분이 특히 아파요   신림   대후반 여 종아리 근육 통증 ,사무직에서 근무하고 있습니다   그래서 그런지 의자에 하루 종일 앉아있게 되는데 이 때 무릎 접히는 뒤쪽  이라고 해야 할까요 의자 끝부분에 닿는 부분이 너무 아픕니다    약간 불편한 느낌이라해야되나    저리기도 하고 가끔은 자리에서 까치발 들어주며 일할 때도 이습니다   아무리 마사지를 해줘도 잠깐만 시원하고 그 이후에는 그냥 똑같습니다 그리고 다리를 올리고 있으면 좀 나아지긴 하더라구요   이 저릿저릿한 느낌을 어떻게 해야 할까요 ,흉부외과
가슴통증  유두통증 ,가슴이 아프가고 해야하나 유두가 아프다고 해야하나    한쪽 유두가 아프다고 해야하는게 더 맞는거 같아요  모더나 접종하고 연결하고 싶지 않은데 우선  차 맞고 일주일 지난 시점부터 통증이옵니다    고로 통증은 일주일 정도 되써요   산부인과에서도 진료를 보나요   병원을 어딜 찾아서 가야 하는건가요   ,흉부외과
입은옷에만 닿아도 아파요,최근에 몸살기운 코로나 차백신 맞고난후랑 비슷한증상 으로 좀 앓았습니다 그 이후로 그 증상은 많이 없어졌는데 이번엔 상의쪽이 문제입니다 팔뚝부터 가슴 배 부분  그니까 지방이 많은 부분이 아픈겁니다 반대로 하체는 별 문제없고요 입은 티셔츠에서 살짝만 널널한 부위에 피부가 닿아도 아픈느낌이 있습니다 막 심하게아프다할정돈아니지만 굉장히 민감해져서 신경이 곤두선 상태로 매일있으니까 고통스럽네요,흉부외과
야간에 다리 경련에 자주 발생하는 것도 하지정맥류인가요   신길   대후반 남 하지정맥류 ,요새 들어서 밤마다 야간에 다리 경련이 나타납니다   퇴근하고 온전히 자야 할 시간에 자꾸만 다리가 덜덜 떨려 잠도 잘 못자고 중간에 꼭    번 정도는 깨는거 같은데 왜이러는 걸까요   처음에는 자꾸 잠에서 깨길래 뭐지 했는데    다리 쪽 불편함이 있다는 걸 얼마전에 알게 되었네요  증상이 나타난 지는 쫌 되었습니다   하지정맥류라는 말도 있던데 치료 받으면 좀 나아질까요 ,흉부외과
발바닥통증 원인 이유를 알고 싶습니다   오류동   대중반 남 발바닥통증 ,걸을 때마다 발바닥에 통증이 나타나는데 발바닥통증 원인이 뭔가요   족저근막염  하지불안증후군  하지정맥류 등 다양한 질환에 대해 알아봤는데요 확실하게 뭔지 모르겠습니다  아무래도 검사를 받아봐야 할 것 같은데 만약 질병에 의한 것이라면 혹시 치료도 받아야 하는지    수술은 좀 무섭고 약 처방 정도는 가능할 것 같은데     도와주세요,흉부외과
하체혈류에   ,반갑습니다 며칠전부터 발목에서 무릎쪽으로 혈관을타고 무엇인가 기어올라오는느낌이 자주 있습니다 특히나 서서 다리에 힘을주고 있을때 자주그런현상이 일어나고 있습니다   세 이며 체중이   정도 됩니다 항상 고마운 답변을듣고 있으나 보답할길이 없습니다 즐거운 크리스마스를   ,흉부외과
검강검진 결과 소견 부탁드립니다 ,혹시 다른검사가 필요해보이는 항목이있는지부탁드립니다  Cyfra    은 폐관련이라는데 엑스레이랑 흉부 ct는 정상입니다  갑상선도 정상이란건지 기능검사가 또 필요한건지 도움주세요  감사합니다 ,흉부외과
요즘 들어 다리에 쥐가 자주 날때가 많은데 피곤해서일까요   강남   대초반 여 하지정맥류 ,다리가 시린건 겨울이니까 그러려니 하겠는데   평소 다리에 쥐가 자주 날때가 있는데 이게 혹시 하지정맥류인건지  쥐가 나서 마사지를 해보기도 하고  스트레칭을 해보기도 하고  다리를 높게 들어올려보기도 합니다  혈액순환 잘 되라는 마음에  근데도 그 당시만 좀 시원해졌다가 다시 돌아옵니다  이제는 헐렁한 바지만을 자꾸 입게 되네요 치료 받으면 좀 나아질까요 ,흉부외과
  대 남성 오른쪽 유두,갑자기 며칠전부터 오른쪽 젖꼭지 누르면 멍을 누른것같이 아파요 왜이러나요 ,흉부외과
등허리 및 가슴 통증,  세 여자인데 등허리도 아프고 가슴도 크게 숨쉬면 콕콕 찌르듯이 아파요 이거 근육통인가요 ,흉부외과
다리부종 치료 어느 병원으로 가야하나요   신정동   대후반 여 다리부종 ,다리부종이 심해졌습니다  다리가 자주 붓고  발이 시리고 가끔 저리는 건 혹시 하지정맥류나 하지불안증후군인가요   어느 병원으로 가야 할 지 몰라서 질문 드립니다,흉부외과
종아리 붓는 이유 붓기 빼려면 어떻게 해야 하나요   개봉   대초반 여 종아리붓기 ,요새 들어서 퇴근하고 나면  종아리 쪽이 자주 붓습니다  종아리 붓는 이유가 혹시 뭔지      알려주시면 감사하겠습니다  만약     혹시 치료가 필요하면 어느 병원 어느 과로 가야 하나요 ,흉부외과
종아리저림 원인 불편함이 너무 심해요   대림동   대후반 남 종아리저림 ,앉아서 일하는 탓인지  퇴근하고 밤마다 종아리저림이 심하게 나타났었는데요  요새는 아침에 일어나서부터 그럽니다    갈수록 심해지는 듯한 느낌      종아리저림 원인을 생각해 봤는데  제가 너무 오래 앉아 있어서거나  혹은 스트레스 받고 피로에 쌓여서 그런 걸 수도 있지 않을까 생각이 들어서  딱히 병원을 가봐야 하나 이런 생각이 들기도 하네요  어떻게 해야 할까요  ,흉부외과
하지정맥류 운동만이 예방법일까요   독산동   대중반 남 하지정맥류 ,취침 시 종아리 부근에 쥐가 심하게 납니다  이로 인해 새벽에 잠에서 깬 적도 많고  하도 신경이 그 쪽에 몰려 있다 보니 잠에 완전히 들기까지  시간 정도 소요되는 것 같습니다  아침에 일어나면 너무 피곤하고  운동이라도 좀 해야 하나 싶더라구요  하지정맥류 예방법 중 운동을 하라는 말이 있던데  운동 말고도 또 어떤 방법이 있을까요   알려주세요,흉부외과
퇴근하고 오면 항상 다리가 쑤셔요  무엇이 문제일까요   신도림   대중반 여 하지정맥류 ,퇴근 후 저녁에 유독 다리가 쑤셔요     제 증상을 서치해보니  하지정맥류 라는 질병이 있더라구요  좀 알아봤는데  직업의 영향도 받는다면서  근데 대부분이 서있거나 앉아있는 직업이 아니면 뭐죠      모든 분들이 하지정맥류를 겪는 것도 아니고 좀 이상해서요  일단 저는 쑤시는 것과 함께 저림이 심하고  최근 부종도 좀 생긴 것 같네요 튀어 나와 있고 마사지로 풀어주려고 하면 아픈거 보니까  하지정맥류 증상이 맞을까요   혹시 맞으면 어떻게 해야 하는지    수술받긴 좀 무섭네요 ,흉부외과
다리가 저리는 이유 혈액순환이 안 되는 탓일까요   구로   대중반 여 다리저림 ,카페 운영하고 있어서  하루 종일 서있는데요  요새 들어서 서 있을 때마다 다리 저림이 심하더라구요  다리가 저리는 이유가 혈액순환이 안 되는 탓이라고 하는데  압박스타킹을 사서 신어보기도 했지만 오히려 더 불편하기만 하고 이제는 종아리 쪽 살이라고 해야 하나   부종 같은게 툭 튀어나와 있습니다  이럴 땐 어떻게 해야 하나요,흉부외과
다리에 핏줄 보이는데 어떻게 제거하는 방법 없을까요   신림   대초반 여 다리에 핏줄 ,튀어나온 다리에 핏줄 부분이 딱히 아프거나 한 건 아닌에 일단 눈에 보인다는 거 자체가 너무 스트레스구요  가끔 욱신거리는 정도인데    어떤 병일까요   그리고 제거하려면 아무래도 약 복용보다는 수술을 받아야겠죠    혹시 수술 말고 제거할 수 있는 방법 있으시면 알려주세요 수술 너무 무섭습니다   ,흉부외과
 나눈질문   다리가 붓는 이유,저희 어머니가   대 후반입니다 평소에도 자주 아프신데 다리 부은 적은 처음이거든요 다리는 이틀 동안 지금 부어있는 상태고 증상은 첫 번째 날에는 콕콕 쑤시는 것처럼 아프셨데요 요짐 복용하는 약은 불면증 우울증 약 복용하고 계시고요 고혈압도 있으시다고 하네요 너무 걱정입니다  사진 첨부합니다,흉부외과
오른쪽 갈비뼈 안쪽 통증, 시간 전부터 갑자기 오른쪽 갈비뼈 안쪽에 통증이 느껴져요  멍도 안들었고 붓지도 않았어요   정확한 위치는 가슴 바로 밑쪽이에요  아팠다 안아팠다 하는게 아니라 지속적으로 계속 아파요    숨쉴때도 꽉꽉조이는 느낌과 쿡쿡쑤시는 느낌이 계속 들어요    왜이럴까요   ,흉부외과
똑바로 누웠을때 갈비뼈  쪽 통증,똑바로 누웠을때 겨드랑이 밑  갈비뼈쪽 에 통증이 오고 앞으로 약간 수그릴때도 갈비뼈쪽이 아픈데 왜 이런건가요    ,흉부외과
왼쪽 다리저림현상 유독 심한데 어떻게 해야 하나요   대림   대후반 여 다리저림현상 ,앉아서 일 하는 사무직인데  평소에도 약간씩 다리저림현상은 있었지만  어제 퇴근하고 집에서 보니 다리가 띵띵 부어 있더라구요    부종 이라는 것을 생전 처음 경험했습니다   그저 앉아만 있었을 뿐인데  왜이러는 건지    양쪽 다 있긴 한데 왼쪽이 유독 심하고 만지면 약간 단단하면서 아픕니다  어떤 질병의 전조증상일까요  치료가 필요할까요   답변 부탁드리겠습니다            ,흉부외과
혈액투석 꼭 요양병원 가야만 하는 건가요  도와주세요   신정동   대후반 여 혈액투석 ,어머니가 만성신질환 환자시라 혈액투석 받으려고 생각 중인데요  요양병원 말고  관련 치료 받고 집에서 케어해드리고 싶은데  가능할까요      가능하다면  어떤 치료를 받아야 하는지     혈관외괄르 가는 것이 좋은지  답변 부탁드립니다  ,흉부외과
오른쪽 가슴,남자고 오른쪽 가슴이 이상해서 질문드려요 오른쪽 가슴이 한 달 전부터 간헐적으로 전기가 흐르는 느낌이 있어요 통증이나 그런건 하나도 없고  전기 흐르는 느낌  부르르한 느낌 이런것만 있어요 흡연도 안 하고 호흡이 어렵거나 그런것도 없고 단지 이 느낌만이 있어서 거슬려요   제가 역류성식도염이 있는데 그럴 경우 가슴통증이나 속쓰림이 있을텐데 그런건 또 없어서 관련이 없는거 같고   답답하네요    무슨 문제일까요  ,흉부외과
갈비뼈통증 내공   ,두달전에 갈비벼실금 진단받고 완치됀지  주정도됐는데요 친구랑장난치다 친구어께가 갈비뼈에 쎄게도아니고 살짝 부딪혔는데 조그만한 뚝소리랑 통증이 생겼습니다 가만히있으면 안아프고 기침이랑 특정자세에 취할때만 아픕니다,흉부외과
코로나 가슴통증이 오래 가네요 ,코로나 접종 모더나  차 한지 벌써 두달째 되는데 좌측 가슴쪽 통증이 계속 나타남 심하진 않은데 가슴을 숙이면 증상이 더 나타나는 편 어떻게 해야하는지 가까운 병원에서 진통제 처방 받아 먹었는데 먹을때만 통증이 없고 다시 나타나길 반복해요 주위에서 검사해도 정상으로 나온다고 하나 마나라고 하는데 어쩌죠 ,흉부외과
심전도 검사결과 봐주세요  제발 의사분들만 답변바람 ,의사분들만 답변바랍니다  그냥 차트만 보고 딱 어떤지 말씀해주세요  심장이 부엇다거나 뭐 이런 등등,흉부외과
부스터샷 부작용 증상 가슴아픔,제가 화이자 부스터샷을      월요일에 맞았는데 가슴통증이 계속 있네요   그리고 기분나쁜 머리아픔도 같이 있어요    차 때는 정말 아무렇지도 않았은데 왜이럴까요 가슴이 막 답답하고 아린느낌이 있네요 근데 제가 백신이랑 독감을 같이 맞았거든요 큰병원 가봐야할까요,흉부외과
간수치 높은 이유 뭘까요 ,술  담배 안하고 인스턴트도 자주 먹지 않아요  피곤함을 잘 느껴서 영양제 먹고 있는데   혹시 영양제가 간에 나쁠 수 있나요  또 모더나 맞고 나서 흉통  호흡 답답함 증상이 계속 있는데 백신 영향 일 수 있나요 ,흉부외과
액취증 수술 후  주정도 됐는데도 냄새가 나네요,안녕하세요   액취증 수술한 지 약  주 정도 됐는데도 아직까지 냄새가 납니다   절개법으로 수술하고 재발해서 다시 절개법으로 진행했습니다   병원에서는 상처가 아무는 동안 냄새가 날 수 있다며 점차 좋아진다고 하는데 맞는 말씀인가요  참고로 붕대는  주정도 지나고 풀었습니다   만약에 아니면 최대한 빨리 재수술 일정 잡아서 리터칭하고 싶습니다  재수술을 받았지만 시간이 오래돼서 전에도 이랬는지 기억이 잘 안나네요    내공채택하겠습니다  답변 부탁드려요   ,흉부외과
쇄골아래 가슴 위 통증,똑바로 누워서 잤고  잠이 덜깬 상태로 오른쪽으로 돌아누웠을땐 괜찮았습니다   그런데 왼쪽으로 새우잠자는 자세를 취하려 도는순간 가슴위 쇄골아래 손바닥 크기만한 정도의 면적으로 엄청난 통증이 오더라구요  가슴뼈가 다 으스러지는 느낌   다시 똑바로 누우면 괜찮아지구요  옆으로 돌면 또 아프고  한 분쯤 뒤엔 괜찮아졌구요  왼쪽으로 누워도 상관없을만큼  한번도 이런적이 없어서 심장질환의 가능성이 있는지 궁금합니다,흉부외과
,,
,,
,,
,,
