,18,19,20
0,손가락 관절 굳음 통증,작년에 오른쪽 검지손가락에 방아쇠수지가 쌔게 와서 병원에서 스테로이드 주사를 맞고 반깁스를  주정도하고 호전이 되었었습니다 한  달 지나고나니 슬슬 다시 검지손가락 관절과 손바닥부분이 아프더라고요 되도록 그 손가락을 안써야하나 싶어서 일을 할때마다 압박붕대로 검지손가락을 감아 고정시키고 일을하곤 했습니다 그러다 두달쯤후인 작년말경에 검지손가락 인대가 손상되는 사고가나서 병원에갔습니다 그런데 의사선생님은 방아쇠수지를 치료한다고 손바닥에 dna주사를 놔주시더군요 통증이 좋아지지않아 스테로이드 주사를 부탁드렸고 의사선생님은 이번은 놔주지만 다음번엔 꼭 dna주사를 더 맞아야한다셨습니다 스테로이드주사를 맞았지만 처음맞았을때와 다르게 전혀 호전되는 느낌이없었습니다 너무 당황스러워서 병원에 상급병원진료의뢰서를 부탁드리고 실비보험에 필요한 서류를 받았는데 진료비세부장산서에 스테로이드를 놔주셨다던 날 식염수와 국소마취제만 들어가있더군요 그러니 하루 덜아프고 바로 통증이 더해졌던게 당연한거였겠지요  무튼  차병원에서 다시 진료를 받았습니다 mri촬영을 권하셔서 찍었는데 딱히 별이상이 없는데 관절부위 통증이 너무 심하다니 이상하다며 계속 소염제 처방을 해주시다 제가 소염제를 먹어도 진통효과도 없고 부기도 안빠지니 한방약을 처방해주시더라고요 손을 많이 쓰는 직업이라 회사를 쉬면서 치료를 받는중이었는데 회사 쉴때 한달간 쉬어야한다는 진단서를 받은 터에 그 한달이 지나고나서 복귀를 하려면 완쾌 소견서를 계속 쉬면서 치료받으려면 쉬라는 진단서를 끊어가야하는데 말씀드리니 자긴 모르겠다며 큰 병원가라고 상급기간의뢰서를 써주시더군요 대학병원 예약을 했는데 두달이나 기다려야해서 붕뜬 상태입니다 마음이 참 답답해서 유투브를 찾아보다 관절 구축이란걸 알게됐는데 아차싶었습니다 다니던 병원들마다 손을 사용하지말라셔서 보호대를 착용했어요 손가락 반깁스를요 늘하다가 진료볼땐 손 보여드려야해서 빼고들어갔었거든요 그래서 의사선생님들께선 제가 늘 깁스상태였다는걸 모르셨을거에요 근데 손가락은 관절이 금방굳어서 재활을 빨리시작하는 편이라더군요 생각해보니 근    개월을 계속 반깁스를 하다시피 했더라구요 움직이지말라고해서 보호하려고 한 행동이 오히려 독이된거같아요  현상태는 검지손가락은 계속 퉁퉁부워서 조금만 구부려도 아픈데 구부리는 동안은 아프지만 멈춘상태에선 안아프고 다시 펼때는 아프지만 편상태에선 안아픕니다 아플땐 진짜 악소리가 나게 아프고 아픈 붕위는 관절 양옆쪽입니다  관절이 굳어서 붇고아픈게 맞는걸까요  잼잼같은 재활훈련은 하루에 어느정도하는게 좋은가요  어느정도 재활을 하면 관절이 덜 아파지나요,재활의학과
1,운동발달 지연 문의  개월 아기 사경 치료중 왼쪽 팔 다리 근육이 약함,아이가 사경이 있어서 두달정도 물리치료를 다녔습니다   담당 재활치료사는 거의 다 나았으나 사두가 조금있어서 사경이 백프로 없어지진않았다 라고 얘기하고 있고  주뒤에 담당의 만나서 상담 예정입니다   왼쪽으로 사경이 있는데 지금 움직이는 것을 관찰해보면 왼쪽 팔 딛는게 오른쪽에 비해 확연히 약하고 서있게 연습할때도 왼쪽발에 힘이 안들어가있다고 합니다  앉아있을때도 오른쪽으로 치우쳐서 앉는 거 같구요  한쪽 근육만 약해보이는데 이것이 병으로 의심될만한가요   운동발달지연  뇌성마비  한쪽 근육이 약한 것에 따른 운동발달 지연 내용은 없어서 이렇게 글로써 문의드립니다   아시는 분은 의견 부탁드립니다  감사합니다 ,재활의학과
2,견갑골 불안정,제가 왼쪽팔을 바깥으로 들고 위아래로 흔들거나 앞으로 밀 때 날개뼈쪽이 약간 뼈가 부딪히는 느낌이 듭니다 이거 불안정해서 그런거죠  무슨 운동을 해야 할까요,재활의학과
3,안면비대칭 질문이요 ,왼쪽이 올라가 있구  오른쪽이 내려가 있습니다   몸 체형이 오른쪽이 내려가 있습니다   이거 수술 없이 교정하는 방법 있을까요      ,재활의학과
4,발목이 계속아픈데 원인,발목을 접질린지 이제   달 되가는데요 이게 어릴때 접질린발이 또 다친겁니다   근데 이게 가서 물어보니 정형외과에선 어쩔수없다 이딴소리만 하셔서 그냥 한의원에서 대여섯번 물리치료만 했거든요  그땐 일할때라 어쩔수없이 그냥 물리치료받고 살살걸으면서 아파도 일했었는데 최근에 이제 일을 쉬어서 발목에 무리안주고 푹쉬고있는데 운동차 걸으러 나갔다가 아직도 아파서 좀 자세한 검사를 받아야할거같아요    집안에서 조금 걷는것도 아파요  근데 동네 병원말고 큰병원으로 가서 물어봐야 헛걸음안하고 정확하게 알려줄거같아서 거기서도 똑같은소리할까봐 무섭네요    어쩌죠  동네 병원갔더니 인대가 다쳣다 뭐 이런소리만하고 정확히 어떤상태인지를 말안해줘요 의사넘이  발목이 아픈데 어디로 가서 어떤검사를 해야하나요     만성 되는건가요 저 치료하면 나을수있는지도 궁금해요,재활의학과
5,발목 골절 재활중,발목 비골 골절 수술  주가 지나가고 재활도수  주차 시작한   세 남성입니다 저번주까지는 몰랐는데 이번주 월요일부터 혼자 발목 각도 늘려주기하려고 늘리고나서부터 발목에서 딱딱 소리가 납니다 안좋은 증상인가요 자연스런 증상인가요 ,재활의학과
6,허리디스크 탈출증  고관절 장운동   의 연관성,현재  번 디스크가 많이 튀어나와 엠알아이상 척수부분을 누를정도의 상태이고  번  번은 약간씩 튀어나와있는데 좀 오래되어 엠알아이가 아닌 엑스레이상으로도 어느정도 확인이 가능한 상황입니다 퇴행성  이 이미 온것같습니다    번 디스크 파열의 정확한 원인은 알수없으나 처음으로 이상증세를 느낀것은 필라테스를 하던중이었습니다  보수위에 발을 올리고 런지동작을 수행하는데 평소에도 런지를 잘 하지 못했던터라 하던중 오른쪽 고관절에서 우둑    하는 느낌과 함께 약간의 통증이 느껴졌습니다  그이후 통증이 있다하니 레더바렐로 자리를 옮겨서 코어 옆근육을 강화하는 운동을 연속하여 진행하였습니다  다음날 아침부터 오른쪽 장골뼈라인대로 뻐근한 통증과 열감이 느껴져 치료를 받았고 점점 통증이 오른쪽 고관절 특히 사타구니쪽 서혜부로 옮겨감과 동시에 강도가 점점 심해지기 시작했습니다  디스크파열로 인해 대변을 보거나 좀 깊은 변기에 앉으면 하체 특히 오른쪽 다리에 통증 및 저림이 느껴졌으나 열번중 네다섯번정도로 매번 화장실을 갈때마다 아팠던것은 아닙니다   중간에 경막외 스테로이드 주사를 맞거나 기립근쪽에 ems   침치료를 받거나 고관절과 허리쪽으로 체외충격파를 진행하기도 하였으나 일시적으로 호전되더라도 최대    일이내 다시 통증이 생겼습니다   고관절도 초음파를 통해 확인해보았는데 캡슐이 약간 부어있고 아주 약간의 석회화가 진행된것 외에 별다른 문제는 없었고 지속적이고 악화되는 통증으로 인해 엠알아이를 촬영하였더니 앞서 말한것처럼  번 디스크가 많이 튀어나와 척수를 누르고 있었습니다  배변장애 하지마비등의 증세는 없으나 병원에서는 옆구리쪽을 작게 절개하여 내시경으로 튀어나온 디스크를 제거하는 수술을 권했으나 수술만은 피하자는 생각이 매우 강해서 일단 꼬리뼈쪽으로 맞는 신경주사  를 맞고 그 이후 원래 다니던 병원에서 엑스레이를 보면서 맞는 주사치료를 받았습니다 아마 신경차단술  인것 같습니다  꼬리뼈주사때는 아무효과가 없었지만 주사치료 후 통증이 급격히 호전되는것을 느꼈습니다  다만  일후부터 다시 통증이 시작되었고 현재는 통증때문에 수면제를 먹고 잠들어도 잠을 이루지 못할정도입니다  통증때매 자다가 깬것은 엠알아이를 촬영하기 이전부터 있었습니다   제가 통증을 느끼는 앞쪽 허벅중간 부위와 무릎안쪽은 디스크때문에 느껴지는 통증인걸 알겠는데 다만 고관절 통증 사타구니 및 장골 바로 아래 움푹 패인곳 은 왜이리 심한건지 모르겠습니다  주로 접거나 돌릴때 통증이 느껴지고 쭉 펴게되면 통증이나 저림이 줄어들다 사라지곤 합니다  앉을때도 저림및 통증이 느껴지다가 앉은상태에서 오른다리를 쭉 뻗으면 증상이 없어지기도 합니다   저는 다리가 아픈것은 디스크 때문인것 같다고 생각하는데 고관절은 런지 동작을 하던중 다친것이 아닌가 하는 생각이드는데 또 초음파상으로 아무런 문제가 없다고하고 좀 혼란스럽습니다   또 특이한점은 제가 소변을 조금 오래 참거나 의도치않게   예를 들어 물을 마시고 잠을 든다거나 하는  대변이 보고싶으면 오른쪽 하체 전체가 아리고 저리는등 심각한 통증이 찾아옵니다  예를 들어 전날밤에 물을 많이 마시고 잠이 들었다면 아침에 소변보기 전까지 엄청난 통증이 느껴집니다  또 배안쪽에서 꾸륵꾸륵 하는 소리가 날정도로 장이 활발해지면 그때도 오른쪽 하체 전체에 엄청난 통증이 느껴집니다  그냥 대소변이 마렵기만해도 장골 및 고관절 무릎안쪽이 시큰시큰학 통증이 느껴집니다  제가 진료받은 두병원에서 모두 디스크 환자에게서 흔히 나타나는 증상은 아니라고 하셨습니다   한분은 재활의학과 전문의 한분은 신경외과 전문의 입니다   장과 방광상태에 따라 통증의 강도가 달라지니 치료의 효과또한 정확히 파악하기가 힘든상황입니다  대학병원으로 가서 좀더 자세하고 정밀한 진단을 받아보려 하는데 신경외과와 정형외과 둘중 어느곳이 더 적합할지 모르겠습니다  벌써 이런상황이  달가량 지속되고있어 원래 앓고있던 우울증까지 심해지고 있습니다  어떻게 해야 할까요    ,재활의학과
7,요양병원 입원하려면 연락하고 상담받으면 되는건가요   강남구   대초반 남 요양병원입원 ,아버지 요양병원 입원 때문에 이것저것 알아보고 있습니다   점점 입원을 해야할 시간이 다가오고 있는데 아직 정해진게 없어서 걱정이네요   요양병원 몇군데 상담받으러 가려고 하는데 상담받고 입원하겠다고 하면 바로 입원이 되는 건가요 ,재활의학과
8,목디스크 맞나요 자주아픈데 어떻게 하죠,목디스크 인지 요즘 아파서 정형외과가니 거북목으러 완전 굳엇다고 장기 치료 받지않으면 디스크 와서 손발저리거 한다고 하시면서 물리치료 도수치료 꾸준히  년정도 받자고 하는데     심한가요     어떻게 치료 받아야하는지      평소 어떻게 하면 도움이 되는지 스트레칭  아니면 목베게하고 자야하는지   매일 PC  시간 보는 일을 하는데 걱정이네요,재활의학과
9,곧있으면 자가격리 끝나는데 가족중에 확진자 나오면,제가 양성이 떠서 격리하고 있는데   일에 격리해제란 말이에요 근데 언니는 계속 음성이었는데 오늘 양성이 떴어요 근데    에 학교에 간단 말이에용 그러면 저는 격리가 풀려도 학교 못가는건가요,재활의학과
10,만성 허리 통증 때문에 의료용 물리치료기를 구매하려 합니다 ,가능하면 고주파 저주파 치료기 모두 구매하고 싶지만  가격이 만만치 않기에 둘 중 한 가지만 골라야 합니다   대당    만원씩 드니까요   물리치료기 중에서 허리통증 완화에 어떤 치료방식이 더 도움될까요 ,재활의학과
11,은평구 무릎수술후 재활요양병원 좀 알려주세요,안녕하세요   한달정도 입원하면서 재활치료할 병원좀 알려주시면 감사하겠습니다 ,재활의학과
12,반달연골 파열,반달연골이 파열되서 수술하고 성인되서 이식수술 한다고 하던데요 양반다리 자세를 오래 하면 무릎부터 무릎 주위가 아프던데 양반다리 자세가 아무래도 지금 상태로는 안좋은 자세인가요  의자에 앉을땐 그냥 다리를 내리고 앉는게 제일 좋을까요 ,재활의학과
13,플랭크로 다열근,다열근은 의도적으로 수축하기 힘들어서 운동하기가 어렵다고 알고있는데 플랭크로 다열근을 운동할수있나요 ,재활의학과
14,물리치료받으려면,물리치료 받고싶으면 그냥 물리치료실 가서 받으면 되나요  초진은 아니에요,재활의학과
15,걸음걸이 교정 어떻게 하나요,제 걸음걸이가 건달같다고 하고 어슬렁어슬렁 거리는 느낌이라   교정해야할 것 같아요 또 학교 보건선생님께서 제가 걷는거만 보시면 다리 꼬지 말라고 하셔요   걸음걸이 교정 어떻게 하나요 ,재활의학과
16,다리짝짝이 걸을때,막 심한건 아니고 골반이 틀어져서 다리가 짝짝이인게 느껴져요 오른쪽다리에 더 힘이 실리고 오른쪽으로 지탱 하면서 절뚝 거리듯이 걷거든요    오른쪽 다리가 더 짧음   교정운동도 하고있긴한데 계속 이렇게 걸으면 한쪽 종아리가 더 커지고 한쪽으로 치우쳐서 걸으니까 골반 더 틀어지는거 아닌가요  바르게 걷는 방법좀 알려주세요,재활의학과
17,턱걸이 견갑 좌우 비대칭 골반 트러짐 어깨 충돌 증후군 있는데 도수치료 하면 도움이 될까요 ,도수 치료 지방에 있는 개인병원은 보통 가격이 어떻게하고 가서 재활운동만 따로 배워서 할수 있을까요 ,재활의학과
18,발목 관련 질문 제 내공 전재산 드리는거임,옛날에 제가 오른발 발등 새끼발가락 라인쪽을 접질렸던적이 있었습니다 첫번째 사진에 표시한 부분이 부었었구요 근데 현재 두번째 사진처럼 안쪽으로 늘리면 두번째 사진에 표시된 부분이 아파요 평지 걸을때는 안 아프고요 왜그런걸까요  제가 허리 디스크 있는데 그거랑 관련있나요 ,재활의학과
19,손가락이 잘못 겹질러져서 병원에 갔더니 손가락 뼈중 하나가 살짝 작은 조각이 골절이라고 하는데   깁스하고 있으면 붙는건가요  손가락 하나 고정,손가락이 잘못 겹질러져서 병원에 갔더니 손가락 뼈중 하나가 살짝 작은 조각이 골절이라고 하는데   깁스하고 있으면 붙는건가요  손가락 하나 고정하고있다보니 생활하면서 계속 움직이기도하는데 병원에서는 사용하지말락하는데 고정이 안되고   계속 힘이들어가면서 사용하는데  ,재활의학과
20,은평구에 무릎수술후 재활병원 추천 해주세요 ,무릎수술후 재활병원  잘하는곳  추천해주세요      한달입원  생각중인데    대략적인 비용이랑     재활치료  잘하는곳  알려주세요     꼭  알려주세요   일반재활병원이랑 한방재활병원이랑  차이가 무엇이고 가격차이는 얼마정도 날까요 ,재활의학과
21,발목 통증  아무나 빨리 답변해주세요     ,제가     년  월쯤에 발목을 접 질러서 발목이 멍들고 부었어요 그리고 병원에 갔는데 깁스를 하고 물리치료를 받았어요 근데 제가 깁스를 했는데 너무 불편해서 일주일도 안하고 혼자서 풀고 그 뒤로 병원을 안가고 집에서 발목 찜질해주고 발목 보호대를 해줘서 발목에 멍이 좀 괜찮아지고 부은게 사라져서 이제 괜찮나 생각해서 그 뒤로 무리하게 운동을 하고 가끔 발 목을 삐긋하고 했어요 그렇게 한 달 반정도가 지났는데 발목이 저리고 따끔 따끔 거리면서 발목이 아파서 병원을 안가고 그냥 파스 아니면 보호대를 착용했어요    도대체 지금까지 아픈지 모르겠어요 혹시 많이 심각한가요     사진에 발목은 첨에 다칠 때 찍은 사진이에요  ,재활의학과
22,목이 너무 뻐근하고  년동암 지속되요 미치겠어요 ,안녕하세요  저는 고등학생이어서 어쩔수 없어 목을 많이 숙여 일자목으로 목뼈가 변형되었다고  년전에 병원에서 들었습니다  그래서 저는 자세를 고치고 목을 피기 위해 어깨부터 허리까지 다 잡아주는 어깨 교정기를 하루동안   시간정도씩 하고 있었습니다  하지만 그렇게 해서 일자목은 고쳐졌지만 목은 오히러 훨씬 더 아프더라고요  정확히 말하면 목이 아픈것보다 너무 뻐근하다  귀에서 누가 계속 잡아댕기는 느낌이다  그런 느낌때문에 저가 무의식으로 목을 뒤로 확 제치는것을   분동안에 적으면   번 많으면   번  정도 하게 되고 하루동안 계속 그러니까 수업이 많이 한다고 생각하시면 되겠습니다  저렇게 해도 목이 뻐근한게 나아지기는 커녕 똑같이 아프던가 아니면 어떤 날에는 더 심해지더라고요  그래서 병원에 또 가보니까 목에 아무런 이상이 없고 허리가 조금 휘었는데 그것때문에 목이 그렇게 아프다고 하네요   근데 저는 중학교 때에도 허리가 휘었고 그리고 허리 디스크까지 있었습니다 그래서 또 도수치료를 가니까 교정기 착용으로 근육이 약해졌다네요   그래서 도수치려에서 알려준 목 근육 운동을 해도 좋아지지가 않네요  제발 의사분들 저 너무 괴롭습니다  해결책이나 원인좀 알려주세요 ,재활의학과
23,누워있엇는데 고주중간이 가려운거같고 그다음오줌이마려웟는데왜그런가요  그리고 누워있는데 어금니랑그앞이빨이시린건안인데 그런느김인거같아요오그런거죠 ,누워있엇는데 고주중간이 가려운거같고 그다음오줌이마려웟는데왜그런가요  그리고 누워있는데 어금니랑그앞이빨이시린건안인데 그런느김인거같아요오그런거죠 ,재활의학과
24,메탄올    mL 다리에 쏟았는데 괜찮나요,제목 그대로에요 피부로 통한 흡수도 많이 치명적인가요 마스크 쓰고 있어서 흡입량은 별로 없었을 것 같아요 환기시스템은 안돼있습니다 두통이나 어지럼증은 없으면 괜찮나요 아니면 일정기간 후에 위험해지나요,재활의학과
25,관절와순  회전근개 파열 후 물구나무,평소 기계체조를 즐겨하는데 왼쪽 어깨 회전근개파열과 오른쪽 어깨 전방상부관절와순파열 방카르트병변  진단을 받았습니다   파열정도가 심하지 않고  운동을 계속 하고싶은 상태라 부상 부위에 영향이 가지 않는 동작을 찾아 근력운동을 하려하는데 팔굽혀펴기와 물구나무 동작이 회전근개나 관절와순에 무리를 줄까요  무리를 준다면 어떤 동작이 어느 부위에 안 좋은지  대체할 수 있는 근력운동이 있는지 궁금합니다 ,재활의학과
26,근육운동할때 근육느낌,안녕하세요 운동을 평생안하다가 최근에 운동을 시작한   대 중반인데요 근력운동을하게되면 오른쪽팔은 팔전체를 쓴다는 느낌이 드는반면  왼쪽팔은 힘줄인지 뭔지 모르겠습니다만 하나의 선이으로 힘을쓰는느낌이들면서 선이 팅팅 튄다고해야하나 자극이 온다고해야하나 이상한느낌이 들더라구요 평생 운동을 안하다가보닌깐 근육이 없어서 그런건지 이런 증상이 있을떄 계속 운동을 해도된찮을까요 ,재활의학과
27,일일 권장걸음,   일일 권장걸음 검색해보면 보통        만 걸음 사이인거 같은데요   이것이 순수하게 바른자세로   분 이상 산보했을때 권장걸음을 말하는 건가요  아니면  산보 이런거 모두 포함해서 직장생활 등 하루 생활 총 걸음걸이인가요      그리고 WHO의 경우 일주일에    걸음 권장으로 알고 있는데 이것도 일주일 총 걸음수를 말하는 건지  운동목적으로 바른자세로 산보하는 것만 말하는 것인지요 ,재활의학과
28,종아리 근육 파열후 증상,종아리 근육 파열로 병원에서 진료 치료 받던중  주차 구획증후군 의심으로 대학병원 응급실에서 진료을 받았으나 큰 문제점 없다고 해서 퇴원에서 자가 치료해야 약복용중이며 현재  주차로 시커멓게 멍든것은 모두 없졌으나 누워 있음 종아리가 괜찮은데  안거나 특히 서있을때 종아리에 압이차고 땡땡에 지는것 같네요 다친부위는 무릎 뒤 종아리가 손으로 만지면 근육이 군데군데 뭉친 느낌이며 요즘 종아리 하단부 주위로 따끔거림 증상이이네요 얼음을 대고있음 통증이 없어지네요 발바닦 발가락 발목 이상증상은 없습니다 큰병원에 가야할지 걱정이 되네요,재활의학과
29,저는 어제 MRI 및 여러검사 끝에 퇴행성 허리디스크 초기라는데 오늘 신경성형술 시술을 했는데 아직 통증이 있네요 앞으로 물리치료를 병행한다는데,저는 어제 MRI 및 여러검사 끝에 퇴행성 허리디스크 초기라는데 오늘 신경성형술 시술을 했는데 아직 통증이 있네요 앞으로 물리치료를 병행한다는데 물리치료는 뭐가 있고 허리강화운동도 해줘야 한다는데 허리강화운동은 광범위한데 꾸준히 할수 있는 허리강화운동은 뭐가 있을까요 ,재활의학과
30,충남 서해권 재활전문병원,충남 서해권 천안 아산 포함해서 재활전문병원 추천부탁 드립니다,재활의학과
31,초등학생 척추측만증,안녕하세요 올해 초 인 학생입니다  그런데 요즘따라 척추 쪽이 불편하고 가끔씩 조금 아파요  그리고 양쪽 어깨의 높이가 다른 것 같고 숙였을때 척추가 휘어있는 것 같아요  제가 어렸을때 숙였을때 엄마께서 척추가 휘어있는 것 같다고 척추측만증이라고 하셨던 적이 있어요  제가 그림그리는걸 좋아해서 앉아서 그림그릴때 척추쪽이 좀 불편해요  지금 엄마께선 잊어버리신 것 같아요  병원을 가봐야할까요  무서워서 가질 못하겠어요  척추측만증인건 확실한 것 같은데 더 심해진 것 같고 옛날에 자다 일어났는데 목에 담이 걸려서 오른쪽으로 돌리지를 못했었는데 엄마께서 척추측만증 초기 증상이라고 말씀해주신 적이 있어요  너무 무서운데 병원에 가야겠죠   ,재활의학과
32,자세교정후 뼈소리,자세교정을 한후에 팔에 근육통 오고 어깨를 올렸다가 내릴때 뼈소리가 드르륵 소리가 나는데 정상인가요 ,재활의학과
33,척추층만증,척추층만증이있는데 자세교정하는 좋은 방법있나요 ,재활의학과
34,헬스장 운동센터,허리디스크가 좀 있고 목디스크도 있습니다  어릴때부터 팔굽혀펴기 하나도 제대로 못할정도로 근육도 없는 상태여서 운동센터에서 자세교정을 받으려고 알아보고있었는데 사실 제가 수술을 한것도 아니고 디스크가 터진적이 있는것도 아니고 그냥 몸에 근육이 없는거같은데 괜히 호들갑떨면서 운동센터나 재활센터를 가려고하는게 아닌가 하는 생각이 들더라고요  예전에 한번 운동센터에서 자세교정에 많이 도움을 받아서 그런거같아요  한편으로는 운동만 좀 꾸준히 하면 괜찮아질꺼같기도 해서 이렇게 질문드립니다  일단 근육을 만들어보고 그래도 허리가 아프고 목이 뻐근하면 그때 재활센터를 가든 운동센터를 가든 하는게 맞겠죠  ,재활의학과
35,골반 문제일까요,안녕하세요 일단 무직이고   집에서 공부하는 시간이 많다보니 걸어다니는 경우가 매우 드뭅니다      년 전까지만해도 체중이 꽤 나갔었구요 아마 그때부터 악화가 되기 시작했던거 같은데  지금 현재는 체중도 많이 빠졌고 뱃살도 거의 없는 정도입니다  그리고 많게는 일주일에  번씩  최근엔 두번씩 나가곤 하는데요   증상이 어떻게 되냐면은   걸어다닐때 다리가 짝짝이가 된듯한 느낌입니다  그래서 똑바로 못걷겠고   자꾸 휘청거리듯이 걷습니다  창피할정도네요 특히 핸드폰 보면서 걷는건 절대 못해요  물론 눈감으면서 걷는것도 매우 힘들고  이 경우엔 저도 모르게 왼쪽대각 방향으로 이동하고 있습니다   집에서 나오자마자 한  시간정도까진 정말 힘들구요 계속 걷다보면 어느정도 익숙해져서 균형은 잡긴하지만 골반쪽에서 불편한 느낌은 여전합니다   최근엔 바빠서 밖에 나가는 횟수를 일주일에 두번으로 줄였다고 말씀드렸는데 오랜만에 나간듯한 느낌이라   더 악화되는것 같네요   평소에 의자에 앉을때 왼쪽무릎은 정면을 보고있지만 오른쪽다리는 바깥으로 빼놓는 습관이 있었는데 지금은 자꾸 의식해서라도 반듯하게 앉는 습관 들이고 있습니다   선생님께서 보기엔 골반 문제인것 같나요  이 경우엔 교정을 받기위해 병원을 방문해야되는지   또 완치까지 비용은 대략적으로 얼마정도 드는지 알고싶구요   가장 궁금한건 산책횟수를 하루에 한번씩 꼭 나가는걸로 바꾸는게 효과가 클까요   긴글 읽어주셔서 감사드립니다 ,재활의학과
36,물리치료시 전기치료를 받을때 노란 스펀지 빠진채로 치료받음,한의원에서 핫팩하고 전기치료를 받았습니다  스트라텍 sti   으로 치료 받았습니다  원래 스펀지를 하고 전기치료를 하는데 하다가 중간에 부항같은 컵이 빠지면서 다시 해주시면서 간호사선생님이 스펀지를 빠뜨렸습니다   그런 줄도 모르고 계속 받았고 하면서 이상하게 따끔거렸으나 설마 스펀지가 빠졌을거라고는 상상도 못했습니다   빼고 나서도 엉치 부위가 계속 전기 오는듯하고 엉치 밑으로 허벅지 쪽도 뭔가 따끔거리고 얼얼하고 간지럽고 느낌이 영 이상합니다  어지럽고 속도 울렁거리고요   다발성말초신경병증을 앓고 있어서 이로 인해  신경세포에 영향을 줬거나 나빠졌을까 걱정됩니다   괜찮은걸까요  혹시 안 괜찮으면 어떻게 해야 하는지 좀 알려주실 수 있을까요  도움 부탁드립니다  스펀지 없는 상태로   분 정도 있었습니다 ,재활의학과
37,  살 여아 짝다리,서 있을때 항상 한쪽 다리를 구부리고 있습니다   소아 정형외과로 가나여  아니면 어디로 가야 할까요 ,재활의학과
38,척추뼈 통증,스쿼트를 했는데 자세가 잘못되서 그런지 허리근육  에 통증이 있었어요 그래서 통증 없어지고 나서 자세 고치고 스쿼트 했는데 이번엔 척추뼈가 아파요 그냥 코어가 약한 체질이라서 그런건가요  어떡하죠 스쿼트 꼭 해야하는데,재활의학과
39,통깁스 후 뒤꿈치 아픔  ,일중에 계단에서 다리 접질렀다가 ct찍고 다발성 단순골절이라고 하시면서 수술은 안해도되는데 통깁스를 해야된다고 몇일전   일 월 통깁스를 했습니다   걸어다녀도 된다고 하셔서 목발 한개만 집고 다녔는데 어느순간부터 걸을때마다 뒤꿈치가 너무 아픈데 네이버에 찾아보니 뒤꿈치부분이 눌리면 피부가 검정색마냥 썩을수도 있다고 병원 가보라고 하는 글을 많이 보았는데요   전 통깁스 한 발 꼼지락 댈수 있을정도로 널널한데   이것도 병원을 가야되는건가요 아니면 적당히 걸어댕겨야 되는지 여쭤봅니다   ,재활의학과
40,손가락재활 질문,주변 재활의학과에 가시면 됩니다  시간이 지나서 쉽지는 않겠습니다  손가락 힘줄터짐문제로 재활하는 것인데 시간이 지나면 더 치료하기 어렵나요 ,재활의학과
41,손가락재활수술질문,손가락 힘줄 터짐 문제로 부었는데 이게 몇년간 가라 앉질 않네요 굽히는 건 다 굽혀지는데 예전처럼 원상복귀를 하고 싶은데 어디 병원을 가면 될까요,재활의학과
42,재활이 가능하능한 암 병원 추천,다발성 골수증으로 항암 치료를 받으시던중 고관절이 골절되어 수술하셨습니다  항암 부작용으로 인한 근손실로  개월째 재활중이시긴한데 아직 걷지를 못 하십니다  지금 입원중인 병원에서 전원을 해야 하는데 입원 가능한 재활병원 추천 좀 부탁 드립니다  항암 치료는 외래로 할 예정입니다 ,재활의학과
43,브릿지하면 대둔근 중둔근  운동이 되나요  ,제가 골반전방경사   여서 오리궁뎅이인데 브릿지 운동하면 교정이 될까여   ,재활의학과
44,다리방사통 질문,엉덩이부터 발가락까지 방사통이있어요 저리고 쥐나는거같지만   약은  개월째여서 그만 먹고 운동으로버텨도 문제되는건없겠지요  약먹어도 아픈건마찬가지네요 더 아플지     답답하네요 속도 탈날거같고   ,재활의학과
45,손톱밑에 노란거,몇일 전에 손톱이 엄청 아파서 엥 멍이든건가  괜찮아지겠지 했는데 시간이 지나니까 뭔 애벌레 알 같은 모양으로 있어요 이젠 통증은 없는데 이거 뭐죠       저 죽나요,재활의학과
46,발목 금간거 맞나요 ,어제 걷다가 발목을 심하게 삐어서 오늘 병원을 왔는데 금갔다고는 하시는데   ,재활의학과
47,갈비뼈 위치,제가 저번부터 느꼈던건데 갈비뼈 위치가 다른 것 같아서요    오른쪽 갈비뼈가 더 앞으로 튀어나온 것 같고 갈비뼈가 왼쪽이 가로로 더 긴 것 같이 느껴져서요    척추측만증과 관련있나요    ,재활의학과
48,발목  무릎 연골,중딩 때 계단 오를 때마다 무릎이 아파서 병원에 갔었는데 의사가 무릎 연골이 깎이고 있어서 아프다 했었는데 가능한 경우인가요   후에 발목도 아파서 가서 검사했더니 보통 사람보다 연골이 많이 없다고 그래서 저는 누우면 발목이 일자로 펴져요  이것도 많이 있는 일인가요   새벽에 갑자기 궁금해져서 물어봅니다 ,재활의학과
49,무릎 원인없는 피고임 현상,제가 작년에 축구하다가 후방 십자 인대가 늘어나서 치료를 하고  달후에 일주일에 한번정도 축구를 해오다가  주전에 또 무릎에 피가 새는 느낌이 나서 진료를 해보니 상처가 없었다고 하고 걸어다니라고하여서 그냥 걸어다니고 있습니다 이럴땐 이제 불편하진 않은데 무릎 근육 빠진거 빼고는 불편한점이 없습니다 재활운동이나 그런게 필요할까요  어느정도후에 걷는게 좋읗까요 ,재활의학과
50,무릎 뚝 소리, 개원 전부터 무릎이 밑쪽이 아파서 물리치료 받고 괜찮아져서 그냥 있었는데요  개월 전부터 무릎이 또 다시 아파지고 뚝뚝 소리도 계속 굽혔다 필 때마다 나고 무릎 밑쪽을 치면 다리에 힘이 확 풀리는데요 근데 오른쪽은 안 그러고 왼쪽만 그래요 무릎 붓기는 딱히 없고요 무릎 통증은 걷거나 뛸때만 발을 뗄 때 아파요 병원 안 가봐도 괜찮을까요 ,재활의학과
51,발등에 멍 대체 뭔가요   ,언제부터인지는 기억이 안 나는데 발등에 멍 같은 게 오랫동안 안 사라지고 계속 있어서요    한  년은 된 것 같아요 너무 거슬리는데 저거 대체 뭔가요 그냥 멍인가요   ,재활의학과
52,족하수 대해,횡단성척수염으로 오른쪽 편마비와 손과 다리가 자유롭지못하는데 발같은 경우는 엄지발가락은 위로 들여지는데 나머지 네 발가락은 까닥거리지않습니다 발이 아래로 약간 처져있어 족하수 증상같습니다  발등이 약간 위로 올라가긴한데 걸을때 무릎이 잘 들여지않고 발이 바닥에 끌립니다  나름 운동법을 땅위에 걷기와 런닝머신위에 걷기 로잉머신으로 전신운동 발목경사대에      분 버티기 가끔 공원에 어르신용 운동기구로 운동합니다   족하수때문에 걸을때 무릎이 올라가지않는지 운동법이 무엇인지 알려주세요,재활의학과
53,무릎부상질문,제가 스키를타다가 무릎이꺾여서 지금 보호대랑 목발을 짚고있는상태인데 의사는 그냥 무릎 속에 타박상을 입었다고해서    일만 있으면 괜찮아질거라고했는데 지금  일이 지났는데 걷거나 서는건 되는데 일자로 완전히 피거나 뒤로 접는게 불가능해서 무릎을 봤는데 다리에서 무릎쪽이 대칭이 안맞게생겨서 이게 단순 타박상이 맞는건지 궁금해서 질문드립니다,재활의학과
54,오른쪽 종아리 부분,안녕하세요      년  월 뒷꿈치수술햇습니다  통깁스 한 이후 오른쪽 종아리  근육이 잘 안붙는거 같아요 많이 안 걸었는데도 다리가 뭉치고 아파요 가족들이나 다리 주물러 주는거 좋아하구요 발목은 원래 안 좋은데 요즘 반깁스 하면 더 안 좋아지는거 아닐까요  저의 생각입니다  발목도 물리치료해야하지만 종아리는 맨날 물리치료 다닐 수 없으니 혹시 방법이 있을까요 ,재활의학과
55,운동 방법 아신다면 방법 좀여    , 일안에  kg 뺄수 있나요  쉽게빼는법 알려주세요,재활의학과
56,목통증 병원가봐야할까요,일마치고 공부만하는편인데 얼마전부터 뒷목통증에 배게도배지못하겄고  주일넘었는데계속됩니다 친구 병원에서 엑스레이찍었는데 모양이이상하구요 전문병원가봐야할까요 ,재활의학과
57,Tfcc 부상 후 치료,제가 운동하다가 tfcc를 다쳤었는데 제가 tfcc를 다치고서  개월이 지났습니다  처음에는 팔을 돌릴 때도 아프고 깁스를 하고 살았는데   개월이 지난 지슴은 손목도 정상적으로 돌아가고 거의 다 나은 것 같은데요  제가 tfcc을 다치고서 척골이 예전에 비해 올라와서 정형외과를 갔는데  뼈가 올라와도 일상생활에 불편하지 않으면 굳이 수술 하지 않아도 된다 라고 하셨는데  저는 일상생활에는 문제가 없지만 전처럼 푸쉬업을 하게 되면 척골이 눌러서 그런지 아파서 푸쉬업은 못 하겠습니다   혹시 이런경우 척골 단축술을 한다면 좀 더 나아질까요 ,재활의학과
58,체외충격파 강도,제가 만성 발목염좌  아킬레스건염  발바닥  어깨가 아파서 체외충격파 하려 하는데 강도는   까지 있다면 몇으로 받아야지 효과가 빨리 나올까요     ,재활의학과
59,척추측만증 갈비뼈,선생님 답변글보고 문의드려요 제가 특발성 측만증입니다 보행장애로 발목이 꺾이면서 전신이 다 망가져서 근긴장이상증 진단까지 받은 상탠데요 가장 문제는   년을 왼쪽갈비뼈가 나온상태로살았는데 보행장애 이후 오른쪽 갈비뼈가 압축되더니 튀어나오기 시작했어요 제  차 변형이 온걸까요  엑스레이상 바뀐부분은 턱과 머리방향이고 나머진 예전하고 같아보이는데 중요한거 오른쪽 장기들이 내려가있더라구요 건강했을땐 오른쪽 갈비뼈 두마디 위까지 장기가 올라와있었는데 오른쪽배에 코어 힘도 전혀 안들어가고 후방 골반이었던 제가 전방골반으로 뒤집혀있으며 왼쪽다리 코어에만 힘이들어갑니다 혹시 이건 치료받으면 다시 왼쪽 갈비뼈가 나오게 할수있나요    년을 왼쪽갈비뼈 나온체로 살았고  년반을 오른쪽 갈비뼈와 견갑골 머리 근긴장이상증으로 투병중입니다 호흡도 잘안되구요   되돌릴수있을까요 보라색은 엑스레이는 건강했을때구요 검정엑스레이가 최근엑스레이 입니다 보래색때는 오른쪽밑에 갈비뼈 두마디위로 올라와있던장기들이 지금은 척추뼈안쪽이 장기가내려가있어요 장기의 복통과 압통있구요 갈비뼈통증 매일 느낌니다 선생님되돌릴수 있을까요     한가닥 희망으로 여쭤봅니다,재활의학과
60,오미크론 질문,아직 백신 접종 안 맞은   살 어린이인데요 언니가 오미크론 확진이 되어서 저도 양성일수도 있는데 질문 답변 부탁드립니다    동거가족이 확진이라면 저도 양성일 가능성이 높나요    오미크론 저는 백신 접종도 안 맞고   살 밖에 안되는데 많이 아플까요 ,재활의학과
61,허벅지가 아파요,허벅지가 너무 아픕니다 앉아있는것도 힘들고요 서있는것 역시 힘듭니다 엉덩이부터 무릎위까지 딱 아프고요 저리듯이 너무 아픕니다 아픈 부위는 감각도 안느껴져요 어떻게 해야하나요      ,재활의학과
62,왼쪽 어깨가 오른쪽보다 올라가있는데,거울보고 왼쪽어깨에 힘주고 내리면 자세가 바르게 되는데 이 느낌을 평소에도 유지하면 교정이 될까요  아니면 어깨에 무리만 가는건지 궁금합니다 ,재활의학과
63, 년제  넌제 도수치료사, 년제  넌제 어느쪽이유리하나요 알아보니깐 년제는 대학병원종합병원가는게아니라면가지말라고하던데 대학병원종합병원가는건 하늘에별따기수준이라고하고 특히도수치료분야는 경쟁률이높지않고 그냥안뽑는다는데 어디가야할까요    년제는 월급도똑가치밭는데요 억울하게 도수치료는 대학보다 경력과실력이중요하대요  년제먼저가서 경력쌌는게유리할까요   광고쳐 끄지라,재활의학과
64, 년제  넌제 물릳치료사, 년제  넌제 어느쪽이유리하나요 알아보니깐 년제는 대학병원종합병원가는게아니라면가지말라고하던데 대학병원종합병원가는건 하늘에별따기수준이라고하고 특히도수치료분야는 경쟁률이높지않고 그냥안뽑는다는데 어디가야할까요    년제는 월급도똑가치밭는데요 억울하게 도수치료는 대학보다 경력과실력이중요하대요  년제먼저가서 경력쌌는게유리할까요,재활의학과
65,밀접 접촉자로 코로나 자가격리,가족 중 한 명이 코로나에 걸려서 자가격리를 하고 있는데 자가격리 해제 전 검사 pcr 를 어제 검사해서 오늘 결과가 나왔거든요 음성이면 오늘 자정   시부터 일상 생활이 가능하다는데 오늘 가족 중 다른 한 명은 양성 저는 음성이 나왔어요 근데 제가 만약에 내일 증상이 나타나서 pcr 검사를 한 번 더 해서 양성이 나오면 다시  일동안 자가격리를 해야 하는 건가요 ,재활의학과
66,발목 골절후 정형외과 한의원,제가  주전에 발목을 다쳐서 지금까지 반깁스를 하고 있습니다  당시 다친후에 정형외과를 갔었는데 의사쌤은 골절은 조금있는데 수술은 안해도 되고 반깁스를 하라고 하셔서 지금까지 하고 있는데요     보통분들 보면 종아리나 발등 발전체적으로  붓기가 이렇게 오래 가지 않는거 같은데 저는 아직도 붓기가 잘 안빠지는거 같아서 걱정이됩니다    초반에는 많이 부어서 집에서 얼음찜질을 했는대요   물론 처방해주신 약도 잘 챙겨 먹고 있습니다   잘때도 항상 깁스하고 발을 좀 높게하고 자고 있습니다    그리고 일어나면 반대쪽처럼 종아리나 발은 딱딱하지않고 근육이나 살이 잡힐정도로 붓기가 확빠진것상태가되는데 조금만 있다보면 다시 붓게 되는거 같아요    발가락도 잘 움직여집니다    지금도 얼음이나 온찜질은 항상   분씩 하고 있는데 보통분들하고 다르게 먼가 붓기가 빠지거나 그런게 많이 더딘거 같아서 걱정이 됩니다     이상태를 유지하다가 골진 같은게 나오는거에 영향이 있을까요      한의원을 가서 침을 맞아봐야 하나요       주째인데 이렇게 더딘게 정상인가요       광고성 글은 하지말아주세요   ,재활의학과
67,도수치료사 대학, 년제  넌제 어느쪽이유리하나요 알아보니깐 년제는 대학병원종합병원가는게아니라면가지말라고하던데 대학병원종합병원가는건 하늘에별따기수준이라고하고 특히도수치료분야는 경쟁률이높지않고 그냥안뽑는다는데 어디가야할까요    년제는 월급도똑가치밭는데요 억울하게 도수치료는 대학보다 경력과실력이중요하대요  년제먼저가서 경력쌌는게유리할까요,재활의학과
68,골반 소리나는 이유가 궁금해요,운동할 때 주로 나고요 보통 오른쪽에서만 소리가 나요 딱히 아프지는 않는데 거슬려요 유연성이 부족한 것 같지는 않는데 어떤 이유로 이런가요   또 이에 대한 해결방안을 알려주시면 감사하겠습니다,재활의학과
69,무릎 쓸개골 탈구 후 재활,제가 무릎 쓸개골이 탈구 되면서 안에 있는 뼈가 조각나서 수술을 했는데 처음에는 꺽는게 힘들고   도 까지 각도가 나와서 병원가서 억지로 의사 선생님이 꺽었는데 다음에 병원 갈 때는    도 이상 안나오면 다시 꺽는다 했는데 마지막으로 꺽었을 때   도 였어요 만약에 억지로 다시 꺽는다면 첫번째 보다 더 아플까여 아님 그나만 참을만 할까요    ,재활의학과
70,축구선수 재활병원 추천,이제 고 올라가는 축구선수입니다 약  개월 정도전에 훈련하다가 발목을 다쳤습니다 정확하게는 아킬레스와 뒷굼치 사이부위를 다쳤습니다 어느정도 쉬고 운동하고 번갈아하다가 부상이 지금까지 이어지고 있습니다 경상도에 축구선수재활 하는병원 추천부탁드립니다   경상도가 아니더라도 확실하게 재활할수 있는 병원이라면 어디든 추천부탁드립니다 그 병원에서 입원하고 지내면서 재활할수 있는 병원 추천부탁드립니다 입원하고 지내면서 재활하는 재활병원 추천해주세요 제 마지막 희망입니다,재활의학과
71,도수치료사,도수치료할려면 전문대가유리하나요  년제가유리하나요,재활의학과
72,태권도 옆차기 하다가 허리통증 허리디스크인가요  ,올해   살 입시준비생인데 태백에서 왼발 옆차기 차는데 허리 힘 쫙 풀려서 쓰러졌어요 근데 또 일어나니까 걸을만은한데 하체가 넋나간 느낌이였어요 그러고도 참고 운동 하다가 도저히 아닌거 같아서 집 왔어요 일단 자고 다음날 일어나니 허리가 진짜 찢어질듯이 아파서 허리 보호대 끼고 학원 왔습니다 허리가 전면 옆면 후면 다 아픕니다 뒤로 젖히기는 아프고 앞으로 숙이기는 많이 숙여야 아파요 옆으로 숙이기도 좀 아파요 최근  개월전에 햄스트링 부상 시작됬고 지금은 많이 나아졌습니다  허리디스크 인가요  ,재활의학과
73,발목 비골 골절,발목 비골 골절 플레이트 수술한지  주차된 환자에요 나이는   세 남성이에요 뼈 유합이    주정도 걸린다던데 아직 이전처럼 완전히 붙진 않았답니다  질문입니다   뼈가 이전처럼 정상적으로 유합되려면 통상 몇개월이 걸리나요  사람마다 틀리겠지만 평균치요   도수치료 발목꺽기등 하고있는데 이것도 한  주정도 해야죠   주차 들어섰습니다   목발뗀지  일됐는데 다친발에 무게를 완전히 실진못하는데 걸을때마다 발목은 당연한거고 발등 발바닥에 통증이 있습니다 이또한 자연스런 현상인가요    발목꺽기 스스로 발목 가동범위 늘려주고하는데 아직  주차라 그런지 안다친발과 똑같은 각도가 안나옵니다 이것도 아직은 당연한 증상인가요    발목 가동범위가 안다친발처럼 정상적으로 꺽이려면 재활 몇주차가 지나고나서부터 되요    개질문에 맞게 답변주시구요 복붙같은 글 사절합니다 광고홍보글 또한 차단신고합니다,재활의학과
74,누워있는데고추가이상한느김나서오줌참으며 화장실가니까오줌이엇는데 찔리는느김이라해야하나그런느김이들거 다싸고나서힘주니 고화옆이아픈지고추에서이상한느김나는,누워있는데고추가이상한느김나서오줌참으며 화장실가니까오줌이엇는데 찔리는느김이라해야하나그런느김이들거 다싸고나서힘주니 고화옆이아픈지고추에서이상한느김나는지좀 햇갈리고요 괞찬은가요 ,재활의학과
75,벽스쿼트가 체중부하가 어느정도 인가요 , 년전 외측반월상 아전절제했는데 일반스쿼트는 안하고 레그익스텐션위주로  꾸준히하다 벽스쿼트도 조금씩하고 있는데 벽스쿼트할때 벽에 엉덩이위에 허리가 들어가는부분도 벽에 닿일정도로 기대라는데 어렵네요,재활의학과
76,불안장해 해결,불안장애가 계속있고 려 위치가 어디있어야할지모루겠도 굼도잘안수어지고 힘들어요 도아주세요,재활의학과
77,손 목 인대 늘어난 경우,제가 손 목 인대가 늘어난지  개월 정도 넘어갑니다 종종 물리치료도 받고 있는대 계속 아파 언제 쯤 나을지 걱정입니다  손 목 인대가 늘어낫을 경우는 몇 일정도 잇어야 나을까요 ,재활의학과
78,수술말고 재활치료가능한가요 ,두달전 사고나서 깁스하고 풀었는데 사진처럼 뼈가 튀어나왔네요  엄지손가락 주위로 크고작은 경련이 오고 손목이 좌우앞뒤 움직임이 불편해서 병원진료를받았는데 현지의사는 수술을 권유하네요 외국거주중  그냥 한국들어가서 물리치료하면서 재활하면 어떨지 궁금합니다  수술은 튀어나온 뼈를 처리 하는 수술이라네요    ,재활의학과
79,병원 가야할까요 ,운동 안 하는데  어제 살 빼려고 한계까지 했다가 오늘 근육통 허벅지쩍이랑 엉덩이쪽에 다 왔어요  앉는것도 일어나는것도 힘들어요  허벅지 안쪽을 누르면 엄청 아프고  오른쪽은 좀 괜찮은데 왼쪽이 엄청 아파요  근육이 늘어지는거 같아요   병원 가야할까요    제발   시간 있다가 학원 가야하는데 너무 아파서 그래요  어머니께 말씀 드렸는데 그냥 가라고 하시네요 ,재활의학과
80,두달전 사고나서 손목골절이 돼었습니다  지금은 깁스를 풀어서 사진처럼 뼈가 튀어가오게 붙었네요 엄지손가락이 크고작은 경련이 수시로오고 손목 움직,두달전 사고나서 손목골절이 돼었습니다  지금은 깁스를 풀어서 사진처럼 뼈가 튀어가오게 붙었네요 엄지손가락이 크고작은 경련이 수시로오고 손목 움직임이 예전처럼 움직일수가 없네요 제가 외국 거주중이라 여기 의사들은 수술을 권유 합니다 혹   한국에서 재활치료가능한가요 ,재활의학과
81,십자인대재건수술 후,인대를 고정하는 핀을 박았습니다  이게 핀 때문인지  아직 붓기를 덜 빼서 그런 것인지 핀이 있는 쪽 무릎 체온이 다른 살과 차이가 심하다고 느껴집니다  좀 따뜻도 모자라 열이 나는 것 같습니다  자연스러운 것인가요  지금 타병원에서 입원하고 있는 상태라 매우 불안합니다   바로 의사쌤을 찾아봬야하는지   정확한 답변 부탁드리겠습니다   그리구 핀 박힌쪽인진 모르겠는데 오른쪽 무릎과 비교할 시 너무 튀어나와있는데 이 것도 핀 때문이라고 샹각하면 됩니까 ,재활의학과
82,아기때 뇌성마비 진단 성인때도 유지되나요 ,아기때 뇌성마비진단받고 장애등록 후      년 후에 괜찮아져서 장애등록취소하면 뇌성마비진단도 후에는 없어지나요   기록은 남겠지만 진단이 계속 성인때도 유지되는가해서요  없어지는건가요 ,재활의학과
83,척추신경 눌림 궁금합니다,고관절통증 심해서 신경재활외과를 방무하게 되었어요 액스레이 찍어 보시더니 척추 번  번 신경눌림과 관정통증이 심하다 하셔서 척추에 일주일에 한번씩 극소마취하고 에취라제 주사를 다섯번 맞았구요 이주동안 하루도 안빠지고 물리치료 열심히 받다가 저는 장애인 등록 되어서 실비보험 적용 안됩니다 해서 이제는 이틀에 한번씩 물리치료 받아요 척추주사치료 비용      원 물리치료는     원 저는 통증 증상이 방바닦에 오레 앉았다 몇발자국 걸으면 그때 통증 심하고요 오레 걸으면 굉장히 끊어질듯한 통증 있었어요 주사 물리치료 받고 약먹고 하니 끊어질들한 통증은 없어졌는데요 지금은 약간 뻐근하고 무거운 느낌 선생님께서도 굉장히 많이 좋아지셨다 하시고 다 나은것처럼 그러다 나중에 다시 아플수 있다 하셔서 저는 더이상 경제적으로 힘들어서 병원 다니는걸 이즘에서 멈추고 유트브 보고 스스로 운동하고 자세신경 쓰고 아무튼 그렇게 하고픈데 그래도 될가요,재활의학과
84,허리 아플때 바닥에서 일어나는 방법,침대에서 일어나는 방법은 많은데   바닥에서 일어나는 방법은 없더라구요    병원에서는 근육이 놀란것 같다고 하셨고 오른쪽 다리가 저려요 일단 어떻게든 뒤집었는데 살려주세요 못 일어나겠어요,재활의학과
85,중풍재활치료 받으면 후유증으로 인한 인식장애도 개선이 가능할까요   강남   대후반 남 중풍재활치료 ,아버지께서 중풍재활치료를 권장받으셨습니다   보통 중풍재활치료 하는 곳에서 운동재활 위주로 하는 것 같아서요   아버지께서 인식장애도 있으신데  이런부분도 치료받으면 개선이 가능한지 궁금합니다   미리 답변 감사드립니다 ,재활의학과
86,쇄골뼈 뒤틀림 튀어나옴 ,올해 중 인데요 왼쪽 목아래에 있는 에 있는이 튀어  나와있어요  통증은 아예 없어요  욱신거리지도않고  찌릿거리지도않아요  부모님하고 같이 병원을 가봤을땐 의사쌤도 통증도 없고 그냥 뼈만 나온거니 좀더 지켜보고 오라하셨어요  뼈 어떻게해야하죠 ,재활의학과
87,무리한 운동 후 다리가 이상해요,이틀전에 스케이트를 조금 무리해서 타고 왔습니다 그날 저녁부터 왼쪽 다리에 힘이 들어가긴 하는데 움직이면 제 기준으로 다리 최상단에서 오른쪽부분 근육이 너무 아프고 눕거나 앉아서 다리를 들지 못하고 있습니다 문제는 잠을 자고 일어나도 나아지는게 없어요 걸어다니는것도 많이 불편한 상태입니다 단순 근육통이라고 보기에는 증상이 너무 심한거같아요 평소에 운동을 안하는것도 아닌데 당장 통증을 완화할 방법 없을까요,재활의학과
88,종아리 위쪽 장딴지  통증과 엄지발가락 발등 통증 이거 연관되어 있나요 ,어느 순간부터 오른쪽 종아리가 아프더니 강한 운동 축구  농구 을 하거나 그러면 더 아프고 아빠다리를 했을 때 조금만 오래하고 있으면 종아리가 쑤십니다  가끔 세게 뛰거나 공을 찰 때 발등에도 통증이 있습니다  왼쪽 다리는 멀쩡한다 오른쪽 다리만 이러니까 궁금하네요   ,재활의학과
89,오른쪽 다리가 살짝 비뚤어졌는데,제목 그대로 오른쪽 다리가 그냥 서있을 때      시 방향으로 있는데 찾아보니까 골반에 문제가 있을 수 있다고 해서 집에서도 재활할 수 있는 방법 있나요  ,재활의학과
90,풀업 불균형 질문입니다 ,왼쪽 견갑골이 더 잘빠지는데 광배는 오른쪽이 더 크고 운동시 자극도 더 잘옵니다   년정도 운동했는데 너무 스트레스 받습니다  혹시 고칠 수 있는 방법 있을까요  운동전 스트레칭은 루틴화 되어있습니다  폼롤러 땅콩볼 스트레칭 밴드 까지 매일매일 동일하게 근육 풀어줍니다  ,재활의학과
91,자세교정 최대 성장키 질문,거북목  굽은등  허리   척추  골반   다 상태가안좋을때  최대로피면  최대 몇cm까지 커진 사례가 있나요 ,재활의학과
92,경추성 두통을 겪고있는것같은데 이런 경우 어떻게 해야하나요,평소에 거북목을 앓다 관리를 그래도 어느정도 해서 조금 나아진 환자입니다   근데 어느날부터 갑자기 머리를 베개에 대고 누우면 후두하근쪽이 불편한 느낌이 들면서 왼손이 주로 저려요    한  주정도 관리하고 운동했는데도 나아질 기미가 안보이네요  이런경우 대학병원까지 가서 검사를 받아야하나요    MRI찍고 돈 엄청 꺠질까봐 걱정되네요     그래도 정밀검사를 받는 편이 나을까요  아니면 스트레칭 운동을 통한 재활을 좀 더 해보는것이 나을까요   ,재활의학과
93,코골이 원인,  대 여자입니다 저는 살면서 가끔 피곤하다 싶을때만 코골이를 한 적이 있지만 대체적으론 조용히 자는 편이었습니다 하지만 최근 코골이나 자다가 숨을 안쉬고 있다는 느낌이 들어서 깬 적이 몇번 있어요 밤새 코를 고는 것 같지는 않은데요 코골이가 거북목이나 자세가 바르지 않으면 더 심해지나요   최근 체형이 변했다고 느낍니다  아니라면 나이가 들면서 코골이나 무호흡이 생기는 이유는 뭘까요 ,재활의학과
94,시장바구니에 무거운물건실어서 계단턱올라가다가 쇠로된 봉에오른발 발등을쿵 부딪쳤는데요 금방부딪쳤을땐 빨갛다가    시간지나서 보니멍이조금 살짝부은,시장바구니에 무거운물건실어서 계단턱올라가다가 쇠로된 봉에오른발 발등을쿵 부딪쳤는데요 금방부딪쳤을땐 빨갛다가    시간지나서 보니멍이조금 살짝부은듯한느낌있어보니 부었더라구요 콕콕 쑤시는느낌도있어요 ,재활의학과
95,오다리 교정하면 키,오다리 교정하면 평균적으로 몇센치 커지나요 ,재활의학과
96,오른쪽 옆구리 통증 뭘까요  자세히 상담 부탁드려요,맹장인지 궁금하네요     증상은 배꼽기준으로 오른쪽    cm 부근에 통증이 있고 오른쪽 갈비뼈와 골반쪽에 통증이 있습니다 배가 아픈건   일정도 된거 같고요 갈비뼈와 갈비뼈뒷등쪽통증은 좀 더 된거 같습니다 갈비뼈와뒷쪽 통증이후에 배쪽이 아팠습니다 그리고 그전에 허리를 좀 다쳤는데 그거랑 연관된 통증으로 생각하고 마사지만 지속적으로 해왔습니다  통증은 갈비뼈쪽은 화끈화끈  그런 느낌이 들어서 눌러서 마사지 해주면 괜찮아집니다 배쪽도 욱신거릴때 눌러 마사지 해주면 좋아지고요  병원은 집근처  번갔는데 맹장은 아니다라고 하시고 처음엔 대상포진   일수도 있다고 처방해 주시고 민감해서 신성쪽  아무튼 신경문제라고 생각하시는거 같더라고요 지속적으로 아프면 대장내시경을 해보라는데 맹장은 아닌거죠  처음보다 통증 이 심해진건 없는거 같은데 주기가 좀 빨라진거 같은 느낌이 드네요 그쪽으로 신경을 써서 그런건지   변도 잘보고 설사도 없고 밥도 잘먹고 딱히 아프기 전하고 달라진건 거의 없습니다 왼쪽이면 별신경 안쓰이는데 오른쪽이라 자꾸만 신경이 쓰이네요 걱정이네요 혹시나 큰 병은 아닌지  그리고 통증이 지속되면 어느 과목 쪽 병원을 가야하는지도 알고 싶습니다 내과쪽 병원을 가야하는지 ,재활의학과
97,코로나 양성인데 자가격리 언제 풀리는지아시나요  ,자가격리가 언재쯤 풀리나요   저가 중학생인데  월 일에 개학을 하는데 그전에 자가격리가 풀리나요   그리고 만약 자가격리가 안풀리면 학교는 안가나요  ,재활의학과
98,손가락 인대 튀어나옴 ,인대 재건술을 하고 난 후 재활 훈련 중인데요 굽혔다 피고 나면 표시한 부분에 얇은 줄  같이 생긴 부분이 튀어나옵니다  다른쪽 손은 안그러구요 재건한 부분은 표시한 부분이 아닌 더 안쪽 관절입니다  만져보면 툭 튀어나온 게 느껴지기도 하고 만지면 다시 들어가기도 합니다   재활 훈련 할때만 튀어나옵니다 문제 없는 거겠죠 ,재활의학과
99,내공     옆쪽 턱이 아파요 급합니다,안녕하세요   살 여자입니다 요즘에 갑자기 옆쪽 턱 이 너무 아파요 전엔 안 그랬는데 추운 데 있다오면 근육이 놀라서인지 되게 뻐근하고 뚜둑거리는 소리 났는데 따뜻한 곳에 있으면 괜찮아 졌거든요   근데 어제부터 갑자기 엄청 아프더니 따뜻한 걸 대고있어도 안 나아지고 양치 하거나 밥 먹을 때 입을 조금이라도 크게 벌리면 뚜둑뚜둑 하면서 너무 불편하고 아파요    충치가 있는것도 아니고 어디 부딪힌 것도 아닌데 전에 한 번 뚜둑 크게 소리나더니 그 이후로 계속 이러네요 혹시 원인이나 임시방편 같은 거 알 수 없나요  ,재활의학과
100, 월 일 정상등교인가요,새학기  주 이러는거 뭔소린지모르겟어서   정상등교에요  고 임다,재활의학과
101,발목부상,저는 오늘 오후에 발목에 핸드폰을 떨어트렸는데 치료를 해야 하나요 ,재활의학과
102,백신맞고 일후부터,백신맞고  일째되는날서부터 어지러워서 계속 진찰받고 약먹고잇는데 병원검사도 많이받앗어요 그런데 아무이상없다고하고 어지러움만심해집니다  일정도 됏고 아직도 계속 어지럽네요    앉앗다가설때 가만히 앉아있을때 누우면어지럽고 잘때도 고개를돌리면 어지러워요 누웟다가 일어설때 어지럽고 고개를숙이거나 뒤로젖히면 어지러워요 대체 이게무슨병인지 알고싶네요 백신맞고 저만이런건가요 아니면 다른사람도 이렇게 어지러운가요,재활의학과
103,가슴 운동할때 견갑이 왼쪽만 움직여요,체스트 머신  벤치 프레스 등등 가슴운동을 할때 견갑이 왼쪽만 움직여서 자극도 잘안오고 신경쓰이고 불편해요    일전부터 그런거 같은데 왜그런지 알수있을까요     팔굽혀펴기 하는 자세를 일어서서해도 견갑이 왼쪽만 뽑혀서 움직입니다 익상견갑은 아니죠    왜 그런지 알고싶네여 병원을 가야하는건가 아니면 스트레칭으로 전거근 강화를 해야하는건가 모르겠어서 물어봅니다  내공    이용,재활의학과
104,척추 휨 ,옆으로 누워있는 것도 척추가 휠 수 있나요   뒷목을 만져보니까 오른쪽으로 쏠려있는 거 같아서요 만약 그렇다면 척추 교정 운동좀 알려주세여,재활의학과
105,재활병원추천부탁드려요,안녕하세여   살 남자 입니다   교통사고로 인해 오른쪽 발목이 박살이 났어요    혹시 광진구 인근에 있는 재활병원 추천좀 가능할까요   입원가능한곳으로 부탁드릴께요 ,재활의학과
106,거북목 도수치료,제가 거북목 때문에 목이랑 어깨가 저리는것 같은데 도수치료 받으면서 자세를 처음부터 고치고 싶은데 거북목 어떤운동이 좋나요 ,재활의학과
107,거북목 예방에 좋은 운동법 알려주세요,등쩍 담이 자주 결려서 최근 병원에갔더니 일자목이 원인이래요   이대로 방치하다간 거북목이 될 수 있다네요  거북목 예방 일자목교정에 도움 되는 운동법 좀 알려주세요,재활의학과
108,경추때문에 하체에 통증이 심한 경우도,경추때문에 하체에 통증이 심한 경우도 있나요   발바닥 장딴지  심지어 허리까지 경추때문에 아플 수 있나요 ,재활의학과
109,법 조문에서 조문이 뭔 뜻인가요  ,   입니당,재활의학과
110,오른쪽 무릎통증,제가 무릎이 굽히거나 점프뛰거나 스쿼트할때 계속 아파서 병원에 가봤는데 초음파검사랑 엑스레이에는 전혀 문제가 없다고 하시는데  개월째 계속 좋아지지가않네요   체대입시생이여서 운동을 계속 하긴했는데  어떻게 해야하나요   운동을 쉰다면 얼마나 쉬어야할까요   ,재활의학과
111,무릎 딱딱 소리,제가 무릎에서 딱딱 소리가 나는데요 제가 지금 중  고 처음 소리 나기 시작한게 초     사이에요 처음엔 접었다 필때 가끔씩 소리가 났다가 몇년 지나니까 접었다 필때마다 계속 나고 다시 한동안은 가끔씩 나고 이렇게 반복되다가 지금은 또 거의 매번 접었다 피면 소리가 나거든요 통증은  년 반 전쯤 잠깐 아팠던 적이 있었는데 그때 이틀정도 살짝 아프고 끝났었어요 그 이후로는 가끔가다 일년에 한번 정도 진짜 미세하게 통증이 있긴한데 아픈정도는 아니고 잠깐 있으면 나아졌고요 그리고 계속 거슬려서 작년에 한번 병원 정기검진 가서 의사쌤한테 물어본적이 있었는데 그때 별거 아니라고 운동하면 된다고 하셔서 그런가보다 하고 일주일간은 매일 스쿼트   개씩    세트를 했었고 또 몇달 뒤엔 다시 운동을 시작했는데요 운동은 선수 준비하고 있어서 충분히 하고 있고요 주중  시간 a  주말  시간 반 a  아무튼 제 생각엔 운동을 안해서 소리가 나는건 아닌거 같아요 그게 원인이였다면 제가 운동 쉬기 전인  학년때 잠시 그만둠  초   땐 소리가 안났을테니까요 제가 무릎을 함부로 쓴거 같지도 않고 다쳐본적도 없어서 부상 때문 같지도 않고요 근데 계속 소리가 나니까 혹시 저도 모르게 다친건가 싶기도 하고 걱정도 되거든요 소리가 나는거에 무슨 이유가 있어서 그런걸까요  운동 같은걸로 안나게 할수 있을까요 ,재활의학과
112,경주에 꺽기운동 CPM있는 재활 물리치료 병원,무릎수술후 꺽기운동및 물리치료를 받아야 하는데 경주에서 받아야 할것같은데 꺽기각도운동하는 CPM기계가 있고 물리치료를 잘하는곳이 어디있을까요 ,재활의학과
113,헬스 후 백신 괜찮나요 ,헬스 끝내고 팔 뻐근한 상태로 백신 맞아도 되나요 ,재활의학과
114,코로나 격리해제 후 외출,제가   일 토요일에 검사를 받고   일에 양성 판정 받아서 저번주 금요일   시에 격리 해제가 됐는데  일 동안은 조심해야한다고 들어서요   일 수요일에 친구 만나서 밥먹으려고 하는데 괜찮겠죠  ,재활의학과
115,춤출 때 다리,춤 출 때 다리를   자 모양으로 하고 췄는데도 카메라에 찍힌 거 보니까 저 사진처럼 되어있더라고요       최근에 무릎이 계속 아프기도 했는데 저러고 춤춰서 그런 걸까요   ,재활의학과
116,퇴행성 관절염 군대 질문,올해 고 입시다 오늘 정형외과에 다녀왔는데 퇴행성 관절염이라고 선생님께서 말씀해주셨습니다  과거에 연골이 찢어져서 수술받은적 있습니다  심각하다고 하시던데 군대는 가는지 안가는지 궁금합니다,재활의학과
117,중학생도 등교 코로나검사 받나요,말그대로 코 쑤시고 학교가야하나오 ,재활의학과
118,어깨 살 뜯어진 기분 질문,아까 무거운 냄비통 하나 들고서 가다가 어깨 한쪽이 뜯어진 것처럼 아파지고 그다음에 저려오는데 이거 왜이러는 건가요 ,재활의학과
119,수동감시 해제,혹시 수동감시 해제 있잖잔아요 이거 혹시  일차나  일차 딱 되는날에 받아도 음성 나오면 바로 해제가 되는겁니까 ,재활의학과
120,이거 혹시 뼈인가요 ,척추뼈 같이 생겨서 문의 드립니다   Loading                  화질 선택 옵션,재활의학과
121,요양원 요양병원 어디로 가는게 더 좋을지 차이를 잘 모르겠네요   강남   대초반 여 요양원치료 ,뇌졸중 후유증을 앓고 계신 어머니를 요양원 혹은 요양병원에 모셔야 할 것 같아요   가족들이 돌봐드리기 힘든 상황이라서요   그런데 요양원 요양병원 중에 어디를 선택해야할지 잘 모르겠네요   요양원  요양병원 차이 알려주심 제가 선택하기 쉬울 것 같습니다 ,재활의학과
122,군대 장애등급 재심사,안녕하세요 요번에 의무심사를 받고  급 전역판정을 받고 전역한사람입니다  장애등급을   급 판정 받았습니다  원래 왼쪽 평발 수술을 했고  오른쪽도 평발이지만 통증이 없어서 수술을 하지 않았습니다  병무청에서는 저의 왼발 오른발 엑스레이를 찍고서는  급 판정을 받아 저는 현역 입대를 했습니다   이후 훈련소에 서 훈련 중 왼발을 다쳐 왼발 깁스를 했었고 왼발에 깁스를 한 후 오른발에 의지하며 걸어서 그런지 오른발도 조금씩 통증이 시작되었습니다  그 후로 저는 자대에 왔고 자대에서 훈련을 다 받았습니다 점점 오른발이 좋아지지 않았고 군병원에 갔었습니다 군병원에서는 처음에는 오른발 평발때문에 그런거다  약 처방을 해줬고 계속 아파서 또 갔을 때에는 평발 깔창을 해줬습니다   이후로도 통증이 더 심해져 병원에 가서 mri 검사를 요청을 했고 Mri 결과는 제 연골이 다 찢어져 있다고 연골골연병변으로 전역해야하고 수술이 필요하다고 했습니다  전역 이후 저는 지금까지도 통증이 심해지고 있으며 수술을 기다리고 있습니다 오른발 통증때문에 무릎에도 무리가 가서 무릎도 점점 아파지고 있습니다   민간병원에서는 이거는 손상이 너무 심해서 엑스레이 상으로도 보였을건데 입대를 어떻게 했는지 의아해 했습니다  군병원에서는 제가 원래 있던 병이라고 했었고  하지만 저는 이런 병이 있는줄 군대와서 처음 알았고 아팠던 것도 군대 와서 다친 후 입니다   제가 여기서 궁금한 점은 제가 만약 원래 있던 병이라면 병무청에서 발견 못한 잘못아닙니까  그리고 원래있던 병이 아니라면 군대에서 제 다리가 이렇게 심해진건데 장애등급   급이 조금 제 생각으로는 이해가 되지않아서 이렇게 질문 남겨봅니다,재활의학과
123,자세교정 스트레칭 질문,성장끝난 학생인데 자세교정을 해서 키를 키우려고 하는데 매일 꾸준히 자세교정 스트레칭을 하면 공부할 때만 자세 구부정해도 키가 클 수 있나요    공부할때는 거북목 자세가 너무 편하고 자세 바르게 할려고 노력해도 다시 원위치로 돌아와서요   그리고 자세 바르게 하는거에만 신경을 쓰면 공부 집중도 안되구요 키는 정말 크고싶은데  ,재활의학과
124,골반좌우균형 원리  공부중 ,오른쪽 골반이 전방경사 되서 무게가 앞으로실리고 왼쪽골반이 후방경사 된경우   왼쪽 발아치를 무너뜨려서 몸을 돌리려고하고  왼쪽어깨를 앞으로밀면서 왼쪽어깨가 상승하는거 맞나요   그러면 좌우 중둔근은 어떻게영향을 받나요  ,재활의학과
125,저 약간   안면인식장애가 있는거같아요,막 심하진않아요 가족얼굴 구분할 수 있구요  근데 처음보는 사람들 있잖아요 한  개월동안은 걔가 걔인거같고 특정 얼굴들을 구분못해요  지나고나면 비슷하게 생긴것도 아님  익숙해지면 너무괜찮은데 그 초반이 너무힘들어요 한달정도    거의구분못하고 찍어서 맞추기도하고    이런경우도 안면인식장애예요   ,재활의학과
126,허리 통증,허리에 통증이 있는데 허리강화 운동중 브릿지 말고 다른건 없나요  최대한 맨몸 운동으로요,재활의학과
127,견갑상 신경 포착 증후군,안녕하세요 원장님  선생님기사를 보고 이렇게 찾아 문의드립니다  어머니께서 현재 다른 정형외과  한의원에서 주사를 맞아도  개월이상 겹갑골 주변이 통증이 없어지지 않습니다  병원에서는 견갑배포착증후군이라고 하는데 다른 치료방법이 있을까요  스테로이드 주사를 맞아도 통증이 그대로라서 도수치료  근력운동  마사지 모든 방법을 동원했는데도 나아지질 않습니다  혹시 다른 방법이 있을까요  저 병명이 맞는지 조차 모르겠습니다  ,재활의학과
128,햄스트링 파열 상태에서 폼롤러,햄스트링 파열 된 상태에서 폼롤러로 마사지 해도 괜찮을 까요  더 악화되는건 아닐지 생각되서 질문드립니다 ,재활의학과
129,골반 측굴,보통 골반 측굴에 대한 정보를 찾아보면 가만히 있던 골반이 높아진 것을 기준으로 설명을 하시더라고요 근데 저는 한쪽만 내려가 있다는 진단을 받았습니다  내려가지 않은 쪽은 아주아주 멀쩡해요  의사선생님이나 저나 원인으로 생각하는 건 근력 문제인데 정확히 어딜 운동해야 하는진 설명 안 해주셨어요  내려가 있는 골반을 올리기 위해  해야 하는 스트레칭이나 운동을 알려주세요 ,재활의학과
130,오른쪽 무릎 뒤쪽 근육 걸리는 느낌,운동하기 전에 스트레칭을 할때 이렇게 스트레칭을 할 때가 있는데 저 상태에서 굽으렸다가 피는거 외에도 쭉 피고 옆으로 기울일때도 오른쪽 무릎 뒤쪽 근육이 걸리는 느낌이 듭니다 ,재활의학과
131,관절 건강하기,열손가락은 물론이고 발가락 목 어깨 팔꿈치 무릅 팔목 발가락 발목 등등 그 똑똑 소리가 나요   이소리를 안내면 먼가 뭉쳐있고 굳어있는 늑힘    특히 목이랑 어깨가 심함   그래서 가만히 앉아있지를 못해요     몇분마다 안해주면 진짜 너무 기분별로예요 원랜 신경 별로 안썼는데 가만히 있질 못하는게 너무 불편해서 어떻게 고쳐요 ,재활의학과
132,올해   살인데요    요즘 밤마다 다리관절이 뻐근해요,다리쪽 느낌이 이상하고 발목 돌리면 뚜둑뚜둑 소리나고 느낌도 나요   발가락도요 근육도 뻐근하구요   왜 이런 걸까요,재활의학과
133,전방십자인대파열 재건수술 의무조사,제가 군병원에서 전방십자인대파열이 많이손상됐다 하여 수술적 치료가 필요하다고 진단받았습니다  그래서 지금은 민간병원에서 재건수술을받고 입원중에 있으며  월 일 복귀입니다  이제 여기서부터 궁금한점이 있어서요   일단 전방십자인대파열로 재건수술한 경우 의무조사 대상자로 알고있으며 찾아보니  급이 나온다했는데 아직 잘모르겠으며   부대 복귀전 전화로행보관님한테 먼저 의무조사를 받고싶다고 입원하고싶다고 해도되는지 아니면 부대복귀후 의무조사에 대하여 말씀드려야됩는건지요   의무조사 절차는 어떻게 되는지 궁금합니다 ,재활의학과
134,다이어트 의욕,저는 짝사랑하는 사람 고백하고 차인적이 없어서 의욕이 안납니다 최근에는 BMI 지수를 낮추기 위해 운동을 했지만 그마저도 안하니 의욕이 안납니다 뭔가 확 의욕이 날 수 있는 법이 없을까요 ,재활의학과
135,의료 시설에 대한 질문,의료 시설에 대한 질문 실내 인테리어 관련 학과에 재학 중 인 대학생입니다  졸업 설계로 노인 분 들을 위한 시설을 디자인 중에 병원 시설도 포함하게 되었는데  필요로 하는 시설이 무엇 인지에 대한 어려움이 있어 질문 드립니다      공간의 한계로 인해 노인 분들에게  가장 필요할 것 같은 과목으로 내과와 재활의학과로    설정했는데 적절한가요      복지관에 포함되는 소규모 의료 시설인데  재활의학과와 내과에서 무엇을 어떻게 진료    하는지 잘 몰라서 고민입니다        관련 논문이나 이미 있는 시설 중 대형 병원 자료를 공부해서 진료실 외에      X ray실  요류동태검사실  심전도실  근전도실  골밀도실  초음파실  임상검사      실 각종 창고 정도를 시설에 포함했습니다  공간에 제약이 있어서 최소한으로 줄이고       싶은데 위의 시설 혹은 그 외에 꼭 필요한 시설과 소형 병원에는 어울리지 않는 시설          이나  없어도 되는 시설이 있는지 궁금합니다            X ray실  요류동태검사실  심전도실  근전도실  골밀도실  초음파실  임상검사        실 각종 창고를 필요한 시설로 찾았는데 공동으로 사용할 수 있는 것이 있나요           ex  진료실에서 심전도 검사를 할 수 있음     다른 도면을 공부하다가 오염 처리실이 있던데 이것은 꼭 필요한가요     필요하다면 동선 상 어느 쪽에 위치해야 할지 궁금합니다     ex  간호사가 편한 동선    진료실 근처,재활의학과
136,의료급여 종 수급권자인대요 어깨수술비용관련해서 질문합니다,  주전쯤에 계단에서 발을 헛딛어서 굴렀습니다  다른 부위는 다 통증없어지고 좋아졌는데    오른쪽어깨가 계속 말썽이내요  팔이      도도 안올라 갑니다    정형외과 의원에서는 뼈에 이상은 없다고 하구요  주째 물리치료 받고 있는데   여전히 팔이 안올라 갑니다    물론 MRI사진을 찍어 봐야 정확한 진단을 할 수 있다는대요    재수없으면 수술도 각오하라고 하시내요      의료급여 종인데 MRI 찍으면 얼마나 비용이 드는지          만약 회전근계 근육  파열일 경우 접합수술비용은 대략 어느정도 일지          만약 어깨 인대가 끊어진 경우라면 수술비용은 대략 어느정도 일지       물론 상태에 따라 수술비가 다르겠지만 현재 이렇게 키보드 두드릴정도는 됩니다    대략적인 비용을 알아야 준비를 할 수 있어서요      의료급여수급권자이면 수술비가 더 적게 나올 수도 있는지       현재 경제적 어려움을 겪고 있어서 이렇게 질문합니다   답변부탁드려요    ,재활의학과
137,관절 소리 통증 팔꿈치 헬스,턱걸이시 위로 수축할때 오른쪽팔꿈치에서 소리가나고 라잉 트라이 셉스 익스텐션 할때 바벨을 머리듸로 내릴때 소리가납니다 그리고 과하게 하면 통증이 있습니다 원인이 무엇일까요 자세를 최대한 신경쓰고있고 전완근이 타이트해 뚝뚝 소리가 나는걸까요   한팔을 위로 들고 팔꿈치를 눌러 삼두를 풀어주는 스트레칭을 할때도 뚝 소리가 나더라구요 근육이 뭉쳐서 그럴까요  ,재활의학과
138,새끼손가락 골절수술후 재활,안녕하세요 제가 두달전쯤에 새끼손가락이 심하게 다쳐서 수술하고 핀을 두개 박고  주동안 깁스하다가 의사선생님이 뼈는 다 안붙었는데 계속 깁스하면 손이 굳는다고 철심이랑 깁스를 풀었습니다 의사선생님이 뼈는 안붙었지만 재활운동 혼자서 조금씩 해야한다고 했는데 아직 새끼손가락이  배로 퉁퉁부어있고 그냥 만져도 아파요 손은 구부려지지않고요 어떻게 해야하나요 ,재활의학과
139,국군 수도통합병원에서 골연골병변 수술,곧 골연골병변에 대해서 연골 이식 수술을 받으려고 합니다 그리고 재활까지 받으려고 합니다  대학병원같은 민간 병원에서 받는게 좋을지 수도통합병원에서 받는게 좋을지 조언 부탁드립니다  민간병원이라면 어떤 병원의 어떤 의사선생님으로 받는게 좋을지 조언부탁드릴게여,재활의학과
140,갈비뼈통증,양쪽 갈비뼈를 누르면 아파요 심하지는 않는데  어제 운동 그렇게 안 하고 누워만 있다가 플랭크를 좀 했는데 그거때문에 그런가요 ,재활의학과
141,사람이 쓰러졌을 시 대처요령에 대해 질문하고 싶습니다 ,이전에 할머니께서 쓰러지신 적이 있었는데  그에 따라 저도 대처 요령을 알아둬야겠다는 생각이 들어 이렇게 문의를 해봅니다   심폐소생술의 경우  쓰러진 사람이  호흡이 없을 경우 에 실시하라고 학교에서 배웠습니다   그런데 만약 쓰러진 사람이  호흡은 있으나  의식이 있는지에 대한 확신이 들지 않는다면  어떻게 대처해야 할지 여쭤보고 싶습니다   항상 답변해주시는 분들께 감사의 말씀 드립니다 ,재활의학과
142,후방십자인대파열,제 나이는   살이고   년   월 축구하다 다쳐서 병원 가서 mri 찍어보니 후방십자인대 파열과 외측측부인대 파열 진단 받았습니다  근데 의사 소견에 의하면 수술안하고 자연적으로 치료가 된다고 하더라구요   그래서  주 깁스 한뒤에 무릎 가동범위 나오는 기계로 가동범위는  주만에    프로 복구 했구요  그런데 다른 글을 좀 찾아보니까 저처럼 측부인대 파열이동원되는 경우에는 수술을 진행할 가능성이 높다는데 이렇게 진행돼도 괜찮을까요  지금은 깁스 푼지 정확히  달 지났구요  지금은 스쿼트 런지 계단 오르기 조깅 이런 운동할때도 전혀 통증이 없고 일상생활에도 전혀 지장이 없습니다  근데 깁스 풀고 허벅지 근력 차이가 있어서 맨몸운동으로 허벅지 근력 운동 하고 있구요  위에 말 한것 처럼 저런 운동을 해도 될까요   내공    입니다 ,재활의학과
143,제가 코로나 양성판정을 받아서 격리를 하는데 격리해제후에 만약 부모님이 저로 인해 잠복기를 격다가 양성판정이 나오셨어요 그럼 저는 일단 격리가,제가 코로나 양성판정을 받아서 격리를 하는데 격리해제후에 만약 부모님이 저로 인해 잠복기를 격다가 양성판정이 나오셨어요 그럼 저는 일단 격리가 해제되서 외출을 할수있는 상태인건데 혹시 그럼 제가 부모님에 바이러스를 다른 사람들한테도 옮길수있나요  ,재활의학과
144,부산 세흥병원 재활치료과 번호,알려주세요   도수치료 예약하려는데 번호를 못 찾겠네요,재활의학과
145,중학교  학년인데,      인데 허리가       인치고 골반이   이에여  골반 커지는 법 없을까요    어깨는 또   센치라          월달에 태어나서 성장이 느린거라고 생각하고잇어요    제발        커지는 음식이나 운동 추천 좀      ,재활의학과
146,도수치료사취업,도수치료사를희망하는데 어느병원에가야 더잘배울수있을까요   종합병원에가야하나요 도수치료실 운동치료실있는 개인병원이유리하나요,재활의학과
147,발목  발등  사이가 아파요,그전에도 같은 부위가 아파서 병원에 가봤더니 이상은 없다고 하셨는데 요 며칠 운동을 다시 시작하고 나서부터 발목과 발등사이  어딘가가 계속 아파요 발목을 사용하거나 걷을 때 땡기는거 처럼 아프고 위아래로 움직이면 우지끈 소리가 계속 나는데 왜그런지 아시는 분 답변부탁드릴게요   ,재활의학과
148,평택 시청 코로나 검사 비용,경기도 평택 시청에서 코로나 검사 비용있나요  ,재활의학과
149,어깨가 쳐졌어요,어깨가 약간 앞으로 쳐졌다해야하나 심각한건 아닌데 날개뼈가 보여서요 운동으로 쳐진 어깨를 다시 활짝 핀것처럼 바꿀수있나요 남자입니다,재활의학과
150,재활 병원 비용 질문,Cmt라는 신경병으로 현재 장애 등급을 받은 상태입니다  재활 병원을 다니지 않고 살아오다 몸이 급격히 안 좋아진 것 같아 재활 병원을 다녀 볼 생각입니다 세브란스를 갈 생각인데 어느 정도가 나올까요 입원은 하지 않습니다,재활의학과
151,비접촉 사고 질문드립니다, 차선이였고 제 신호 잘 받고 직진 중 이였습니다  속도도 시속       남짓이었고 잘 가던 중  뒤에서 쿵쿠아 각  소리나서 백미러로 보니  오토바이가 넘어졌더라구요   추측이건데 제 속도가 답답해서 좁은 오른쪽으로 치고 가려다가 결국 넘어진 것으로 보이는데  제 과실 비율이 있을까요   전 이미 꽤나 멀어진 상태에서 확인했고 과실은 전혀 없을 것으로 생각되어 그냥 갔습니다  아래 사진 예시입니다,재활의학과
152,발등 연좌  ,  일 저녁  시 쯤에 제가 잘못한게 있어서 무릎꿇고몇분간 혼나다가 일어섰는데 다리에 피가 안통해서 컨트롤을 못해 그대로 발목부터 해서 앞으로 뚜득뚜득 소리나면서 넘어졌고 지금 좀 부은거같아요  오른발은 붓지는 않았는데 걸을때 조금 아픈정도고 왼발은 지금 못걸을정도로 아프고 주변에있는 벽 짚고 질질 끌어야 앞으로 나아갈수있는데 이거 연좌인가요 ,재활의학과
153,임신  주차 배 통증,이제  주차 인데요 배가 막 심하게 아픈건 아닌데 살짝살짝식 땡기고 그러는데 원래 그러는건가요  그리고 옆으로 누워 있을때 배 느낌이 이상한 느낌 을 받는데 원래 극초기에 그런건가요   ,재활의학과
154,안자있거나 누우면 허리가 더 아픈이유,누워있으면 허리 다리랑이어지는부분이 너무아프고 안자있을때도 허리에 통증이심해 안자있을경우 허리가 얼얼하단느낌 서있을경우 다리가 저린거같은 느낌 이들어요 허리아프면서 열도          까지 올라가고 수요일  월  일 우리아기 어린이집 확진으로 검사결과 양성으로나왔는데 자고일어나니 온몸이 아프고 몸살기에 허리통증이 심해졌어요 작년    월에 교통사고나서 입원한경력도있는데 디스크인지 코로나인지   지금힘든건 허리통증 아기날때 진통수준  치과마치깨는얼얼하는낌이지만 통증을느낌  끄너질거같은 잘때 자세바꾸다 다리골반통증으로 잠도깸 다리가 잘못끼워진느낌,재활의학과
155,체형 불균형 골반 틀어짐 척추측만증,안녕하세요 제가 체형이 좀 불균형인것 같은데 어떻게 된건지 정확하게 모르겠어서 질문 올립니다 갈비뼈 오른쪽이 튀어나와 있고 행잉레그레이즈할때 오른쪽 고관절에서 뚝뚝 소리가 나고 불편함이 느껴집니다 왼쪽 얼굴이 쳐져있고 넓어진 느낌이고 가끔 오른쪽 턱관절에서 귀 밑  딱 딱하는 디스크 소리가 납니다 치열은 아랫니가 오른쪽으로 조금 치우쳐져 있고 자연스레 움직이다보면 티셔츠 목 부분이 오른쪽이 많이 드러나게 됩니다  제가 느끼기에는 오른쪽 골반이 앞으로 나와있는거 같고 상체는 왼쪽 어깨가 앞으로  위로 나와있는거 같은데 이럴 수가 있나요  원인은 뭐고 치료는 어떻게 해야하나요   얼굴 좌우 짝짝이가 점점 심해지는 것 같아서 걱정입니다,재활의학과
156,궁금해서요,저희언니가  월달이면 뇌경색 년입니다 왼쪽 편마비구요 재활병원에 있었는데  년 다 돼갈쯤 전환해야 한다하더라구요 작년  월에 지금있는 재활병원으로 옮겨습니다 근데 며칠전에 전화와서 전환해야한다고 하더라구요 요번달 말일까지 재활병원은 입원이힘들고 재활요양병원으로 알아보라고 하더라구요 옮겨야하는 이유가 뭘까요 ,재활의학과
157,일자목 수건 운동으로 교정 가능할까요 ,일하다보니 저도 모르게 일자목이 됐네요   병원에서 수건 운동 추천해주던데 이것만으로 일자목 고쳐질 수 있을까요  더 심해질까 걱정이에요  ,재활의학과
158,발목인대 수술,중학교때 학교 담넘다가 돌밟고 착지해서 병원 갔었는데 인대가 붙어있는 뼈가 떨어져나갔다고 했는데 수술안했습니다 최근에 걸을때 발목이 아파서 병원에 가보려하는데 이경우 인대봉합술을하나요 재건술을하나요  군대신검에서는 몇급이 나올까요 ,재활의학과
159,도대체 이런 기분이 왜 드는거죠 ,기지개를 피고 그러면 핑 돌면서 휘청거리고 마약한 것같은 기분이 들어요  아까도 가슴을 앞으로 내밀면서 뒤에 뼈를 스트레칭 했는데 목이랑 척추뼈에 우드득 소리가 나면서 옴몸에 이상한 기분이 들면서 기절할 것 같았어요  정상맞나요 왜 이런지 알려주세요    ,재활의학과
160,발목골절 졸업,안녕하세요 작년  월말에 복사뼈 골절로 금속정   개 핀  수술하고 올해  월  일에 뼈가 깔끔하게 붙어서 제거했는데 곧 금속제거  달차인데 원장님이  달만 조심하면  뼈 강도는 상관없고 수술로 찢은 근육 회복 기간이라고 하심  그 이후론 산악구보  축구 농구 아무거나 해도 상관없다고 하셨는데 뼈에 구멍뚫려있어서 조금 무섭네요    군생활중이긴 한데 지금은 구보를 뛰어도 왼쪽 발목과 마찬가지로 통증은 없긴한데 또 부러지진 않겠죠   ,재활의학과
161, 일 이후 전파력,제가 코로나 양성 판정을 받아서 그 후로부터  일 차인   일   시에 격리가 풀립니다   일 이후에는 전파력이 없는 게 맞는 건가요  제가   일 오후에 바로 기숙사에 입실해야 하는데 걱정 돼서요 미룰 수가 없고    그래서요,재활의학과
162,상체 눈바디,상체 보기에 날씬해보이나요    평균처럼 보이나요   통통해보이나요   뚱뚱해보이나요   ,재활의학과
163,다리 엄청 아픔,제가 평범하게 누워있다가 왼쪽으로 돌았는데 갑자기 왼쪽다리에서 뭔 뼈소리가 나면서 갑자기 다리를 필려고 하면 다리 접히는부분이 엄청 아프더군요  그래서 다리를 피질 못하고 있었어요  영화에서 본것처럼 뼈가 어떻게 된건가 해서 엄청 왼쪽다리 옆부분을 때리기 시작했습니다  그러다가 어쩌구 저쩌구 하다보니 다리가 이제 펴지더군요  이제 뭔지 왜 일어난건지 알고싶습니다,재활의학과
164,뼈가 이렇게 뿌사졌는데 실기 시험이 한달도 안남아서 손 다친 채로 운동을 계속 하고 있는데 나중에 실기 치고 수술 해야할까요 ,뼈가 이렇게 뿌사졌는데 실기 시험이 한달도 안남아서 손 다친 채로 운동을 계속 하고 있는데 나중에 실기 치고 수술 해야할까요 ,재활의학과
165,견갑골 어깨,제가 현재 몸의 중심을 잘 잡지 못하고 몸이 왼쪽으로 자꾸 돌아갑니다 재활 선생님이 오른쪽 어깨가 과도하게 말렸다고 합니다 두팔을 옆으로 벌려 돌리기 동작을 하면 잘 돌아가지도 않고 오른쪽팔을 앞 위 뒤 이렇게하면 팔이 구부러진상태로돕니다 잘돌아가지도 않아요 통증은 재활할때있고 재활선생님이 어깨를 집어넣을때 소리가납니다 떨꺽 거리면서 통증도 살짝 있구요 깍지끼고 뒤로잡으면 어깨가 오른쪽만 엄청 튀어나오구요 국민체조처럼 위 옆 앞 이동하면 왼쪽견갑에서 뼈가 걸리는기분이구요 이거 수술해야할까요  척추측만  도있어요 지금까지 살면서 불편한적 없었는데 보행장애가 오면서 몸을 비틀면서 걷게 되고 그러면서 견갑이 아파서 오른쪽 손을 뒷짐지고 걸은적이 있습니다 보행장애 였어서 온몸에 힘이들어간 상태였구요 그러면서 견갑이랑 어깨 척추까지 다 꺽인기분이고 실제 평생을 왼쪽 갈비뼈가 나온체형이였는데 지금은 오른쪽 갈비 튀어나오면서 압축되서 호흡이 힘들어요 측만증 과 어깨수술 해야할까요 ,재활의학과
166,한방병원 발목인대파열 입니다 ,아직 mri는 찍지 않았는데 정형외과에서 수술권유하는데 직업상 수술 불가능해서요   혹시 한방병원에서도비수술로 발목인대파열 치료 가능한가요 ,재활의학과
167,비골신경마비  족하수 풋드랍,아빠가 중환자실에  주  일반실에서  주일 계시다가 퇴원하셨는데 풋드랍 증상이 생겼습니다 재활의학과에 가니 비골신경문제로 보인다고 근전도 검사를 예약해두었습니다 족하수 증상에 좋은 스트레칭이나 집에서 할 수 있는 재활은 무엇이 있을까요  선생님께서 보조기를 해야할 수 있다고 하셨는데 이런 경우 보조기를 착용하고 걷는 재활운동을 하는 게 좋은지 궁금합니다,재활의학과
168,제가 거북목인데요,날갯뼈 쪽이 찌릿찌릿 하더라구요  지금 베개를 안베고 그냥 누워있는데 고개가 좀 젖혀지는게 도움이 되는걸까요 ,재활의학과
169,왼쪽 손목과 팔뚝 부분에 통증이 있습니다 ,식당에서 일을 했었고  칼질  설거지등 손을 많이 쓰는 일을 했습니다   병원을  군대 다녀왔습니다 사진찍었는데 역시나 뼈는 이상이 없고   반깁스하면서 체외충격파치료나 물리치료하자는데 어떻게 할까요    안쓰던 손을 많이써서 인대에 무리가 왔다고해서 반깁스 하고있는데    반깁스하면서 한의원가면서 물리치료 하고 있거든요 침맞고 부황뜨고 전기치료하고    정형외과는 주사를 넣는다고 알고있는데 주사치료가 더 나을까요    다다음주에 회사 입사해야하는데 그전까지 최대한 치료하고 싶은데   한의원이 좋을지 정형외과가 좋을지     지금은 반깁스하고 손 최대한 안쓰고 있습니다    통증이 지금 손목과 팔뚝부분이 아릴때도 있구요 확실히 안에 인대 신경이 아픈 느낌입니다   아픈지는  달정도 된것 같아요 ,재활의학과
170,극상근 파열 후 통증이 없을때 프레스운동 내공   ,극상근 파열이 있었는데 통증이 지금은 없는데 프레스운동을 낮은 강도로 해도 될까요       충분히 스트레칭하고 어깨나 가슴운동 해도 될까요    ,재활의학과
171,앉는자세 알려주세요,자세 교정 좀 해야겠다 싶어서 올바른 앉은 자세 찾아서 앉아봤는데   분도 안되서 허리가 너무 아팠어요 그냥 구부정한 안좋은 자세로 앉으면 안아픈데 올바른 자세하니까 아픈데 어떻게해야되죠  병원다녀야되나요,재활의학과
172,허리디스크가 맞을까요 ,  대 여성입니다 일주일 전 쯤 코로나에 확진되어 자가격리를 시작해 방에서만 생활했는데요 이틀 전쯤부터 허리가 뻐근한 통증이 생겼습니다   저리다는 느낌보단 뻐근하게 아픈 느낌인데 허리부터 엉치뼈부근  엉덩이 옆쪽  허벅지 뒷쪽과 종아리 뒤가쪽이 종종 당기고 아픕니다   앉았을때도 바닥에 쪼그려앉을때도 몸통을 숙였을 때도 허리를 과하게 펴도 침대에 걸터앉아도 심지어 바로누워도 엎드려도 옆으로 누워도 아픕니다  서있을 때만 안 아파요   전에 요통 같은 증상이 하나도 없다가 갑자기 통증이 나타나 당황스럽네요  통증 정도는 잠을 설칠 정도 입니다  평소 무거운 걸 많이 들거나 하기는 합니다  누워서 다리들기 SLR 는 가능하고 증상 없습니다  허리디스크가 맞나요  이렇게 갑자기 통증이 나타날 수도 있나요 ,재활의학과
173,갑자기 목아픔,제가 친구랑 놀면서 젤리 먹다가 갑자기 목이 아픈데 코로나일까요    진짜 갑자기 아파서,재활의학과
174,초음파 보면서 주사놀떄요,보통 어깨 같은곳을 재활의학과나 통증과에서 초음파 로 주사 들어가는거 보면서 주사놓을떄   간호사분이나 조력자가 없이 의사선생님 혼자 놓으신다는 가정하에    혼자서 놓으시려면  한손으로는 초음파 기계 잡고 주사놓으려는 위치에 갖다대고    나머지 한손으로 주사 잡으시고 놓나요 ,재활의학과
175,무릎에 물 찬거에 도수치료가 효과가 있나요  ,제가 평소에 러닝을 취미로 가지고 있는데 많이 무리해서 했는지 아파서 병원에 가서 mri를 찍었더니 양 쪽 무릎에 물이 찼다고 그러더라고요 병명은  슬관절 활액막염  이라고 써져 있었습니다  아직 평소에도 계속 통증이 있어서 쉬면서 물리치료만 받는 중인데 도수치료도 효과가 있나요   관절염이나 그런게 아니고 무릎을 과도하게 사용해서 염증 때문에 무릎에 물이 찬건데 이것도 도수치료가 효과가 있나요   괜히 도수치료 하면서 무릎을 쓰다가 더 심해지는 거 아닌가 싶기도하고 그래서 그냥 물리치료만 받으면서 쉬는 게 더 좋은지 잘 몰라서 여쭤봅니다  도수치료가 무릎 염증이 완화되는데  물이 빠지는데  도움이 되나요    ,재활의학과
176,뇌 뼈 복원술 보호자 필요한가요  ,보호자가 필요할까요   걸어다니기 힘들까요   ,재활의학과
177,부모님 집에서 재활에도움될수있는 운동기구나 방법추천,부모님께서 교통사고후에 거동과 움직임에 장애를 갖게되셨는데 집에서 재활치료에 도움이되는 운동기구같은것 추천부탁드립니다  그간의 병원재활치료로 조금도움을 받거나하면 기구에 힘을빌려 거동은 조금하실수있는상태이십니다  도움이될만한 것들과 방법 알려주세요 ,재활의학과
178,,,
179,,,
180,,,
181,,,
182,,,
183,,,
