,15,16,17
0,작년 직장인 건강검진 결과 유소견 검토 부탁드립니다  ,작년 말 건강검진 결과입니다   년 다 되어가는줄 모르고 바쁘게 지내다보니    뒤늦게 내용이 궁금해 열람해봤습니다   상복부 초음파 결과는 제가  년간 체중을   키로 이상 배면서 지방간 수치를 저하 시켰습니다만 하복부 초음파 결과와 갑상선 초음파 결과의 경우 제가  년 방치한 샘인데  혹시 늦어졌을 경우 크게 문제가 될까요   조만간 산부인과 내원 예정인데 갑상선은 어찌 확인해야 할지    조언 부탁드려요   ,영상의학과
1,췌장 MRI 검사시 치아 브릿지 문의드립니다  서울 강서   대중반 남 MRI ,췌장 MRI 검사를 받고 싶은데 치아에 브릿지가 되어 있습니다   치료 받은 치과에 문의하니 금속 성분이 포함되어 있고  여러 성분의 금속이 합쳐져 있다고 하는데 교정 장치와는 다르게 분리가 불가한 상황입니다   MRI 검사 진행이 가능할지 문의 드립니다 ,영상의학과
2, 개월 전부터 좌우측 종아리 근육경련으로 인한 심한통증을 호소하고 있습니다   경기도 남양주   대후반 여 종아리근육경련  통증 ,안녕하세요   세 어머니이고  년전 뇌경색으로 좌측편마비며 휠체어를 탑니다    개월 전부터 좌우측 종아리 근육경련으로 인한 심한통증을 호소하고 있습니다   하루에 한번이상 근육경련이 일어나고 있으며 짧으면    십분  길면    시간 근육경련이 반복되고 있습니다   집근처 병원 재활의학과와 신경과에서 약처방을 받고 복용하고 있으나 효과가 좋진않습니다   지인분 소개로 상담을 신청합니다 ,영상의학과
3,양다리 초음파검사결과 표재성혈전성정맥염과 정맥부전있고 전체적인 정맥상태와 정맥혈관벽이 좋지못하다고 합니다   남양주시   대중반 여 하지정맥류 ,오른쪽발목부분에 붓기와 발진 심한통증으로 병원에가서 봉와직염이라고 진단받아 항생제를  주동안 복용했지만 붓기만 가라않고 통증은 나아지질않았습니다   정형외과에서 진뢰의뢰서를 받아 혈관외과에 가서 양다리 초음파검사결과 표재성혈전성정맥염과 정맥부전이 있고 전체적인 정맥상태와 정맥혈관벽이 좋지못하다고 했습니다   최종적으로 막힌혈관부분은 제거나 폐쇄수술밖에 없고  현재는 정맥순환제와 압박스타킹착용을 하고 있습니다    년전부터 다리무거움과 피로감을 매일 느꼈고  년전에는 족저근막염 진단도 받아 약물치료만 해왔습니다    가지 수술방법중 고주파나 베나실 클라리베인으로 양다리 수술을 했을시 수술비용과 입원기간  입원시 보호자도 반드시 있어야하는지 알려주시고  수술날짜예약은 최소 몇일전에 해야하는지도 궁금합니다   빠른답변 부탁드립니다 ,영상의학과
4,폐와 간에 의학적 지식이 필요합니다,제가 얼마전에 종합검진을 받았는데여  흉부ct를 찍었는데 우하엽에  mm크기의 결절이 관찰된다고 하는데 폐결핵인가여  그리고 간에    cm크기의 저음영 병변이 관찰된다고 하는데 이것도 안좋은 건가여  간암인가여 ,영상의학과
5,CT 사진 관련질문 ,CT를 찍었는데요  CT를 찍은지  개월정도 지난거 같은데 다시 사진을 볼수있을까요  ,영상의학과
6, 년전 건강검진하고 콩팟 양쪽에 혹이있다하여 오른쪽은 물혹 왼쪽은  센칮정도에 혹이있는데 물혹이 아닌거같아  개월 추적관찰 했습니다   월 일, 년전 건강검진하고 콩팟 양쪽에 혹이있다하여 오른쪽은 물혹 왼쪽은  센칮정도에 혹이있는데 물혹이 아닌거같아  개월 추적관찰 했습니다   월 일 조명술ct찍구 결과나왔는데  미리정도 자랏고큰병원가서 검사를받으라고의사쌤이 암으로갈확률은  프로도없다시는데 불안해요,영상의학과
7, NEW  chest HR CT 검사 결과 좀 해석해주세요     급해요   ,진단검사 결과 하나씩 해석 좀 해주세요    급합니당     Report  Chest CT without CE    Finding    No dular opacity at RUL    Organzing pneumonia D D Lung tumor  Atelectasis of RML GB stone   No evidence of mediastinal mass No evidence of significant lyphadenopathy No visible pleural effusion,영상의학과
8,복부 ct 검사 결과 시간,방금 조영제 맞고 ct 를 받았습니다 받고나니  병원이 문을 닫을 시간이여서 마지막 순서로 내과 원장실에 들어가서 진료를 듣는데 원장님께선 정밀검사 까진   분이 걸린다고 합니다  근데 대충 봤을땐 간과 췌장에 문제는 없어보인단 말과 함께 영상의학과로 다시 가봤더니 아무 이상이 없다는 검사결과지를 받았습니다   전 그럼 검사 받자마자 정밀검사도 없이 그냥 정상이라는 결과를 통보 받은건가요 ,영상의학과
9, 추가내공 mri촬영 주기,제가 일주일 간격으로 조영제 써서  머리 mri 복부 간  mri   촬영이 각각 다른 병원에서 잡혔는데   둘 다 찍어도 몸에 이상 없을까요 ,영상의학과
10,대학병원 mri 찍은적 있는지 알수있는법,안녕하세요 저는  년전에 수술을 했었는데 어제 그냥 진료만 보고 나와서 물어보는걸 잊어서요 예전에 그 당시에 mri를 찍은적 있는지  자료가 존재하는지만 알고싶은데 이거도 담당의사 예약을 따로 해야하나요  외과 카운터   가서 얘기해도 이정도 확인이 불가한가요  ,영상의학과
11,흉부 x ray 촬영할 때 핸드폰,오전에 흉부 X ray를 찍었는데 바지 뒷주머니에 핸드폰을 넣어놨는데요  괜찮은가요  기기가 고장난다거나 결과가 이상하게 나오진 않죠 ,영상의학과
12,X ray와 CT 검사결과 해석좀 부탁드립니다 ,chest PA    Finding  Consolidation in the LLL             Conclusion  Pneumonia  LL CT   mild edematous wall thickening Rt  T colon   T ileum with small nesocolic LNs 내원하여 시행한 physical 상  low abdominal pain      tenderness       그리고 x ray를 찍었는데 왜 CT를 찍은 건가요 ,영상의학과
13,x 레이 판독 부탁드려요  Fibrocaleified and nodular shadows in left upper lung conc   stab,x 레이 판독 부탁드려요  Fibrocaleified and nodular shadows in left upper lung conc   stabilized pulmonary tuberculosis,영상의학과
14,X레이 결과 해설좀 부탁드려요,Fibrocaleified and nodular shadows in left upper lung conc   stabilized pulmonary tuberculosis,영상의학과
15,저희 어머니가 당뇨를 오래앓고 합병증으로 심장박동기 시술을 받았습니다  강릉   대초반 여 투석혈관 ,안녕하세요  저희 어머니가 당뇨를 오래앓고 합병증으로 심장박동기시술을받았습니다  신장도   년전에 요관에 혹이있다고 복강경으로 하나를제거했는데 신촌세브란스병원을다니고있습니다  투석준비로인해   월 일 팔중간에 인족혈관시술했습니다  그후 팔회복만기다리다 강릉에계시다 응급으로서울로오게되었습니다  현재 사타구니쪽으로해서 응급투석시작했습니다  인조혈관한지한달이넘은지금 팔을사용할수없다고합니다  다른팔은 심박동기땜에안된다하구요  카페에서 우연히 이야기를 들어서  답답한마음에글을올립니다,영상의학과
16,선근증 수술후 근종이 좀 남은상탠데 태반주사 맞아도 되나요   서울   대중반 여 자궁근종 색전술 ,한달전부터 갱년기가왔는지 여기저기아파서  태반주사 맞으라는 이야기가 있어서요   아직 근종이 남아있고 패경은된상태에서  태반주사 일주 회 맞아도 되는건지요   누구는 근종이 커진다는 말이있어서요   친구는 태반주사 맞으니 몸이 좋아졋다해서요  근종과 상관없씀 맞아보려구요,영상의학과
17,PSA수치와 조직검사 문의합니다  부산   대후반 남 전립선비대증 ,안녕하십니까  전립선비대증으로 약을  년 정도 먹고 있는데 최근 근처 병원에서 PSA라는 검사에서 수치가 높다고 조직검사를 하자고 했습니다   조직검사 방법 찾아보니 너무 힘들것 같은데 유튜브 관련영상을 보고 PSA가 높다고 무조건 암은 아니라는 걸 알고 조금 안심했습니다  꼭 조직검사를 받아야 하는지 다른 방법이 있을지 여쭤봅니다 MRI를 찍는게 좋을지요     이참에 전립선암 검사도 받아볼 생각은 있습니다   고견주십시오 ,영상의학과
18,머리 MRI 비용 질문,예전에 MRI 보험이 안되서 비싸다고 들었는데 요즘이는 보험이 된다고 들었습니다 적용이 되나요   지금 화이자 백신 차까지 맞고 두통에 시달리고 있어서 정확한 검사 결과를 알고 싶어서 MRI 를 알아보고 있습니다,영상의학과
19,경동맥 초음파 검사 결과 질문 ,재작년부터 건강검진때 받은 경동맥 초음파 결과가 이렇네요    년 추적검사 요함이라서 매년 그냥 넘어가고 있는데  이번해에 우측에도 더 생겼고 미미하지만 좌측에 있는 것들이 조금씩 커졌어요  어느과에 내원상담을 받아야 할까요  아니면 지금처럼  년마다 추적검사만 해도 될까요   나이는 아직   대 초중반이에요    좌측 총경동맥 벽비후    mm 내경동맥 등에코 경화반    mm 분기부 등에코경화반    mm  우측 내경동맥 등에코 경화반    mm,영상의학과
20,저희 어머니 ct복부 촬영 내용인데 어떤내용인지 알수 있을까요 ,어떤 내용인지 알 수 있을까요  추천드리겠습니다   간절한 답변 부탁드립니다   ,영상의학과
21,소변검사 수치 판독 부탁드려요,백신 부작용으로 소변검사를 했는데 수치 판독 부탁드려요 ,영상의학과
22,  심초음파 해석 해주세요 내공드립니다,Trace Mitral Valve Regurgitation Mild Tricuspid Valve Regurgitation RVSP         mmHg Mild Aortic Valve Regurgitation PHT         ms Mild Pulmonic Valve Regurgitation   Comments   AF Echogenic material in LAA          cm  R o thrombus,영상의학과
23,Brain MRI MRA 판독지 번역 부탁합니다 ,판독지 번역 부탁합니다 ,영상의학과
24,심장초음파 해석,해주세요   Global hypokinesia Pericardial Effusion   Small     cm,영상의학과
25,응급실 mra  혈관  검사시 뇌염 나오나요 ,응급실 mra  혈관  검사시 뇌염 나오나요   조영제는 안맞았고 두통이 너무 심하니까 mra 해보자고 하셨어요   년전 ct는 찍었었고 뇌척수액 검사전 찍음  무균성 뇌수막염 나와서 치료했었습니다   이번에는 뇌수막염은 아닌것 같은데 두통이 계속 있는데  mra  혈액검사 염증 모두 정상이라 합니다   뇌척수액 검사만 하지못했는데 뇌염이 mra나 혈액검사에서 나오나요 ,영상의학과
26,뇌지방종이 생기는 원인이 궁금합니다,뇌CT에서    cm지방종이 있다고 하는데 살이 많이 쪄서 생길 수도 있는건가요 ,영상의학과
27,방사선판독 의뢰 부탁드려요,The inactive calcification in the right upper lung filed  other lung field show grossly clear finding without the pneumonic infiltration The cardiac contour show normal contour without the enlargement  pleural abnormality is not noted ,영상의학과
28,영상의학검사 결과 해석 부탁드립니다,   chest PA 검사결과     No definitely acute or active pulmonary lesion       Normal range of cardiopericardial silhouette      Brain CT   Conclusion   No additional significant abnormality in the brain parenchyma and calvarium   Finding   Brain NCT   Compared with          MR  No recent intracranial hemorrhage  No demonstrable territorial early CT ischemic change in the brain  No additional significant abnormality in the brain parenchyma and calvarium      Both knee 검사   No remarkable bony abnormality       same as conclusion,영상의학과
29,병원에서 폐 엑스레이가 이상하다 합니다,이상한게 찍혔다고 한번더 찍어보자는데 이게 뭐라고하는지 아시나요 ,영상의학과
30,chest pa 해석해주세요  ,R O old Tbc  RUL Cardiomegaly  emphysematous lung  R O diffuse pulmonary edema,영상의학과
31,각 다른 병원마다의 머리 CT의 차이,첫 머리 CT와 두번째 머리 CT는 각 다른 병원에서 촬영 하였습니다  촬영 기간 차이는 정말 짧습니다  각 다른 병원마다 머리 CT 영상이 다르게 나올 수 있습니까 ,영상의학과
32,엑스레이  CT 촬영  맥주,제가 엑스레이와 CT 촬영 하러 가는데  장을 보고 갔습니다  그런데 그 장바구니 안에 맥주 등과 같은 음식물이 들어있었는데 먹어도 괜찮나요  답변 부탁드립니다   ,영상의학과
33,삭제가안되네요,허허허허허허,영상의학과
34,췌장암 진단 된 CT 사진 판독 부탁드립니다   시기별  개 사진 비교 ,췌장암 진단 된 CT 사진 판독 부탁드립니다   시기별  개 사진 비교      제 아버지께서 췌장암 진단을 받았습니다      CT 촬영 총  번 진행했습니다  하지만 모두 다른 병원에서 찰영하여 이를 비교해서 판독해주시는 의사선생님이 없으시네요       제가 보기에 췌장암이 마지막   월에 찰영한 사진에는 췌장암이 무척 작아진 것으로 보입니다      하기  장의 CT 사진로만 보았을때 병변이 어떻게 진행되어 가는지 궁금합니다      마지막으로 사진에서 관찰되는 췌장암이 하얀부분과 검은색 부분이 보이는데   개 부분의 차이가 궁금합니다 ,영상의학과
35,영상의학과 보고서 해독부탁드려요,해석부탁드려요,영상의학과
36,의학용어 해석 부탁드려요,CT 촬영 판독지 입니다 자세한 설명 부탁드려요 ,영상의학과
37,무릎MRI,무릎 MRI나 CT를 찍어볼려하는데 부모님께서 그런거 찍을려면 동네병원 의사소견서가 필요하고 아니여도 예약기간등 합치면  개월 이상 걸린다는데 사실인가요  아니면 그냥 병원가서 예약하면 되는건가요  그리고 검사받는다면 결과는 언재쯤 나오나요  ,영상의학과
38,뇌mri 판독지문의요,다정상이니괜찮다하셨는데 자세한내용이궁금해서요 ,영상의학과
39,왼쪽 갈비뼈부근 통증 병원,이게 뼈가아픈건지 속이아픈건진 모르겠는데 일단 욱신거리는 통증이 있습니다 그리고 가끔 호흡곤란도 있고요  병원을 가긴했는데  폐기능검사 ct촬영 심전도 위내시경 복부초음파 받은결과 전부 이상없으니 안심하셔도 된다하네요  지금 통증이  달정도 지속되고있습니다 저는 횡경막에 이상있는건가 싶은데 ct촬영해서 이상없다하면 횡경막도 이상없는건가요   그리고 병원 어느과를 가야할지 모르겠네요,영상의학과
40,건강검진 후 폐 ct 권유,안녕하세요   살 여자입니다 저번주에 건강검진을 했는데 엑스레이 상으로 폐 왼쪽에 그림자 같은 게 보인다고 결절일 수도 있다고 CT 찍으러 내원하라고 하는데   인터넷 찾아보니까 최악의 경우 폐암일지도   모른다고   해서 너무 너무 걱정돼서 아무것도 못하겠고 입맛도 없어요 제가 알바나 학원 때문에 당장 병원에 가기 힘들어서 마음만 졸이고 있네요  폐암일 확률이 그렇게 높은가요  저는 비흡연자에요  ,영상의학과
41,뇌 MRI 결과 해석좀 부탁드립니다 ,담당 의사말로는 뇌 혈관이 막히고  있다는데 결과 해석좀 부탁드립니다 ,영상의학과
42,허리 mri는 어디서 찍는게 좋은가요 ,일반병원이랑 대학병원에서 찍는거랑 많이 다른가요  대학병원이 가격이 더 비싸다고 해서 결과가 더 자세히 잘 나오는건지 궁금합니다 둘 다 가격이 얼마정도 드는지도 궁금합니다,영상의학과
43,CT결과를 알고싶습니다 ,소견  Brain MRI   Clinical information   headache  MR system    T  Skyra  Siemens Sequences Axial T WI  T W   T  FLAIR  SWI  Segittal T WI Axial DWI and ADC Contrast enhanced axial  coronal  and sagittal T W   axial T  FLAIR  Finding  T 강조영상에서 both paramedian pons에 작은 고신호강도의 병변이 있음  SWI 에서 pons에small signal void lesion있음  뇌실의 정상크기 모양임  Extraaxial lesion없음   Brain  D TOF MR angiography  특이소견없음   결론     Old infarct in the pons    Mlcrobleed in the pons  오타가 있어도 이해부탁드립니다  ,영상의학과
44,  대 뇌졸중,  살 남자인데 뇌졸중 초기증상인지 의심돼서 질문 드립니다  먼저 웃을 때 왼쪽 입꼬리만 올라가고 오른쪽은 힘을 조금 더 줘야지 올라갑니다  올려도 볼이 부들부들 떨리구요  그리고 왼쪽 팔다리에 비해 오른쪽 팔다리가 무겁고 힘도 덜 들어가고 문질러보면 감각도 약해요  그것 외에도 양쪽 눈 시력 차이가 많이 나고 두통도 있고 기억력도 안 좋아졌고 대화할 때 말도 잘 못 알아듣거나 말을 못 해요  간단한 계산도 자꾸 틀리고요  아직 나이가 어려서 긴가민가한데 뇌졸중 의심 해볼 만 한가요  검사도 한 번 받아보려는데 mri랑 mra랑 경동맥 초음파 검사 있던데 뭘로 검사하는게 좋을까요 ,영상의학과
45,MRI 소건인데 해석과 얼마나 심각한지 알려주세요   ,   No evidence of acute infarction or overt hemorrhage       DVA in the left temporo occipital junction        Localized hyperperfusion in the left temporo occipital junction        R O small aneurysm in the left C   inferomedial direction   mm                                                                              얼추 해석해보니 좌측에  CM 뇌동맥류 있다는 것 같은데 정확한지는 모르겠고     심각한건가요   아니면 다른 처치 필요없고 관리만 잘하면 되는건가요   세 남 소견입니다   ,영상의학과
46,mri 머리,머리가  조이는듯 아파서 mri 찍었는데 아무이상없다는데  머리가 아파요   CD구워서 왔는데 다른병원 방문 해야되나요   MRI 가격도 기재 해주시면 감사하겠습니다 ,영상의학과
47,유방 조직검사 판독 부탁 드려요,유방에 혹이 생겨서 조직 검사했는데 사진과 같이 결과 받아서 대학병원으로 전원 해여 하는 상황인데 판독 부탁 드립니다 ,영상의학과
48,의학용어 질문,브레인데미지 같은 용어들 있잖아요 한국어로 하면 뇌 손상인데 이게 더 짧은데 왜 구지 브레인데미지라 말하는 건가요   ,영상의학과
49,무릎 mri 검사결과 보고서 해석 부탁드립니다 ,무릎 mri 검사결과 보고서 해석 부탁드립니다   radial tear at the body of the discoid lateral meniscus  instasubstance horizontal linear tear or degenerative change at the posterior horn of the lateral meniscus  joint effusion and medial patellar plica   REC  clinical correlation            if clinically indicated arthroscopy is recommended ,영상의학과
50,ct질문입니다 ,ct질문입니다   제가이번에 갑상선암 검진으로 폐ct 번 심장ct 번 목ct 번 찍었습니다    Ct를  번  번찍은듯한데    암에걸릴확률이높나요   ,영상의학과
51,신장 관련해서,고수님께 여쭤봅니다 얼마전 집사람이 병원을 다녀왔으나 자세한 이야기는 듯지 못했다네요 그래서 전문가님이 보시고 알려주셨음 좋겠습니다 참고로 필리핀에서 검사 받은거라  Sonographic findings   the liver is normal size  exhibiting a homogeneous parenchynal ectiopattern portal vein and its tributarles are unremarkable  There are no echogenic structure no any shadowing seen no focal mass lesion noted   The gallbladder is nomal size measuring about     cm in its widest transverse diameter the lumen is echo free wall is not thickened common   The pancreas shows a homogeneous parenchymal echopattern the head measures     cm in body is     cm and the tail is     cm wh 긴급으로 부탁합니다,영상의학과
52,  주  일 성별이 뭘까요  ,너무 이르다는걸 알지먼 성별이 보일까요    동네병원은 초음파 촬영이 안된대서 핸폰으로 찍었어요 ,영상의학과
53,뇌 MRI 는 어느 정도 시간을 두고 찍어야 하나요 , CT는 방서선 때문에 몸에 안 좋다고 알고 있는데  뇌 MRI는 어떤가요  뇌하수체 종양 때문에 질문드립니다 ,영상의학과
54,영상의학과에서 말이죠,이빨도 엑스레이에 나와요 ,영상의학과
55,Mra판독 부탁드릴께요,엄마가 요번에 mra를 찍으셨는데 검사결과지만 저렇게 와서 괜찮다는건지 아닌건지 모르겠네요  판독 부탁드려요 ,영상의학과
56,초진기록지를 받았는데 의학용어 해석 좀 부탁드립니다 ,노란색 부분 해석 부탁드리겠습니다   ,영상의학과
57,얼굴쪽 ct문의,안병증확인으로 눈쪽에 ct를 찍을려고하는데 혹시 뇌쪽ct도 확인가능한가요 방사선때문에 한번에 끝날수있나싶어서요,영상의학과
58,대구 수성구   세 남 정계정맥류  색전술 시술후 문의드립니다 ,지난  월에 색전술 시술을 받았고   월초에 두번째 추적검사 시 남아있는 혈관이 없어지진 않겠지만 문제는 없다는 말씀을 들었습니다   제가 문의드리고자 하는 부분은 다음과 같습니다      누워있으면 혈관이 잘 안만져지지만 서있거나 활동하면 시술전과 같이 면발형태의 혈관이 만져집니다   역류가 잘 차단되더라도 기존혈관이 활동정도에 따라 다르게 촉진될수 있을까요      색전술 이후에 오래 걷기 등 조금이라도 무리가 갈만한 행동을 자제하다가 최근 들어 점 걷기 시작하면서 고환쪽에 약한 통증이 올라오기 시작했습니다   상기와 같은 이유로 병원에 재내원이 필요할지 문의드려봅니다   바쁘신 와중에 감사드립니다 ,영상의학과
59,오른쪽 가슴부터 어깨까지 통증이 있어서 정형외과에서 엑스레이와 ct는 찍어봤지만 별다른 이상이 없다는 소견이였습니다  하지만 통증은 계속 되고,오른쪽 가슴부터 어깨까지 통증이 있어서 정형외과에서 엑스레이와 ct는 찍어봤지만 별다른 이상이 없다는 소견이였습니다  하지만 통증은 계속 되고 있고 한쪽만 아프던게 양쪽 전체 가슴 통증으로 이어지고 있습니다  어느과 진료를 봐야 할지 모르겠네요  ,영상의학과
60,Mri 판독 해석 부탁드려요,무슨 뜻인가요 해석 좀 부탁드리겠습니다 선생님,영상의학과
61,Abdomen CT 해석해주세요,Liver cysts       cm   Both renal cystes       cm   cystitis  Residual urine in the bladder     R O Neurogenic bladder  Infrarenal abdominal aortic aneurysm  diamenter     cm  Old compression fractures with uertebroplasty of L    ,영상의학과
62,mri 촬영 결과 시간 ,mri 촬영 하고 난뒤 보통 얼마정도 뒤에 결과가 나오나요  촬영 후 바로 확인결과도 가능한가요 ,영상의학과
63,시티검사결과 해석 부탁드려요 ,시티결과 판독 부탁드립니다   ,영상의학과
64,복부ct 판독좀 부탁드립니다,about    m sized R O functional cyst in Rt  adenxa Several small LNs at RLQ small bowel mesnetery with uncertain clinical signif icance Other abdominal solid organs are grossly intact No abnormal bowel wall thickening Suspicious multifocal patchy ground galss opacities in LLL   자세하게 설명 좀 부탁드릴게요    ,영상의학과
65,Mri 판독,판독 해석부탁드립니다,영상의학과
66,자궁선근증 자궁내막증 색전술 효과 궁금합니다  강원 홍천   대초반 여 자궁선근증  자궁내막증 ,안녕하세요   극심한 생리통으로  응급실 가야 할 정도   생리 양과 기간은 보통   지난  월 병원 내원 후 자궁내막증으로 양쪽 난소에 혹 진단과 최근 자궁선근증이 꽤 심한 편이라는 소견까지 받았습니다   둘째 아이 임신 준비 중이구요      자궁선근증은 색전술 수술 이후 통증 및 재발  예후가 좋은 편일까요      색전술과 함께 내막증 수술이 동시에 가능할까요      수술 이후 저 임신 할 수 있을까요   그 외 의학적 조언 좀 부탁드립니다     매우간절 ,영상의학과
67,내시경 검사결과 해석,내시경 검사결과에서  식도 IT   cm 라고 적혀있을때 여기서 iT는 무엇을 의미하는 약자인가요   ,영상의학과
68,건강검진 심장md ct와 심장초음파 중 어떤걸 선택해야 할까요 ,건강검진을 하려고 하는데 택해야해서 심장md ct랑 심장초음파 중 어떤 걸 선택해야 좋을까요  가격은 같아요,영상의학과
69,머리검사비용과검사고민입니다 , 년전 사고후유증으로 두통이 있어서 cT와mri검사도 몇번했는데 정확한 병명이 나오지 않아서 두통약을 계속먹고있습니다  두통이 있으니 신경이자꾸 머리쪽으로 가니까 너무괴롭습니다 ,영상의학과
70,허리에 철심있는 사람은 mri 못찍나요  ,제가 중 때 허리수술을 해서 허리에 철심이 박혀있는데 mri못찍나요  하면 어떻게 되나요 ,영상의학과
71,머리 CT에 관해서 질문,정수리가 아파서 CT를 찍었는데  어떤 부위를 찍던  CT를 찍으면 머리 전체 부위를 다 볼 수 있나요 ,영상의학과
72,MRI 촬영부위 많을때 ,예를들어 손목  허리  무릎  발목 을 다찍고싶으면  한번에 가능한지  아니면 각 부위별로 따로따로 다 촬영해야하는지 궁금하네요   따로따로 촬영한다고해도  회에 가능한지  각 부위 찍을때마다 병원에 새로 와야하는지  도요,영상의학과
73,무릎와 손목이 쑤시는데 MRI vs CT 추천좀요,쑤시는 증상은 몇년 된거같은데요 엑스레이로는 이상없구요     CT와 MRI 장단점 알고싶네요,영상의학과
74,복부 CT 판독 결과입니다  설명좀부탁드립니다 ,복부 CT 판독 결과입니다  영어에 전문용어라 무슨말인지 모르겠는데   설명좀부탁드립니다    결론     No demonstrable finding in the urinary bladder     Cystic lesion in spleen     R O lymphangioma     Small amount of physiologic fluid collection in pelvic cavity    판독소견  Liver의 contour와 size 정상이며  parenchyma에서 detection되는 focal lesion없음   Spleen에 small cystic lesion이 있으며  lymphangioma를 감별해야 하는 소견임  Gallbladder  pancreas  both adrenal glands에 abnormal finding 없음  양쪽 kidneys의 enhancement와 excretory function이 정상적으로 유지되고 있음  Urinary bladder에 detection 되는 focal lesion 없음  양측 kidneys  ureter및 urinary bladder에 stone density 없음  Pelvic cavity에 소량의 physiologic fluid collection이 있음  Great vessel을 따라서 커져 있는 lymph node 없음 ,영상의학과
75, 차신경통 관련 문의합니다   뇌신경에 원인이 있는지 여부를 MRI로 알 수 있나요   서울 송파   대후반 남 MRI ,  세 아버지께서  치아 통증이 있으셔서 몇년 전 치과에 가셔서  이를 뽑고 임플란트를 진행하시다가 병원 문제로 인해 중단   뽑은 자리 말고 다른 쪽이 또 아파서 치과 방문  강동경희대 치주과 방문 했는데 엑스레이 등 결과 이상없다는 진단에 병원 방문 멈추시고  계속 이쪽 아팠다가 저쪽이 아팠다가  어느날은 안아팠다가 너무 아파서 진통제를 계속 복용 중이십니다   당뇨와 혈압약도 복용 중이시고요   최근 다른 치과를 또 방문   이번엔 사랑니 때문이라며  또 발치   발치 후에도 통증은 지속 되는 상황입니다   너무 답답한 마음에 알아보다가  차 신경통이라는걸 알게 됄는데 뇌 신경에 원인이 있는지 알고 싶어  엠알아이 찍어보고 싶은데 가능할지 여쭙니다   ,영상의학과
76,갑작스런 소화불량이 지속되고 있습니다   췌장 mri 문의드립니다  부산 수영   대초반 남 MRI ,갑작스러운 소화불량이  개월전에 터져서 각종검사를 받았으나  위 대장내시경  종양표지자검사  복부초음파  이상없다는 소견  을 받았지만 소화불량이 약간 호전된상태로 치료는 되지 않았습니다   그래서 최근에 너무 답답한 나머지  좀 더 큰 의료기관에서 간정밀 mri 를 찍었습니다   간정밀이지만 췌장도볼수있다고하여 검사를 받았고  또다시 이상소견이 없다는 얘기를 들었습니다   제가받은 검진이 복부mri를 받은건가요  만약 그렇다면  이상소견이 없다고 나온상태에서는 굳이 췌장 mri를 찍을 필요가 있는지 궁금합니다   참고로 mri에서 신장쪽에 물혹이 보인다는 소견을 받았으나 걱정할 물혹은 아니라는 얘기를 들었습니다   그렇다면 제가찍은  MRI 에서도 췌장이 이상없다고 봐야하는지요  아니면 췌장 정밀 mri 가 아니기때문에 췌장쪽을 다시 찍을 필요가 있는지요   답변 부탁드립니다 ,영상의학과
77,코로나   백신 맞아두 될까요 ,저는   여년전 간염으로  년정도 고생하여 완치는 하였습니다  중학교에 올라가서 급속도로 키가  cm 정도 크기도 하였으며 코골이도 심하구여 현재두요   근데 중 때 새벽에 자다가 호흡곤란이와 겨우겨우 화장실에가서 살기위해 차가운 물로 세수를 하고 바로 소변을 본후 바로 기절하는 경우가 수십차례 지금까지도 가끔 발생됩니다  지금은 일하다가도 호흡곤란으로 최근에두 증상이 발생 하였구요 최근 몇년사이 세번정도 발생하였고 이중 한차례는 다시 기절하였구요  기절하면서 머리가 화장실 바닦에 충격두 많이 발생하였구요  몇차례는 일하다 호흡곤란이와 일을하다 중지후 심호흡을 크게 반복하고 쉬면 좀 낳아지는듯 하지만 그래도 그날 하루는 다소 호흡이 불편하게 마무리 하곤 합니다  이로인해 MRI 및 뇌파수면 촬영두 하였으나 원인을 발견하지 못 하였습니다  그리고   대 후반에 폐결핵으로  년가량 고생을 하였구요 완치는 되었구요 CT상 한쪽 폐가 다소 기능을 상실 하였다고 들었구요 지금은 남들보다 피로를 빨리 느끼는 편이구요  수면은 길게 자지 못 하고 평균  시간에서 길게는  시간정도 수면 중입니다 한번 잠에서 깨면 다시 잠들기가 쉽지 않고요 참고로예민한편이라 수면중 소리를 다듣는 편입니다  암튼 이런 증상으로 인해 백신을 맞고 싶지만 혹시나 하는 생각에 아직 맞질 못 하고 있습니다  최대한 저의 상태에관해 자세히 적어보았습니다  백신을 맞아도 될까요 ,영상의학과
78,폐 CT 촬영 후 흐리게,안녕하세요 아빠가 폐 ct 촬영 후에 의사선생님이 폐가 좀 흐리게 나왔다고 하셨는데요 별다른 말 없이 내년에도 검진 받아보라고 하셔서요 평소에 마른 기침 좀 하는 편이신데 따로 더 추가로 검진 안 해 봐도 되나요  흐리게 나와도 괜찮은 건가요   ,영상의학과
79,구진성 뇌경색이란 ,머리를 다처  CT 뇌촬영을 하니 충격에 의한 출혈이나 기타 증상은 없고  구진성 뇌경색이 의심된다는 소견서를 써주었는데 이걸 가지고  삼성병원 뇌신경과에 가서 진료를 받아야 하는데 날자가   년 월  일 경이라 이런경우 어떻게 조치를취하며  어떤약물   주의 가필요 한지요 관련의사 선생님들의 의견을 듣고 싶네요 ,영상의학과
80,뇌수두증   세 남자,얼마전에 두통이 있어서 뇌 ct mri두개다찍었는데 수두증이 있다고 판정받았습니다 의사선생님이   대 뇌실이랑 제 뇌실크기를 비교해주시는데 거의  배에서  배조금안되게 확장되어있는것을 확인시켜주셨는데 지금까지 아무 문제없이 살아왔고 지금도 보행장애나 요실금 언어장애가 없습니다 수두증수술안하고 이대로 이상이없으면 정상적으로계속 살아갈수있는건가요  의사쌤께서  개월있다가 다시 mri촬영해보고 더 진행 되면 수술해야한다고 하시는데 지금은 정상인데 어느순간 갑자기 장애가올수도있는건지도 궁금하고 무섭습니다 ,영상의학과
81,처방전약과 시간 차를 두고 액티피드 복용,코싹엘정 셀트리언클래리트로 몬테라정  mg 메디론정 에소맥스정  mg  과 시간차를 두고 액트피드 먹어도 괜찮을까요 ,영상의학과
82,MRI  ,안녕하세요 집에 있는 컴퓨터로 MRI를 볼수 있는 방법이 없어요  어떤 앱을 설치하면 되는가요 ,영상의학과
83,복부ct문의,내시경 검사를해도 이상이 없는데 주위에서 복부ct를 찍어보라고하네요  급합니다 큰 병원은 예약을 너무마니 기다리고 분당쪽 가능한 곳 있을까요 ,영상의학과
84,영상의학과 의사,슬의생에 나오나요 ,영상의학과
85,영상의학과에 질문,머리 씨티 찍는데 얼마해요,영상의학과
86,펫시티 전이,펫시티로 뇌전이 여부도 알수 있나요 ,영상의학과
87,CT상 질병,CT상으로 소장이 괴사되면 보이나요  설사 구토를 반복해서 병원을 갔는데 병원에서는 CT상으로 깨끗하다고 장염인거 같다고 하는데 요새 백신맞고 소장괴사되는 증상이 있어서 무섭네요    ,영상의학과
88,CT 리포트 해석좀요  ,해석 가능하신분 있나요 ,영상의학과
89,MRA검사 판독지 해석 부탁드립니다 ,Hypoplastic P  of Rt PPCA   해석 부탁드립니다  궁금해서요  ,영상의학과
90,전신 뼈 ct 찍었는데,전신뼈ct찍었을때는 이상없다가 Pet ct찍으면 이상이나타날수도잇나요      아님 병원에서 착각한걸까요  ,영상의학과
91,뇌 MRA 검사결과 해석 부탁 드립니다 ,뇌 MRA 결과 아래와 같이 결과가 나왔는데  조치는 추적관찰과  D CT혈관촬영을 해보라는데 CT를 꼭 찍어야 할까요     좌 내경동맥의 해면분절 앞쪽에 약    mm크기의 삼각형 모양의 돌출이보임  좌내경동맥의 경추분절에 인공음영으로 사료됨 ,영상의학과
92,어머님이   년 이상 다리저림으로 불면증이 심하게 고생하십니다  어느과로 진료를 받아야할까요   태안   대중반 여 정계정맥류 ,안녕하세요 어머님이   년 이상 다리저림으로 불면증이 심하셔서 동네 병원에서도 처방받아 약을 먹었지만 호전되지 않고 심해져  최근에 신경외과에서 여러 검사하고 약을 복용하셨는데 처음보다는 나아졌지만 여전히 개선되지 않아 병원에 가보려고 합니다   신경외과에서는 다리 신경  개가 죽었다고 하는데 그 병원에서 받았던 검사자료나 진료내역 같은게 진료받을때 필요한지 여쭤보고 내원하려고 합니다   이 증상의 병명이 혹시 뭘까요 약을 드셔고 차도가 없어 너무 힘들어하십니다   예약은 어느과로 언제쯤 할 수 있을지요,영상의학과
93,오른쪽 고환 위에 고환보다 조금작은 고환이 하나 더 튀어나와있는것 같이 만져집니다   서울 강동구 고등학생 남 정계정맥류 ,요즘 고 이라 앉아있는 일이 많아지다보니 오래 앉아있다가 자위를하면 오줌마려운 느낌이 들면서 사정감을 조절하기 힘든 느낌이 계속 있었습니다   그런데 어느날 오른쪽 고환 위에 고환보다 조금작은 고환이 하나 더 튀어나와있는것 같이 만져져서 찾아봤는데 정계정맥류랑 비슷해보이더라고요 이게 정계정맥류가 맞나요  울퉁불퉁한게 만져지는건  개에서 개 만져지는것 같네여      만약 맞다면 수술을 해야하나요    ,영상의학과
94,허리디스크 상태,교통사고후 mri사진입니다 심각한가요  후유장해까지 받을수있는 디스크인지 궁금합니다,영상의학과
95,피검사 뇌CT 조영제 질문,제가 피검사를 받아야하는데 간김에 신경외과 진료도 보고 오려고 하거든요  두통때문에 뇌 ct를 생각하고 있는데 피검사하고 조영제 맞아도 괜찮나요  공복 상태로 진료 받는 거라 궁금합니다  참고로 피검사랑 신경외과 같은 병원이에요 시간 간격이 필요하다면 몇 분 정도 있어야되나요  병원 가면 선생님께서 다 말씀해 주시겠지만 궁금해서 미리 질문 남겨봅니다 ,영상의학과
96,일년전에 뇌mri 촬영결과 이상없다고 했는데 어지럼증이 너무 심해서 재촬영 하려고 합니다  년만에 찍어도 되나요 ,일년전에 뇌mri 촬영결과 이상없다고 했는데 어지럼증이 너무 심해서 재촬영 하려고 합니다  년만에 찍어도 되나요 ,영상의학과
97,목젖과 뇌질환과 관련있나요 ,목젖과 뇌질환 관련있나요  Tv프로에서 목젖이 휘었으면 뇌질환발생 위험이 있다고 mri를 찍어보라고 하던데요 사진첨럼 휘었는데 정말 그런가요 ,영상의학과
98,뇌 ct 결과질문,전반적인 대뇌 실질의 위축 소견 관찰됐다고 적혀있는데요 무슨 뜻인가요  나중에 큰병되나요 ,영상의학과
99,MRI 검사판독지 해석,R O tiny facet cyst  right L    라고만 적혀서 나왔습니다  L spine MRI 였구요   해석이랑 특별한 치료가 필요한 것인지 알려주시면 감사하겠습니다  ,영상의학과
100,자궁선근막증 자궁적출꼭해야하나요   경기도일산   대초반 여 자궁선근증 ,자궁선근막증  자궁적출꼭해야하나요 ,영상의학과
101,시술로 자궁근종 갯수를 줄이거나 치료가 가능한가요   서울 송파   대후반 여 자궁근종 하이푸 ,안녕하세요    년생 여성이며 생리를 여전히 하고 있지만 최근 생리주기가 변화가 심해져서 폐경기를 앞두고 있다고 의사 선생님이 말씀하셨습니다    년 전에 건강 검진으로 자궁 내막증이 의심된다 하여 갔던 병원에서 자궁 내막증은 아닌듯하지만 추적 검사를 해보자고 하셨지만  외국에 체류하던 관계로 추적 검사는 불가능했습니다   올해 받은 자궁경부암 검사는 정상으로 나왔고  의사 선생님께서 초음파를 보시면서  년 전에    개라고 했던 근종이 지금은    개 정도로 보인다고 하셨어요   수술로 치료가 안되냐고 문의했는데 실제로 자궁에 크기는 작지만 더 많은 갯수가 있을 수 있고 그걸 제거하기엔 무리이므로 그럴려면 자궁을 들어내야 한다고 하시며  폐경이 빨리 돼서 근종이 성장을 멈추는 걸 바래야 한다고 하셨습니다   시술로 갯수를 줄이거나 치료가 어느정도 가능한지 알고싶어서 이렇게 글을 올립니다   감사합니다 ,영상의학과
102,정계정맥류 수술결정 여부가 고민됩니다   서울 성북   대중반 남 정계정맥류 ,왼쪽 고환이 커진 것 같다는 생각이 들어 동네 비뇨기과에 방문했고  정계정맥류라고 알려주셨습니다   본인 병원에서는 수술할 수 없고 큰 병원에 가서 진료해보라고 하셨습니다  수술을 결정하는 정도를 모르겠습니다   현재 가만히 있어도 구불구불하게 튀어나온 혈관이 만져지고 보입니다   장시간 서있으면 불편함도 있고  열감도 느껴집니다   수술여부를 결정하기 위해서는 정액검사등 정밀한 검사를 받아봐야하는건가요 ,영상의학과
103,니코틴 소변검사   내공    ,담배를 걸려서 소변검사를 할것같은데 금연한지 하루 됐는데 니코틴이 나올까요    물도 지금  L이상씩 마시고 있고 겉담이나 전담만 펴서   니코틴이 나올까요  ,영상의학과
104,MRI 소견서 해석 부탁드립니다 ,최근에 귀 질환 때문에 mri를 찍은 후 소견서는 받았고 현재 이비인후과 진료를 기다리고 있는 상황인데 mri 찍은 곳에서 소견서에 대한 설명을 듣지는 못하였습니다  아시는 분 해석 부탁드리겠습니다     Temporal bone MRI     C C  both SNHL    Brain axial T WI    Temporal bone  D axial T WI and  D both oblique sagittal T WI    Temporal bone axial T WI  coronal T WI   Relatively well preserved both inner ear structures  Relatively well preserved both cochlear nerves at both IACs  Vascular loop of left AICA in left CPA cistern Chavda type     Several punctate chronic ischemic lesions in both cerebral white matters  Relatively well preserved ventricles and cisterns  Small retention cysts in both maxillary sinuses  Other  unremarkable   Conclusion    Vascular loop of left AICA in left CPA cistern Chavda type       Chronic ischemic change  mild to moderate degree  both cerebral white matters   REC  Clinical correlation and follow up    감사합니다 ,영상의학과
105,뇌 mri 검사결과 나오는 시간 얼마나걸리나요   ,뇌 mri찍는데 몇분 걸리고 또 찍고나서 검사결과나오는데 얼마나 또는 몇일 걸리나요    내공   걸어요,영상의학과
106,뇌 MRI질문입니다,안녕하세요 뇌 MRI는 잘 모르고 처음이라 많이 두려운 마음에 글 올리게 되었습니다    건강검진 후 사진과 같은 결과가 나왔는데    이거 많이 심각한건가요    건강검진 받기  주 전부터 많이 심한 스트레스를 받기도 했고   스트레스 검사에도 높다고 나왔습니다    건강검진 종합소견에는 뇌에 대한 언급은 없는데 심각한거면 관리하라고 나왔겠죠    그리고 많이 심각한거면    연락이 오지않을까요    뇌종양 걸린건지 아니면 뇌에 무슨 문제가 있는건지 별 생각이 다 들면서 불안해서 잠도 안오고 평소 걱정이 너무 많은 성격이라 미칠거같습니다     잘 아시는 선생님들 답변 꼭 부탁드립니다   의학용어가 너무 어렵네요    추가적으로 두부기타질환 소견으로 정기적 검사를 요한다고 나왔습니다   내공     올립니다    답변 부탁드립니다   ,영상의학과
107,개두술후 시신경위축,안녕하세요다름이아니라 저는 지금까지 모르고살다가  월중순부터 운전중 오른쪽눈이한번식 시야외곽이 흐리게으보이고해서 직업이운전이라 안과를갔습니다 안과병원에선 검사하고 시신경쪽이라큰병원 신경외과 가보라고했고요 대학병원 신경외과에가서 다시 대학병윤에있는 안과에서 안과병원에서받은검사를똑같이진행했습니다  인과 에선 오른쪽 눈 시신경이 많이부은상태 왼쪽눈은 조금부은상태  오른쪽보단 많이안부은  사실 오른쪽눈만증상이있었고 왼쪽눈은 면쩡했거든요  그래서 이걸바탕으로 신경외과에서는 ct mri를 권해 촬영하고 우측뇌  센티의 수막종이있었어요 신경과에서는 바로 신경외과 연결하여 진료잡고 신경외과에선 개두술해야한다고하여  월에 뇌수막종 개두술을 하였어요  문제는 수술후 오른쪽눈은 정말 회복이 잘된느낌이였어요 그런데 왼쪽눈이 안보여요 이게 머라해야하지 빈혈날때 앞이 머가끼면서안보이는그런느낌이 계속있어요  수술하고 퇴원하고 지금  월 아직도 왼쪽눈은 회복기미가없어요    수술후 첫번째외래 수술후 안과외래에선 오른쪽눈은 잘회복되고있고 왼쪽눈이시신경위축이래요 다음외래때 시야검사해보자곳하더라고요 솔직히 와이프랑같이가서 몇가지질문에도 냉랭한단답형 솔직히기분 나빳어요  인공눈물처방  신경외과에가서도 말했지만 일단 완쪽눈은 수술한곳이랑 연관이없단거에요    번째외래 안과외래 시야검사 이거 가운데빛을보고 찍는건데 우측은괜찮지만 좌측은 가운데불빛마저찾기힘들고 선명한것도아닌 그냥흰새번쩍일때 느낌으로 누른거같아요 이번에는물어봤어요 좋아지는건지 교수는 더나빠지는지를보는거지 좋아지진않습니다 라고       신경외과 이런저런 말씀을드렸더니 수술자체가 큰수술이였고 일단 그런경후 예후도 년정도본다고하더라고요  지금가장불변한게 원근감이라고하나요  물건을들고놓을떼 가끔식 거릳도안맞고 걸을때는 한번씩 중심잃어 휘청이고 그래서 자주걷는데도 미치겠어요  저랑비슷한케이스가있을까요  저는 수술한쪽도아니고 그반대쪽 그리고 그반대쪽도 오른쪽보단 살짝덜부었는데갑자기위축온게   미치겠어요 그렇다고 시각장애받을수있을거같지않고 수술후유장애돼는지도궁금하고   살짜리딸에 일해야할 나이에이러니미치겠네요,영상의학과
108,충수염이라는데 영어   결과 해석좀 해주세요,Appendix proximal portion과 distal tip에 appendicolith가 있고     cm라고 합니다   추가적인 해설 부탁드립니다  충수염에 대한 정보 있으면 알려주세요  사전 내용 X ,영상의학과
109,방광염과 제 우측 하대정맥협착이 정말 관련 있을까요   해외거주자 송파   대후반 여 골반울혈증후군 ,안녕하세요  저는  년전 엄청난 고통과 혈뇨 방광염이 있은 후  년 동안 방광염이 자주 걸렸고 가끔식 오른쪽 골반 통증이 있어 여러 검사를 했어요  복부 초음파에서 혈관에 좀 문제 있다고 도플러초음파  상하복부MRI를 했어요  이탈리아 혈관 외과에서 기형으로 하대 정맥이 두개이고 그 중 하나인 우측 하대 정맥이 간과 자궁을 연결하는데 위쪽 간에 가까운 부분이 혈관이 좁다고 하셨어요 이것 때문에 자궁 방광쪽에 혈액 순환이 안되고 그러니 방광염이 자주 걸리고 오른쪽 골반에 아픈거라고 하셨어요 그리고 혈관 조영술을 권유하셨고 좁아진 혈관을 풍선술로 늘려야 할 것 같다고 하셨어요   제 질문은  방광염과 제 우측 하대정맥협착이 정말 관련 있을까요   그리고 혈관 조영술을 꼭 해야하는건가요  괜히 혈관을 건드려서 더 큰 문제가 생길까 무섭습니다,영상의학과
110,발바닥 통증과 열감이 하지 정맥류 초기증상인가요  성남 수정구   대중반 여 하지정맥류 ,한    개월전 부터 발바닥에 열감이 느껴지고 뒷꿈치에 가끔 바늘로 찌르는 것과 같은 통증이 있어요  이게 하지정맥류 초기증상인가요 ,영상의학과
111,색전술 검사할 때 엑스레이로 인한 방사능이 위험하지는 않을까요  경기   대초반 여 자궁근종 색전술  색전술 X ray ,색전술을 알아보고 있습니다  제가 복통 원인을 알아내느라 여러 병원을 다니다가 결국  일 전 ct를 찍어서 자궁근종 cm 하나와 자궁선종 임신 주차 크기 이 있다는 걸 알게 됐습니다 복통 원인은 선종이었구요   근종 개복 수술 후 미레나를 추천받았는데 개복이 무섭고 하이푸가 효과가 없다는 후기들도 있어서 색전술을 알아보게 됐습니다  그런데 색전술은 엑스레이를 켜놓고    하는 거라고 알게 되서  일 전에 ct를 찍을 때 방사능 피폭이 우려스럽습니다  엑스레이로 인한 방사능이 위험하지는 않을지   시간 텀을 둔다면 얼마나 둬야 할 지 알고 싶습니다,영상의학과
112,췌장 검사를 해야할까요  복부CT찍으려구요  경남   대초반 남  췌장 검사  복부CT 촬영 ,안녕하세요   요 몇 주간 계속 등 통증이 있습니다    개월 전 국가 검진은 이상이 없었구요   등 통증에 온몸 뼈마디 통증도 있고  자려고 눕게 되면 등 통증이 있어요   췌장 검사를 해야 할까요  복부CT찍으려구요   금액도 궁금합니다   감사합니다 ,영상의학과
113,골반 비대칭  ,척추 측만도 있고  좌우 골반 높이가 차이가 납니다    mm  정도   측만도 있구요  그래서 도수를 주  회씩 하기로 했어요    시간 정도 치료가 이루어 진다고 합니다   웨이트를   년정도 꾸준하게 주 회 하고 있습니다   스쿼트   벤치프레스   로우 동작 모두가 비대칭으로 인해  불편합니다   년 전부터   근육성장도 어렵구요   도수가 도움이 될까요   엑스레이 촬영 후 원장님 소견 ,영상의학과
114,척추교정술을 받았는데 MRI 받아도 괜찮나요 ,제가 척추 몇개가 부러져서 척추교정술을 받았습니다  나사는  개인가 박은걸로 알고 있고요  금속인지는 모르겠네요  근데 혹시 MRI 받아도 상관없나요  갑자기 궁금해서 질문해봅니다 ,영상의학과
115,건강검진을 했는데요 작년 폐CT 할때는 정상으로 나왔는데 올해 폐CT 에서 우상엽 여러군데의 경화병변이 새로 생김 이런 결과가 나왔어요  경화병,건강검진을 했는데요 작년 폐CT 할때는 정상으로 나왔는데 올해 폐CT 에서 우상엽 여러군데의 경화병변이 새로 생김 이런 결과가 나왔어요  경화병변이 무엇인가요  섬유증 인가요  큰병인지 걱정됩니다 ,영상의학과
116,흉부xray 이상,안녕하세요 저는 보건증을 떼러 의원에 가서 xray를 찍었는데 의사분이 원래 정상적인 사람은 그 아래 뼈   쪽이 양쪽 다 뾰족해야지 정상인데 저같은 경우에는 한쪽만 뾰족하고 다른한쪽은 좀 둥글다고 하셔서 ct를 찍어보라고 해주셨어요  근데 제가 고 이라 어려서 암이나 이런거는 아니라고 하셨고 그래서 영상의학과 선생님  분께도 여쭤보셨눈데 한분은 별 이상 없으니 괜찮은거 같다고 하셨고 다른 한분은 그래도 ct한번 찍어보자고 하셨나봐요  둥글면 뭐가 어떻게 되는거고 어떤 질환이 있는건가요    무서워요    근데 제가 고  때 학교 건강검진때문에 받았을땐 아무 이상 없다고 한거 같은데   도와주세요   ,영상의학과
117,MRI 영상 판독 해석 해주세요,   amputation state in big toe diffuse T  low and T  high SI with enhancement in soft tissue of Lt foot     no definite bony abnormality in Lt foot   해석부탁드려요   ,영상의학과
118,후두하근 쪽,후두하근에 염증이 있는지 c arm으로 확인이 가능한가요  ,영상의학과
119,화이자    차 모두 같은 선생님께 맞았는데, 차는 느낌도 없더니  차는 무슨 더 굵은 주삿바늘 마냥 아프고 맞고난 지금도 아픈데 정상인가요 ,영상의학과
120,의사들이 보는 mri 판독지와 환자가 보는 판독서는 다른가요 ,외래때는 현재 상황에 대해 자세하게 설명해주셨었는데 Mri 판독서를 뽑아보니 제가 들을 설명보다 너무 단축되어 딱 몇줄만 적혀있어서요   담장 주치의도 영상의학과 교수님에게 판독지를 받고 저에게 설명해준것일텐데요    의사들끼리 주고 받는 mri 판독지와 환자가 뽑을 수 있는 판독지의 내용이 다른가요  ,영상의학과
121,무릎이 mri 상으로도 이상이 없다는데 아파요,안녕하세요  달 전에 한 번 크게 넘어지면서 무릎을 다쳤는데요  한달 전에 다시 한 번 넘어져서 그 부분을 또 박았어요  정형외과를 가서 mri를 찍었는데도 아무 이상이 없다고 하시는데 땅에 닿거나 만지면 아직도 너무 아픕니다    정형외과에서는 그냥 기다리는 수 밖에 없다는 데 이거 나을 수 있는 거 맞나요     지식인 찾아 보니 저외 같은 증상 보이시는 분들이 많던데 몇년 갈까봐 너무 무섭습니다 ,영상의학과
122,축농증 때문에 코세척하는 중에 한쪽 귀로 살짝 흘러들어간 거 같은데 괜찮을까요 ,순간 놀래서 멈추기는 했었는데     ,영상의학과
123,폐 ct질문,no active lung lesion subsemental atelectasis at LLL no abnormallity of trachea   bronchial tree no pleural reaction  이렇게 적혀있는데 무슨 뜻이고 이제 어떻게 해야 하나요 ,영상의학과
124,허리디스크 mri 판독지 내용이 궁금합니다,판독지 내용이 자세하게 궁금합니다,영상의학과
125,작년부터 원인모를 두드러기가 생겼고  배에서 꾸륵 소리가 자주 나고 설사도 자주 합니다  인천 미추홀구   대초반 여 췌장암검진 ,    대초반부터 배꼽 바로 위에 움직이는 덩어리가 만져짐 마사지하면 꾸륵 소리가나며 사라졌다가 다시 나타남  동네내과에선 움직이고 만져졌다 안만져지는건 큰문제아닌 숙변이나 마른체형탓에 장기가 만져질 수 있는거니 아프면 오라함    누워있으면 배에서 꾸륵소리가 자주남 어릴때부터 과민성대장증후군     작년부터 원인모를 두드러기로 병원 다니다가 더 심해져 두드러기부분이 염증처럼 반복적으로 발현  설사 변비  기능의학병원에서 피검사 위액이 너무 적어 장에서 소화가 잘 안돼 그럴 수 있다는 진단  노르믹스 한달  소화제 항히스타민 콜킨정 할록신정   개월가량 처방 꾸준히 복용 후 두드러기 염증은 다 아물었고 두드러기     사라짐     최근 설사 다시 잦음 설사에 위액이 섞인듯 황토색설사   평소 복통 황달 식욕저하 체중감소는 없었습니다    가족력은 없습니다   위 증상을 볼때 췌장암 관련 검사를 받는게 좋을지 문의 드려요,영상의학과
126,뇌CT찍었는데 뒷통수 뇌가 화상입은듯이 뜨겁습니다 ,  분을 찍는다치면  분정도를 조영제없이 왔다갔다 했습니다  이때 시작하자마자  분도 안되서 머리뒤통수가 서서히 뜨거워졌는데 원래 그런가보다 하고 계속 베개에 누워있었는데   CT다 끝나고나서 나와도 머리 뜨거운게 안 없어지는겁니다   그리고 소화도너무안되서 뭐먹지도 못할정도고 구토증상 있어서 토할거같은거 참았구요    Ct가 엑스레이를 찍는거로 아는데    이게 CT를 찍을때 미세하게나마 열이 나오는게 맞나요    저는 머리안쪽인 뇌가 뎁혀진 기분같은게 들거든요    전자레인지처럼 피부는 손상안 시키고 안쪽을 뇌를  뎁히는게 원리적으로 가능한건지 궁금합니다  ,영상의학과
127,복부 CT 결과 판독 부탁드립니다 ,최근 체중감소  상복부 통증  등통증으로 인하여 췌장암이 너무 무서워서 찍어봤습니다  결과지 판독 부탁드립니다 ,영상의학과
128,뇌종양 mri판독지 해석즘 부탁해요,감마나이트 하고 몇달뒤 mri찍는 판독지입니다 종양이 다시 커졋다는말이 잇는지 해석즘부탁해요,영상의학과
129,뇌하수체 종양 사라짐, 년전에 종양 발견후 mri 작년 찍고 일주일전에 찍었는데 결과가 종양이 다 사라젔다는데 이런경우도 있나요  ,영상의학과
130,총경동맥 혈류,계속되는 오른쪽 어지럼증으로 개인병원에서 경동맥 초음파검사 받았는데 혈관 두께나 프라그는 이상이 없는데 우측 경동맥에만 혈류속도가 빠르다고     이런 수치가 나와서 종합병원가서 경동맥 MRA검사를 받아 보라는데 왜 다른건 정상인데도 혈류속도가 빠른건지   이수치가 위험한건지 경동맥 MRA검사를 받으면 원인을 알수있는지 궁금합니다 그리고 오른쪽으로 고개나 눈동자만 돌리면 현기증나듯이그런 증상이 오래되었는데 그원인이 경동맥 혈류속도 때문인지 궁금합니다 감사합니다,영상의학과
131,흉부ct검사 결과,나이는   살이고요 흡연은 한번도 해본적없고 담배연기 가까이도 안가는 사람입니다  한달전 쯤 종합병원에서 흉부 엑스레이랑 ct를 찍었는데 의사선생님께서 암은 아닌데 하시면서 사진을 보여주셨습니다  사진을 보면서 의사선생님께서 오른쪽 폐 한쪽 부분에 먼지 낀것같이 조금 뿌옇게 보이고 기관지 쪽도 깨끗한것 같지 않다고 말씀하셨습니다  그 외에는 문제 없었습니다  나이도 나이고 위험인자도 없다보니 의사선생님께서는 계속 암은 아니다라고 단정 지으셨고 나중에 추적검사를 해보자라는 말씀도 안하셨습니다  여러번 엑스레이 찍기도했고 ct검사결과도 별다른 문제 없다고 하셨으니 혹시 암은 아니겠죠 ,영상의학과
132,지방종 질문,어깨에 언덕처럼 혹이 있고 통증이 담걸린것 처럼 뻐근해서 며칠지켜보다가 정형외과에 갔습니다  이때는 통증은 하나도 없었구요  의사 선생님께서 지방종인것 같다고 초음파를 봤는데 초음파에서는 잘 안보인다고 하셨습니다  이게 근육 갚숙히 있으면 잘 안보인다고 하셨나  암튼 다음에 와서 혹시 모르니까 mri찍자고 하셨는데 제가 일이 있어서  안갔고 그뒤로 까먹었습니다  이거 지방종이 맞을까요  암 같은거면 어떡하죠  ,영상의학과
133,의사소견서, 년전에 목디스크랑 허리디스크로 MRI 촬영후 보험 들엇는데 이제 안아파서 의사소견서 다시 필요하다는데 보통 이제 안아프다고 잘해주나요  ,영상의학과
134,복부 MRI를 찍고 싶은데  보험 적용 가능한가요   송파   대중반 남 MRI ,건강 검진 초음파 시 간우엽 저에코 영역의심    cm  이렇게 나와서요 좀 불안해서요   개월 후 다시 검진 해라라고 하는데  알아보니깐 복부ct나 복부 mri 하면 정확하게 나온다고 해서요  복부 mri 찍고 싶은데   보험적용 가능하게 찍을 수 있나요 ,영상의학과
135,FNH 관련해서 궁금한게 더 있습니다  동탄   대중반 여 내과검진 ,안녕하세요  원장님  친절하게 답변을 달아 주셔서 너무 감사드립니다   앞전에 FNH에 관해 글을 남겼던 엄마 입니다   MRI 촬영을 앞두고 사실 걱정도 많이 되네요   그래도 간에 대해 조금은 알아두어야 할것 같아  자료들을 찾아보며 조금씩 알아가고 있습니다   헌데 CT상 FNH라고 판명된 부분이 S 구역 인데   간 그림을 보니 간 좌엽이더라구요   제가 읽은 몇 자료에서 FNH는 주로 간 우엽에 발생한다   단일 종괴인 경우   라고 쓰여져 있어서       간 좌엽에는 FNH가 있는 것은 드문것인지가 궁금합니다 ,영상의학과
136,CT가 정확한가요  MRI가 정확한가요   송파   대후반 여 MRI ,AFP수치가 정상보다 높게 나옵니다     CT보다는 mri가 정확한가여   찍을시 비용은 어떻게 되나여 ,영상의학과
137,중증근무력증맞나요,안녕하세요 저희 아버지는   세입니다 다름이아니고 아버지왼쪽눈이 이상하다는걸 어머니가 느끼셨고 안과에가서 검사를 진행했습니다  큰 병원가서 자세한 검사를 받으라는 의사소견서를 받고  월  일 대학병원에가서 MRI 촬영 등 검사를 받고 우선 처방해준 약을 이틀 정도 먹으니 호전이되셨습니다  결과적으로 의사선생님께서 검사결과 이상없으니 다시 증상이 나타나면 오라하셨습니다   아버지가 복용 했던 약은 장기간 먹으면 안 좋다고 일주일만 처방 받았습니다     달 뒤  왼쪽눈 좌우움직임에 또 이상이 생겼고 이번엔 눈꺼풀까지 처지기시작한거입니다  바로 대학병원으로 아버지 모시고 갔는데 왼쪽눈뿐 아니라 오른쪽도 문제가 있다고 정밀검사를 받자하셨습니다  상 하 좌 우 눈동자 움직임이 제대로 안움직이며 복시현상이 있어서 입원 후  CT촬영  X ray촬영 MRI촬영 소변검사 심전도검사 척추에서척수액채취 약물주입후 차MRI검사 피검사 감염이원인일수도있고 원인을알기위해 피를많이뽑아갔습니다  의사선생님말씀으로는 MRI상 이상이없으며 재발해서 오는경우는 드물다며  일입원하면서 그외 많은 검사를 받고 퇴원했습니다  약처방 받으셨고 호전 되가고 있는 듯 보이시는데  오늘 결과 들으러 병원에 갔는데  중증근무력증 증상 같다고 하셨고  그에 따른 CT를 다시한번 찍어보기로 했습니다  중증근무력증 항체가 조금 높게 나왔는데  그렇다고 그렇게 확진하기가 애매하다고 하시면서 지켜보자 하시니 딸 되는 입장에서 답답하고 어떻게해야 하나 싶습니다    월에도 그렇고 약을 드셔서 일시적으로 괜찮아지신거 같은데  또 증상이 나타나면 다시 정밀검사를 첨부터 해봐야 한다고 하니    아버지가 치매가 있으셔서 어머니가 계속 보고는 있으신데 혹시 다른데 이상이 있으신건 아닌지  지켜보다가 더 심해지실까봐 걱정됩니다 ,영상의학과
138,안녕하세요 직장암  기환자입니다   구로구   대초반여 MRI ,안녕하세요   저는  년 전 직장암  기 진단을 받았고 즉시 수술 후 항암은 받지 않았고 현재  년  개월 차 되었습니다   그런데 대학 병원에서  개월에 한 번씩 추적 검사만 받고 있었는데 한달전 ct검사에서 간에    mm 정도 크기의 두 개가 발견되어서    월 초 mri를 다시 찍어보기로 하였습니다   모양으로 봐서는 염증 같기도 하고 아리까리하다고 표현하시며 크기가 좀 더 자라야 정확히 분별 가능하다  mri 검사 가능한 가장 빠른 날이 그날이고 아직 크기가 작기 때문에 두 달 후 찍어도 상관 없다   하셨는데 불안한 맘에 문의 드리게 되었습니다   이 정도 크기에서는 현재 개발된 ct나 mri 기기로도 판독이 불가능 한 것인지 알고 싶습니다   지난달부터 두통 및 피로감과 컨디션이 급격히 안 좋아지는 것을 느낍니다   이 상황에서 한 달을 더 기다린다는 것이 맞는 건지 두려운 마음에 문의 남겨 놓게 되었습니다   감사합니다 ,영상의학과
139,유방암검진 같이 하고싶은데 엑스레이를  D로 찍으면 어떤 차이가 있나요 꼭 권장사항인가요  서울 강동   대후반 여 겨드랑이 혹  유방통증 ,안녕하세요   최근에 유방 위쪽 겨드랑이에 작은 혹이 만져지는데 유방암이랑 관계가 있을까요  겨드랑이 초음파는 따로 해야하나요  그리고 유방암검진 같이 하고싶은데 엑스레이를  D로 찍으면 어떤 차이가 있나요 꼭 권장사항인가요   유방통증은 있다 없다 해요,영상의학과
140,영상의학과,내과의사와 영상의학과 의사 차이가 무엇인지요  ,영상의학과
141,조영제는   ,왜 쓰나요     만약 꼭 써야하는대  환자가 알레르기있으면  어떻게 진행하나요   ,영상의학과
142,뇌하수체 MRI 촬영 시 뇌 전체적인 MRI 동시에 가능할까요 ,초등  학년 여아가 지속적인 두통을 호소하고 있어 뇌하수체 MRI 를 찍어보고 싶습니다  이때 조영제를 투입하는 것으로 알고 있는데  조영제를 투입한 김에 뇌하수체 MRI와 뇌 일반 MRI도 같이 찍고싶습니다  두가지 촬영이 가능한지요  미리 감사드립니다 ,영상의학과
143,뇌mri상에서 흰점이 무엇인가요 ,뇌에 mri를 찍었는데 흰점이 몇개 보이는데 이거 왜이런가요  두통과 어지럼증이 자주 있는데 이것때문은 아닌가요  혹시 치매 위험이 있는건아닌지요,영상의학과
144,MRI 검사결과 해석,MRI 결과 나왔는데 이게 무슨 말인지요      바로 병원 가야하나요 ,영상의학과
145,척추 mri 촬영,척추측만증으로 내일 병원에 가야하는데 mri촬영 할까요    폐소공포증이 아주 조금 있긴 한데    한다면 시간이 얼마나 걸릴까요 ,영상의학과
146,머리mri 질문합니다 ,mri 찍으면  체성분 근육량 지방량 이런것도 다 나오나요  ,영상의학과
147,영상의학과 ct x ray 해석좀 부탁드립니다,영상 의학과 결과지인데 해석좀 부탁 드립니다,영상의학과
148,허리 MRi 판독결과 문의드려요,L spine MRI without enhancement  S   about  cm sized  perineural cyst along right S  nerve root   axial image       rec  dermatome correlation  Otherwise unremarkable certebral bodies and intervertebral disc and surrounding soft tissues  꼬리뼈 부근 낭이 있다는 얘길 들었는데요  타병원에서 찍고 소견서를 받아온거라 한방병원 에서 진료 받아보니 정확하게 가타부타 설명을 못해줘서요  고견 부탁드립니다,영상의학과
149,Mri판독,해석 부탁드려요  이상 있는 건가요 ,영상의학과
150,어떤건지 알수있나요 ,신경외과에서 후두신경 감압수술을 하고 받은 내용입니다   Rt middle cranial fossa anterior portion small amount T  high signal intensity CSF collection       arachnoid cyst             In addition  in brain MRI  ischemic lesions and exudation in the cerebrum  cerebellum  brainstem  ventricle  and extracellular space  There were no major abnormalities such as blood  mass  hydrocephaly  atrophy  etc   and after contrast enhancement  abnormaly Announcing resion not observed   어떤 내용일까요  그리고 수술후 목부터 머리꼭대기까지 쪼여들고 뇌압이 오르는 느낌이 계속들어 너무힘들어요 심할때는 머리를들거나 움직일수가 없어요 수술후 생기는 부분일까요 아님 다시병원에 가봐야할까요 ,영상의학과
151,뇌동맥류 코일색전술을받앗고,    년 월 뇌동맥류코일색전술을받았고   윎말 입원을해서 검사를하는건지 무튼 살이과하게 복부비만이와서 병원에서도살을빼야한다해서 점핑다이어트할까한데 갠찬을까용  의학적으로아시는분 말씀부탁드립니다,영상의학과
152,어린이 뇌ct, 살 딸이 지난  월  일    cm정도 높이에서 뒤로떨어져 바로 응급실갔어요 토하고 쳐져서요 오후  시 ct랑 엑스레이 찍었는데 뇌출혈이랑 머리에 금이있다셨고 스며드는지 다음날 오전 시 ct를 다시찍었고 출혈이 더 늘어나지않았다고 하셨고  일뒤 퇴원했어요 입원중 오르핀시럽 먹엇어요 하루 두번  미리  혹시나 하는맘에 다른대학병원으로ct영상갖고 방문 했는데 출혈이 있다고 한 반대편에도 출혈이있었는데 못들었냐고했구요 다 스며들지 않은곳 출혈보자고 하셔서 ct를  월  일 또 찍었습니다  조금 피가 남아있었고 오르핀시럽 일주일치받아 먹고 오늘 내원했는데요  주뒤 또 씨티를 찍어야한다더라구요   너무 자주찍는거같은데   꼭 찍어야할까요  사진은 깨진부분이구요  오르핀시럽 못먹은  일동안 경련도없었고  머리뼈는 굳는데 시간걸린다했구요    ct가 방사능이슈가 있는데 이미   일동안 세번이나 찍었어서      분명 저선량이라 했는데  각각 dlp값이 처음병원서           두번째 병원서    나왔어요 머리만찍었구요       어린인데   이거 심한거맞죠 ,영상의학과
153,뇌 MRI 결과 해석 요청,안녕하세요  저는 현재 외국에 살고 있는   대 평범한 사람입니다   최근에 두통이 심하여 현지 병원에서 뇌 MRI를 검사하였는데 현지 의사는 특별한 설명을 해주지를 않습니다   검사 결과도 현지어로 되어 있는걸 구글 번역하여 확인은 했는데 정확한 의미를 모르겠습니다  의사님 해석 부탁 드리겠습니다    이미지 설명 기술  환자의 두개골은 펄스와 함께 자기 조영제를 주입하지 않고    Tesla 자기 공명 장치로 검사했습니다  축 T W  T W  FLAIR   관상 T W  DWI  ADC 대뇌 반구    이미지의 결과는 다음과 같습니다  정중선  변위 없음  양측 소뇌 반구   이상 없음 동계   이상이 보이지 않음   지도    Vug  뇌하수체는 T W에 저신호강도 병변이 있음  FLAIR  T W 크기     x   mm에 고신호강도   T W 펄스에서 FLAIR에는 왼쪽 전두엽 백질에 흩어져 있는 여러 결절성 고신호강도 결절이 있습니다  DWI 펄스에서 ADC 맵에는 표시되지 않습니다  병변을 보여줍니다  심실계  전도 없음     결론 영상   뇌하수체 낭종 비정상적인 백질 결절  MRI결과서라고 받을걸 구글로 번역한 내용을 올립니다  어떤 상황인지 설명 부탁 드립니다  감사합니다 ,영상의학과
154,간암 여부를 정확히 알기 위해서는 조영제 사용후 mri를 찍어야 하는거죠   송파구 문정동   대초반 여 간암 ,간암여부를 정확히 알기 위해서는 조영제 사용후 mri를 찍어야 하는 거죠 ,영상의학과
155,간 검사시 CT나 MRI를 꼭 찍어야 하나요  송파구 문정동   대초반 남 간 검사 ,안녕 하세요   작년에 건강 검진 중 복부 초음파를 했는데    mm 정도의 종괴가 확인 되었으나  초음파로는 정확히 알기 어려 우니 ct 나 mri를 찍어보라 하십니다   그런데  저는 지방간  지방 간염 외에는 모두 정상인데   굳이 ct나 mri 를 찍어 봐야 되는지 고민 중 입니다  질문     간 기능 혈액  afp 정상  음주 거의 하지 않음  B형 c형 보균자 아니며  간경화 없음  지방 간염은 있을 가능성 높음  중등도 지방간 있음  비만 체형       저는 문제가 되는 부분은 지방 간염 인데   일반적으로 간경화 없이 지방 간염 만으로  간암 되는 확률이 어느 정도 되는지요       정밀 검사를 받아야 된다면  프리모비스트 MRI 를 생각 하고 있습니다 Ct는 방사능 때문에 안 맞고 싶음   프리모비스트 는 검사 후 소변으로      배출 되는지요   그리고  프리모비스트 간 mri 를 찍으면 췌장 쪽도 자연스럽게 검사가 되는지요 ,영상의학과
156,모든 CT는 조영제를 다 맞아야하나요 ,종합검진을 하려는데  두부 부비동 복부비만 복부 흉부 골반 경추 요추 심장석회화 까지 CT촬영이 있던데 전부 조영제를 맞아야 검사 받을수있는지 궁금합니다   그 밖에 간섬유도검사 동맥경화검사 전신정량통증도검사 이렇게 있는데 ct포함  가지를 선택할수 있어요   종합검진이 처음이라 그러는데 어떤걸 선택해야할지 모르겠어요  추천좀 부탁드립니다,영상의학과
157,전방전위증,작년 건강검진때 CT촬영권이 생겨서 가끔씩 있는 요통으로 요추CT를 찍은 결과 요추 번 천추 번간 전방전위증이라는 결과가 나왔습니다  그당시는 크게 이상이 없어서 그냥 조심하면서 지냈습니다  그런데 몇달전부터 요통이 자주 있고 강도도 세지면서 허벅지 안쪽이 땡기는 증상이 있어서 병원을 찾아갔습니다 엑스레이 결과로 의사선생님 말씀하시기를 저는 선천적 척추분리증으로 별이상을 못느끼고있다가 점차 나이들면서 전방전위증으로 향했다고 하시더군요  간격은 약 mm정도로 진행이 많이 된 상태라구요  자세한 상태를 알기위해서 입원해 MRI 비롯해서 몇가지 검사를 진행하는게 좋겠다고 하셨습니다   박 일 입원해서 MRI  EMG 하지혈관도플 EX BODY  D 센투어 총 가지 검사에 비용은          원이었습니다  입원일자 정해서 다시 내방하기로 하고 그날은 신경주사한대 맞고 약을 처방받아왔습니다 제 몸 상태를 자세하게 알기위해서는 검사받는게 맞는데 시간과 비용이 만만치 않아서요  다들 이렇게 검사받는게 맞는가 싶기도 하구요  수술말고는 완전한 완치방법은 없다고 하시던데 치료받으면서 운동 열심히 해도 결국엔 수술 할 정도의 상태가 오겠죠 ,영상의학과
158,,,
159,,,
160,,,
161,,,
162,,,
163,,,
164,,,
165,,,
166,,,
167,,,
168,,,
169,,,
170,,,
171,,,
172,,,
173,,,
174,,,
175,,,
176,,,
177,,,
178,,,
179,,,
180,,,
181,,,
182,,,
183,,,
184,,,
185,,,
186,,,
187,,,
