,27,28,29
0,축구선수 재활트레이너가 되는법,축구선수 재활트레이너를 하려면 어느 대학 어느과에 가고 그 과는 어떤 과목을 보는지 알려주시고 다른것들도 알려주세요,재활의학과
1,등근육손상 레이저 조사치료,등근육 척추 중심으로 양측   cm이내 등가운데에서 허리까지 근육이 낮보단 밤에 잘때 짖눌릴때 많이 아픈데요 레이저 치료를 받고나서 만족할만큼 효과를 보았지만 재발과 호전을 반복하고 있습니다 질문   등에 물리치료의 일환으로 레이저 조사를 받게 될때 내부장기인 신장이나 대장 췌장등에 영향을 주지는 않는지요   반복해서 받을경우 시간 간격은 어느 정도로 받아야 안전한가요,재활의학과
2,코로나 검사 오후  시 질문이요,코로나 검사를 방금 빠꾸당해서 오후  시부터 다시 한다는데 그 때 해도 내일 오전에 나오나요  급해요  ,재활의학과
3,그냥 아무 말이나 해주세요,      알겠음 ,재활의학과
4,화이자백신부작용 운동시 호흡곤란 두통,  살 남자입니다  착백신까지 맞고 두달정도 되었습니다  운동을   년넘게 해왔는데 백신을 맞은뒤로 평소에는 괜찮은데 운동시 쉽게 지치고 중량운동을 할때면 지칠때까지 전속력으로 달린것 마냥 호흡곤란이 오고 두통 어지러움이 동반되며 그 여파가 한동안 지속됩니다   차까지만 해도 이런적이 없었는데   부작용이 맞는지 어디서 뭘 검사해야 하는지 궁금합니다 ,재활의학과
5,성장통 고통을 물리치료를 없애면 키 크는데 피해를 주나요  ,안녕하세요    남학생입니다 제가 성장통으로 추정 되는걸 심하게 겪고 있어가지고 물치료를 받고 있는데 받으면서 고통이 조금식 줄었습니다    핵심 질문    성장통 고통을 물리치료를 없애면 키 크는데 피해를 주나요    ,재활의학과
6,팔 다친곳이 계속아픔,제가  주전에 팔을 다쳐서  일동안 아파서 잠을 못자다가 정형외가가서 사진찍으니 이상없다고 하더라고요 그래서 다른병원가서 mri찍으니깐 금갔다고 하더라고요 팔꿈치 그래서 오늘 깁스 풀었는데 너무 아프네요 하   엑스레이찍어도 아무것   안나오고 또 팔 다치기  즈일전에 발등골절 나았는데 방학때 운동좀 하려해 더만  달동안 움직이지도 못해서 근육은 계속 빠지고 mri다시 찍어야할까요 엑스레이로는 에초에 안보여서 염증일것같음데,재활의학과
7,누워있다 일어나면 등 통증,누워있다 일어나면 왼쪽 광배근과 등이 너무 아파요 땡기는 것도 아니고  일 정도 된 거 같아요 어느 병원을 가야 하나요 ,재활의학과
8,허리디스크가 있는데 압박밴드 사용 괜찮을까요 ,종아리에 착용하는 압박밴드인데 디스크때문에 발에 피가 잘 안통하거든요    혈액순환에도 좋다해서 착용했는데 혹시 디스크있는 사람이 착용하면 역효과가 나는건가 해서요     발이 따뜻해진다는 다른사람과는 다르게 오히려 다리랑 발이 시원한  차가운 느낌이라서 얼음찜질을 하는 느낌이 들어요   안좋는 걸까요   ,재활의학과
9,골프치다 엘보우 나갔는데 다시 회복해서 칠수 있을까요 ,작년 여름  월쯤 스트레칭 안하고 드라이버부터 조졌더니 다음날부터 통증이 심하게 왔네요 처음엔 컵도 못들고 일상 생활이 굉장히 불편할 정도였어요  지금  개월이 지났는데도 뻐근하고 아직 운동할만큼으로 돌아오지는 않네요   정형외과 한의원 가도 크게 나아지는게 없구요   진짜 오래 갈거같은 느낌인데 예전처럼 운동 다시 할수 있을까요    어떻게 해야할까요,재활의학과
10,척추층만증,   치료중에 옆으로 누워서 자면 안되나요     옆우로 자려면 다리사이에 배개를 끼고 자야하나요      살인데 도수치료랑 운동이랑 하면 완치될수 있을까요    앞에서 봤을때 x ray로 휜게 척추 층만증인가요 옆에서 봤을때 거북이 처럼 휘어있으면 그것도 척추 층만증이라고 부르나요     지금 완치해도 뭔가 남아있어서 나중에 할머니가 됐을따 허리에 영향이 있을까요    스트레스 받아서 잠도 안오고 걱정이 너무 되는데 어떡하죠     다리길이가 서로 다른것도 층만증이 완치되면 해결되나요 아니면 따로 치료를 해야하나요   제발 완치됐으면 좋겠어요  정성스러운 답변 기다려요  엄마아빠한테 걱정끼치고 싶지 않아서요 지금 도수치료를 정기적으로 하는데 궁금한게 생겨서 여쭙네요 ,재활의학과
11, 개월전에 척추전방전위증 소견을 받았는데 허리를 무리를 줘서 병원에 갔는데 의사 선생님께서 꼬리뼈 위에 골반쪽 허리라고 해야하나요 여튼 허리쪽, 개월전에 척추전방전위증 소견을 받았는데 허리를 무리를 줘서 병원에 갔는데 의사 선생님께서 꼬리뼈 위에 골반쪽 허리라고 해야하나요 여튼 허리쪽 뼈가 좀 벌어져있다고 하는데 지금까지 아픈데 사진 상 등이 뒤로가있고 몸이 오른쪽으로 가 있고 골반은 왼쪽 으로 가고 치료를 어떤식으로받을까요  ,재활의학과
12,왼쪽 관자놀이  눈 안쪽이 아파요,통증이 수분 수시간에 한 번씩  초  정도간 잠깐씩 지끈지끈  아픈데요 이게 며칠째 이어지니 신경이 쓰여서요 관자놀이 부근이라 해야할지 눈 안쪽인지 중간  부분인데 어느 병원에 가서 진료 받으면 좋을까요 ,재활의학과
13,골반 뚝 소리,고 인데 중딩 때부터 좀 오래 앉아있다 일어나면 뚝 소리가 났어요  양쪽 다 났는데 몇년 그렇게 살다가 태권도 다니면서 옆차기 하다가 지탱하고 있던 왼쪽 골반  이 좀 많이 아프긴 했어요  하지만 심사 앞두고 있어서 계속 했거든요  얼음찜질 가끔씩 하고 그랬는데 그 날 이후로 뚝 소리는 더 자주 나고     어쩌다 진짜 세게 뚝  소리나면 몇 분 아프다가 말아요  그리고 전 왼쪽 골반이 틀어진 줄 알고 나름 걸을 때 교정하면서 걷고 왼쪽으로 틀어지는 자세들은 거의 안 하고 그랬는데 보통은 몇 개월이면 고쳐지는데 얘는 몇년이 지나도 안 고쳐지는 거예요 그래서 엄마한테 말하니까 발차기 잘못해서 왼쪽 골반 인대가 늘어났다   하시는데 일단 제가 궁금한건 왼쪽 골반이 틀어진 건지 인대가 늘어난 건지 아무튼 왼쪽만 벌어진 느낌이 나요 걸을때 왼쪽발이 틀어짐  의자에 앉아있으면 왼다리만 벌어짐  그리고 앉아있다가 일어나면 왼쪽골반에서 뚝 소리가 크게  많이 나요  오늘같은 경우는 일부러 시원하려고 골반 쭉 내밀면서 기지개 피다가 진짜 소리 엄청크게 나고 뭔가 걸린 느낌    아파서 바로 앞으로 꼬꾸라졌어요 저도 모르게     점점 심해지는 거 같은데   제 진로가 체육쪽이라 최근들어 운동을 좀 많이 하고 격하게 하는데 걱정됩니다   이 골반으로 계속 운동해도 될지   커서 더 심해져서 아예 운동 못 하게 될까봐 걱정되기도 하구요    네이버 쳐보니까 골반소리나는 이유가 한 세가지 정도 있던데 저는 다 아닌 거 같아요  하아  답 좀 알려주세요   그리고 치료법도요   병원을 꼭 가야 할지 집에서도 해결 가능한지  긴잡소리 읽어주셔서 감사합니다 ,재활의학과
14,척추측만증으로 인한 어깨말림,척추 허리 부분이 오른쪽으로 기울어져 있고 그로인해 오른쪽 어깨도 말리고 그 오른쪽 어깨 부분에 힘줄 부딪치는 소리가 나는데여 이 어깨에 힘줄 나는 부분을 정상화 할 수 없을까여   어떤 병원가도 별 고칠 방법이 없다는데 진짜 없는건가여   힘줄 나는 소리라도 없애 고 싶은데,재활의학과
15,망상장애 조현병 환자는 어떻게 해야 할까요,저희 어머니가 망상장애 중 부정망상 증세가 있으신 것 같아요  옛날보다 증세가 매우 심각해졌는데 이제는 오해를 걷잡을 수가 없고 자신이 잘못 본 장면도 모조리 상상을 더해 진실처럼 믿으시고  실제로 본 것 처럼 믿으세요   환청환각은 없으시지만 지난번에는 자신이 다른 여자 냄새를 맡았다고 하셨어요 제가 맡았을 때는 아니었어요   가족들이 너무 힘들어하는데 심지어 청각장애가 있으셔서 말씀도 못하시고 듣지도 못하셔서 수화로 소통  병원 심리 상담도 어려우시고 약 처방이라도 받는게 나을 것 같은데 병원 종류가 많아 막막합니다   힘들 때 마다 강제입원도 생각하는데 가셔서 배신감에 힘들어 하실까봐 걱정됩니다    도움 부탁드립니다,재활의학과
16,팔골절수술후 열꽃  화상처럼 보임,골절수술후 재활시 파라핀 온찜질 후 수술부위가 사진처럼 열꽃핀거처럼 팔 안쪽만 저렇게 됩니다  평상시에는 그나마 덜한데 온찜질후 더 진하게 보입니다  혹시 저온 화상인지 피부과 가봐야 되나요  통증이나 가려움 은 없습니다  수술한지  개월 됬습니다,재활의학과
17,무릎 테이핑이요,테이핑 원리가 이완시켯을때 테이프붙여서  수축할때 피부뜨게해서 혈류상승시켜서  회복력높이는거잔아요   예들어 무릎테이핑시   도에서 시작하는데  아주   도말고 다리아주접어서  도  그러니까 허벅지뒤 종아리뒤 서로 붙는거죠  그상태로 테이핑하면안되나요  그럼  폇을때 더 쪼글쪼글해서 혈액순환되지안알까요   그리구   도로 하면 다리 아주접엇을땐    도에서 테이프붙엿을때보다 그땐 역으로  피부가 테이프보다 늘어나서  본래 테이핑의 목적과 반대되는거아닌가요   결과적으로 일상중 반만 효과잇는거아닌가해서요   도로하면 더많이 효과가잇지안을가해서여쭤봅니다,재활의학과
18,췌장염 증상인가요  윗배가 너무 아파요 ,자려고 누웠는데 갑자기 윗배 쪽이 너무 아팠어요  갑자기 누워서 그런가 해서 계속 누워있으려는데 계속 말로 표현하기 좀 어려울 만큼 아파서 앉아서 허리를 구부리고 있는데 통증이 덜 해지더라고요  허리도 아프고 그래서 다시 누우려는데 또 누우면 윗배 통증이 더 심해져요  이거 무슨 증상인가요 ,재활의학과
19,발톱멍 고통,발톱에 멍 들어있고 계속 아파요 병원가하나요  빠지면 어떡하죠  빠지면 얼마뒤에 나죠  발톱빠져있는동안 축구 하면 안돼나요 ,재활의학과
20,재활치료학과 병원취업 질문,제가 속한 대학에 재활치료학과가 있습니다 학과 소개의 취업 정보란에 재활병원이 포함되어있는데 이해가 되지 않는 부분이 있습니다  치료에 가담할 수 있는건 물리  작업 등의 치료사 면허   간호사 면허  등의 직종이고 재활치료라는 직종이 아직 없는 걸로 알고 있습니다  재활의학이 아닌 재활치료라면 면허가 없을거고 비슷한게 있다고 하더라도 국가자격증이 아닌 민간자격증일텐데 이게 병원취업이 가능한가요   학교랑 계약맺은 병원이 있다고는 하지만 그래봐야 물리치료  간호  임상병리를 채용하고 재활치료는 채용을 안할 것 같더라구요  재활치료학과의 진짜 취업계열은 어디쪽인가요 ,재활의학과
21,교통사고 주상골골절,안녕하세요 오토바이운전중 상대방차량 불법유턴으로인해 정면으로 부딪쳐 과실   대영 인정받앗는데요 착지과정으로 오른손주상골에 금이갓네요 이러한경우 몇주진단을받을까요 그리고 합의금도얼마정도 예상한가요 ,재활의학과
22,제가 집에서 운동하려는데 자꾸 통증이 와요 ,제가 보통 집에서 유연성 운동 같은 걸 하는데 하고 나면 너무 무리하게 해서인지 가랑이 찢어지는 느낌 말고도 신경이 찌릿찌릿해지는 그런 통증이 오는데 어떻게 하면 운동을 그런 느낌이 안 들게 할 수 있을까요  밖에 나가서 걸을 때도 걷는 거 잘못하면 골반이 아프고 찌릿하게 통증이 와요  자꾸  제가 근력 운동이나 유산소 운동 이런 거 하나도 안 되어 있거든요   운동의 기본 좀 알려주세요  진짜 운동을 너무 안 한 사람들이 초반에 가볍게 할 수 있는 운동으로 신경 건드리지 않는 운동으로요     진짜 아시는 분만 답변해 주세요  운동에 대해서 아시는 분만요   제가 진짜 운동을 안 해봤던 사람도 아닌데 신경이 찌릿찌릿할 정도로 통증이 오니 불안하네요 ,재활의학과
23,허벅지 옆쪽이 찌릿찌릿해요,제가 두 세달쯤 전부터 어느 날 허벅지 옆쪽이 만지면 마취하고 덜 풀린 느낌이고 가렵고 해서 한참을 긁고 그랬는데 그래서 허벅지에 긁은 자국이 좀 심하게 남았었어요 그러고 긁은 흉터는 좀 없어졌는데 요즘들어 그게 더 심해진 것 같아요   골반쪽에서 좀 내려간 쪽인데 톡톡 치거나 그러면 찌릿찌릿하고 아픈데 왜 이런 걸까요    운동 하는 것도 딱히 없고 그런데 병원을 가면 어느 병원을 가야하죠,재활의학과
24,손목뼈 재활,안녕하세요  얼마전에 손목뼈가 부러져서요  다시 붙었긴 했는데 재활훈련 하고있고 한의원가서 침맞고 찜질도 하는데 통증이 있어요  뼈도 정상적으로 잘 붙었는데   왜이런거죠  ,재활의학과
25,종아리 힘줄 파열,종아리 뼈 옆에 힘줄이  cm정도 파열되었습니다 걸을때 종아리가 불편하고 계속 묵직합니다     년동안 근육통인줄만 알았다가 지금에서야 병원가서 힘줄파열임을 알았습니다    힘줄재생주사를 맞았는데 그 외에 집에서 어떤 치료를 해야 힘줄이 붙을까요     걷기는 도움 될까요    온찜질이나 스트레칭 괜찮을까요     체외충격파도 도움될까요 ,재활의학과
26,거북목이 생긴거같아요,목을 똑바로 들면 머리가 무겁고 묵직해요  살짝 앞으로 빼면 조금 편하고요  거북목 치료 가능한가요,재활의학과
27,무릎 추벽증후군 수술 하고 재활 얼마나 걸리나요 ,질문 추벽증후군 수술 하고 재활 얼마나 걸리나요  안녕하세요  최근에 mri찍고선 추벽증후군 판정받았습니다   현재 운동을 하루에 한시간씩 꼭 하고있고 무릎이 아프고 나서는 하체운동을 하지 않았습니다 걷는데는 괜찮고 Mri에서도 연골이 눌려서 파열되고 그러진 않았다고 합니다  그런데 제가 운동도 좋아하고 돌아다니는것도 좋아해서 추벽제거수술을 하려고하는데 이론적으론 퇴화되지않은 막을 제거하는거라 바로 일상생활이 가능할꺼라 보는데 연골에 이상이 없고 했을때 건강한상태에서 추벽제거수술을 하면 재활치료가 몇개월 필요할까요   사람에 따라서 바로 다음날부터 아무렇지 않게 걷는사람도 있고  개월길게는  년까지고 불편한사람이 있다고 하는데   걱정입니다,재활의학과
28,뇌경색요양병원 발병  개월 이내 입원하는게 좋다던데 무조건  개월 이내에 해야 하나요   강남   대중반 여 뇌경색요양병원 ,안녕하세요   어머니께서 뇌경색 진행중이시라 뇌경색요양병원 재활치료를 알아보고 있습니다   인터넷 검색해보니까 뇌경색은 발병  개월 이내에 재활 치료해야 좋은 결과가 있다고 하더라구요   저는 뇌경색요양병원 알아볼 때 꼼꼼하게 알아보고 이것저것 비교해가면서 천천히 하다보니 시간이 좀 촉박한거 같은데   개월 넘어가면 아예 효과가 없는 건가요 ,재활의학과
29,척추전방전위증 식단을 어떻게 해야될까요 ,어머니께서 전방전위증으로 허리가 많이 좋지 않으신데  비만이셔서 허리에 더 부담이 갑니다   평소에 고탄수 저지방 저단백 식단이 습관 되어 있어서  너무 걱정이라 식단을 개선 해야지 통증이 나을거 같아요  혹시 도움이 되는 음식이나 식단이 있으면 도와주세요,재활의학과
30,정형외과 물리치료팀,정형외과에서 수술 받고 물리팀에서 하는게 걍 재활팀에서 재활훈련 하는거라고 생각하면 되는 건가요  ,재활의학과
31,누우면 엉덩이 근육 이나 허벅지에 이상한 느낌이 나서 힘이들어가게 됩니다 그래서 이것때문에 잠도 못자요 자세가 불편해서 이거 무슨증상인가여  ,누우면 엉덩이 근육 이나 허벅지에 이상한 느낌이 나서 힘이들어가게 됩니다 그래서 이것때문에 잠도 못자요 자세가 불편해서 이거 무슨증상인가여  ,재활의학과
32,체스트프레스 자세와 어깨 통증에 대해 질문드립니다,헬스장에서 체스트프레스를 하던중 갑자기 트레이너 한명이 와서 자세를 봐줬었습니다  그러다 오른쪽 어깨가 올라가 있다고 자기가 누르고 있을테니 해보라 해서 알겠다고 했고 어깨를 누르는 동시에 통증이 느껴졌지만 그냥 참고 체스트 프레스를 했었습니다  그렇게 계속 하다 어깨가 아프다 하였더니 그건 회원님이 라운드숄더여서 그런걸 수도 있다고 하는데 눌러서 아픈 건데 이게 라운드 숄더랑 상관이 있나요  그 뒤론 안 누를테니 해보라 하여서 좀 반복 하고 집에 왔습니다  근데 그 뒤로 어깨 통증이 조금 지속되고 시린 느낌도 일주일이 넘게 지속 되고 있습니다  아무리 생각해도 체스트 프레스 할때 어깨를 내리고 하는 건 알겠는데 어깨를 손으로 누르고 있는 상태에서 하는 건 아닌 거 같고 누르고 했을 때 통증 때문에 지금도 어깨 통증이 이어지는데 이게 회전근개파열인가요  그리고 체스트프레스 할때 어깨를 손으로 누른 상태로 하는 경우가 있나요 ,재활의학과
33,손목 살 파임 질문 원래 이게 정상인가요 ,제가 손목이 얇은 편이긴한데요  사진 동그라미부분 보면은 안으로 파여있어서요 저희 가족은 안그러는데 제 몸에 문제가 생긴걸까요      에   입니다  제가   키로 유지했을때는 없었던거 같았는데   ,재활의학과
34,동국대 일산병원 밥  와이파이,내일 동국대 일산병원 입원 예정인데 밥 맛있나요  와이파이 사용 가능한가요 ,재활의학과
35,어느쪽 어깨가 처진건가요 ,왼쪽어깨를 책상위에 올려놓고있으면 금방 어깨 결리고 그러는데  오른쪽어깨는 올려도 쌩쌩합니다    잘때도 오른쪽으로만누워서자는데 지속되면 얼굴비대칭이 생기기도하나요 ,재활의학과
36,교정 순서 알려주세요  ,제가 고관절도 전방경사이고 척추도 약간 왼쪽으로 틀어졌습니다  그리고 거북목하고 라운드숄더 다리도 오다리끼가 있는데 어디부터 교정을하면 좋을까요  ,재활의학과
37,머리가 너무 아파요,머리가 어지럽고 지끈 거린다기보다 머리 속 안을 누가 묶어놓고 점점 조여오는 기분이라 계속 머리를 주먹으로 툭툭툭 세게 때려야 조금 시원해지고 괜찮아지는데 혹시 왜 이러는지 알 수 있을까요   ,재활의학과
38,햄스트링 힘줄 파열,그냥 다리가 근육도 쫌 찢어지고 무릎 뼈 쪽에도 피로골절 있는데 의사쌤이 한 말중에 가장 기억나는게 힘줄이 끊어쟜다고 했거든요    근데 인터넷 찾아보니 근육과 달리 힘줄은 자연적으로 치유가 잘 안되서 회복이 안된다고 들었습니다  그럼 그 끊어진 힘줄은 제 몸 속에서 피가 부족해서 썩어들어가지 않나요  제거수술이 필요한 것은 아닌지 궁금합니다,재활의학과
39,무릎휨   ,아니 정면으로 전신거울 봤을땐 무릎이 휘었고 그냥 앉고 다리 뻗었을땐 아닌거 같은데    무릎휘은거 어떻게 해야하나요 스트레스인데 ,재활의학과
40,발목 다치는법,  분만에 발목 다치는 법 알려주세요  주일  주까지 아프면 좋겠어요   시까지 답해주세요 걸어다닐수 있는데 좀 아프거나 병원에서 깁스만 할정도로 하면 좋겠어요  그리고 하지마라 위험하다 부모님이 낳아주셨는데 등등은 하지 말아주세요 사정이 있는데,재활의학과
41,발목 삐끗하고  달 이상  발목 종아리 통증,발목을 심하게 삐끗하고 발목 불안정증 부골있음  삐끗할 당시 못걸었습니다  병원에서 인대 늘어난 것 같다고 해서  주간 반깁스  물리치료 했습니다   현재 걷는것에 지장은 없지만 발목통증 정확하게는 복숭아뼈 아래에서 시작한 이 종아리 바깥쪽 통증까지 점점 번지고있네요   병원에서는 근육라인따라서 통증있는건 근육이 놀라서 그렇다고 물리치료 하라고 하는데  별로 효과도 없고 통증부위도 계속 넓어져서 뭐 효과적인 치료방법 없을까요   한의학관련  민간요법  광고 이런걸로 답변하지마세요   정형외과쪽 의사 분이나 물리치료사분의 답변 부탁드립니다 ,재활의학과
42,척추측만증,중  학교에서 건강검진 을 했는데 척투측만증이 의심된다고 햇고든요 근데 무섭기도하고 가기도 귀찮아서 병원을 안 갔는데 제가 봐도 척추측만증인 거 같거든요  어깨가 살짝 비대칭이고 매일 짝다리하고 댕겨서   그리고 이미 초경을 해서 병원가도 소용없다고 하더라구욤  스트레칭을 해야한다고 들었는데 어깨비대칭이나 승모근이나 척추측만증에 좋은 스트레칭 추천 해주세요 직접 해보신 거루여 ,재활의학과
43,날개뼈 통증   익상견갑인가요 ,요즘 날개뼈 안쪽에 통증도 있고  잘 때 누우면 왼쪽 날개뼈가 뭔가 튀어나온 느낌 이 들어서 불편해요  등 사진 찍어보니 뭔가 이상한데  날개뼈가 어떤 상태인가요 ,재활의학과
44,근육이완약,제가 착추측만증때문에 엉덩이가 아파서 근육이완약 처방받아서 먹는데 이번에 근육만들려고 헬스장에서 피티 받으려고 하는데 근육이완약먹으면 근육이 잘 안붙을까요  그리고 엉덩이 통증있는데 운동하면 안될까요  참고로 여자라 하체운동 많이 하려고 하는데,재활의학과
45,다리가 계속 저려요,그저깨 하체운동을 평소 보다 강도있게 진행했습니다  그러고 어제 아침에 일어난 후 부터 다리에 뭔가 힘이 안들어가고 발의 감각도 무딘것 같고 틈만나면 저리는 증세가 오네요      앉아있을때도 뭔가 무릎이 이상한것 같고 저려오고      운동을 너무 심하게 해서 그런가요   갑자기 이러니 당황스러워서요 하체운동을 잠시 쉬는게 좋을까요  ,재활의학과
46,코로나 검사,대전 시청에서 내일 코로나 검사를 하려고 하는데 빨리가면 갈수록 결과가 빨리 나올까요 ,재활의학과
47,고개가 아파요,모가지가 너무 아픕니다 아까 때밀다가 잠들었는데 그때 잘못 자서 그런걸까요   아  진짜 숙제해야되는데 집중이 안돼요 근데 엄마는 별로 진지하게 생각하지 않아서 짜증이 나고요 이거 어떻게 해야 풀리나요   그리고 평소에 공부할 때도 자세가 안좋은데 의식할때마다 고쳐도 안고쳐지는거 같고 계속 거북목자세로 있는거 같아요 아직 중 인데 너무 짜증나고요 바른자세 잘 유지할 수 있는방법 알려주세요,재활의학과
48,종아리 비대칭 이유,종아리가 한쪽만 비대칭인데 이유가 뭔지 궁금해요 다른한쪽은 괜찮은데 한쪽은 발목쪽에 살이 없고 종아리쪽으로 다 올라간 느낌이에요   다리를 이쪽으로 많이 꼬긴하는데 꼬는것도 원인이 될 수가 있을까요  이유가 뭘까요 그렇다고 오다리는 아닌데    지방이식을 해야하나요  아니면 병원같은데를 가면 해결 가능할까요  ,재활의학과
49,후방십자인대 재활질문,작년 월에 오토바이 타다 사고가나서 수술할 정도는 아니라고 하셔서 바로 보조기를  달  정도 했습니다   그런데도 무릎이 너무 아파서 다른 병원을 갔는데 통깁스 달을 하고 보조기  달  정도를 하였는데 의사 선생님께서 보조기를 풀고 걸어다니자고 하셨습니다  하지만 그래도 계속 아파서 병원을 가니 별 다른말은 없고 근육이 많이 빠졌으니 근육운동을 하시라고 말씀하셨습니다  지금 상태는 자고 일어날때마다 아프고 무릎 보호대를 달고 삽니다   시간이 지날만큼 지났는데 지금부터라도 저 혼자 유튜브에 올라온 영상을 보고 재활이 가능할까요 ,재활의학과
50,뛸 때 허벅지 통증,제가 운동을 다니는 중인데 항상 가서 근력 운동은 거의 안 하고 런닝머신을 뛰어요    분     분 동안 하는데 뛰고 걷고를 반복하는 식이에요  초반에  주 정도는 안 그랬는데 요즘 뛰기 시작할 때나 뛰고 나서 허벅지에 통증이 있어요   약간 아프다기 보다는 힘이 쭉쭉 빠지면서 뼈가 쑤신 느낌     한창 뛰는 와중에는 그게 잘 안 느껴지는데 뛴 후나 다시 뛸 때는 계속 그 느낌이 드네요  제가 다리 관절에 무리가 갈 정도로 체중이 많은 편은 아닌데 왜 그럴까요    근육이 부족해서인가요   ,재활의학과
51,한쪽어깨 라운드숄더 팔길이 불균형 도수치료,  대 남성이고 헬스를 오래했습니다  최근에 오른쪽 어깨가 앞으로 말려있고 오른쪽 팔이 왼쪽보다 짧다는걸 알게되었습니다 이때문에 등과 어깨운동을 할때 자세도 틀어지고 왼쪽 근육에만 자극이 더 많이 와 근육 발달도 걱정됩니다  검사를 받아봐야알겠지만 대부분 이런경우 도수치료로 호전이 가능한지 궁금합니다 ,재활의학과
52,미숙아 뇌 MRI 질문입니다,안녕하세요 이번에   주로 미숙아 아이를 출산한 아빠입니다 다름이 아니라 니큐에서 이제 퇴원하려고 뇌 MRI를 찍었는데   주  대뇌 크기가 서로 불균형 하다고 합니다 좌뇌 우뇌 크기가 서의    비율이고요 좌뇌는 주름이 많이 있는데 우뇌는 주름이 절반정도 없는것처럼 밋밋합니다  병원에서도 정확한 변명을 모르겠다고 하고 비슷한 병명은 몇개 찾아봤지만 똑같은 증상은 못찾아봤습다  병원측에선 일단 장애로 등록하고 재활치료을 진행해야 할거같다고 하는데  혹시 뇌가 더 커질 가능성이 아직 남았는건지 아니면 이대로 장애판명받아서 있어야 하는건지  답뱐부탁드립니다,재활의학과
53,비만도 계산하는법좀 알려주세요 ,님 몸무게는 정상이다 이런거 말고 자신의 키에서 뭐를 빼고   약간 이런거요    키       몸무게   입니다    마른편은 아니죠  ,재활의학과
54,근육통 오미크론,평소 근육통이 자주 있는편입니다 하루전부터 양쪽팔둑 양쪽종아리 근육통이동시에 생겨 진통제를  회  알씩 태이네놀복용 햇는데 통증이가라앉지않네요 열이나 기침 목아픔은 없읍니다 혹시오미크론 걱정이되는데 궁금합니다,재활의학과
55,엉치아픔이유,최근에 허리건강이 염려되어 매트리스 말고 바닥에 토퍼를 갈고 자는데요 잠깐은 괜찮은데 오래 누워있으면 엉치가 아픕니다 왜이러는걸까욫 ,재활의학과
56,발 골절 증상 새끼발까락,안녕하세요 제가 화장실에서 나오다가 문지방에 발을 밖았는데 너무 아파서요   발톱이 조금 나가서 피도 나구요 원래는 빨리 화복됬는데 지금은 한  시간 넘게 아파서요 새끼발이 약간 이상한 느낌으로아픈데 내일 병원이 다 안열어서 월요일에 사진 찍어보기로 했는데요 혹시나 진짜 골절인가 해서요    골절 되면 무슨 증상부터 생기나요 ,재활의학과
57,손목 부상,작년 여름쯤에 오른쪽 손목을 다쳐서 반깁스를 했었어요 그러고 작년 가을부터 오른쪽 손목이 저려오더니 오른쪽 발목까지 같아 저려왔거든요 그러다가  월 중후반 쯤에 손목이랑 발목이 너무 아픈거에요 그래서 스트레칭 해주고 그러다가 며칠전애 손목이 심하게 저려서 갈색 압박붕대를 해주고 있는데 병원 가야하나요 ,재활의학과
58,무릎탈구 질문,제가   년도에 무릎이 두번 빠졌었는데 그때는빠질때 다리에 힘이 풀릴정도로 아프고 주저앉았었거든요 지금 보조기를 빼고 일상생활중인데 또 재발할 수 있다고 해서요 근데 지금 또 갑자기 다리가 아프네요 아플 계기도 없었고 빠지는 느낌이 나질 않았는데 아픈 느낌없이 빠질수가 있나요 ,재활의학과
59,등근육 숄더,견갑골을 내린상태에서 찍은사진입니다 오른쪽은 근육이 성장함과 동시에 승모가 내려간 상태인데 왼쪽은 근육도 별로 안크고 승모근도 안내려갑니다 어떻게 해야할까요 ,재활의학과
60,발목 보호대,발목 인대가 늘어나서 깁스 풀었는데요 잘 못걸어서 보호대 차고 걸을려고 약국에서 보호대 아무거나 사서 찼는데요 엄청 꽉 조이는데 괜찮나요  집에서 이거 차고 걸어 다녀도 돼요  잘 때는 빼고 자나요 ,재활의학과
61,허리디스크,오늘 저녁에 침대에 엎드리려다가 갑자기 뒤쪽 허리 오른쪽   부분이 찌릿하고 아팠어요    이유는 모르겠는데 허리디스크인가요  다리는 저릿한 건지 아닌지 잘 모르겠네요     누워있거나 서있을 땐 괜찮은데 조금 숙이면 엄청 아파요    지금은 배 찜질하는 기계로 허리 찜질하고 있는데 나을 때까지 스트레칭은 안 하는 게 낫겠죠    나을 때까지 계속 누워있어도 괜찮은가요   ,재활의학과
62,십자인대 통깁스중 할수있는 운동,안녕하세요 제가 축구하다 무릎을 다쳤는데요 반월상연골판파열 십자인대파열 슬개골탈구 슬개골내측골절  또 슬개골 잡고있는 좌우인대 근육 파열 이렇게 진단받고 젊어서 수술 안 하고 통깁스  주 재활  주 하자하셔서 깁스를 하고있는데요 이게 무릎이다보니까 깁스가 허벅다리쪽까지 와서요 딱히 할수있는 운동이 없더라고요 십자인대를 다쳐서 다리가 안들어지니까 누워서 레그레이즈를 할수도 없고요 다친발을 쓰면 안되니까 플랭크나 푸쉬업 뭐 그런것도 안되구요 목발없이 걸을수가 없어서 누워만 있다보니까 건강걱정도 좀 되고 운동도 하고싶고 살찌면 또 짜증나서   할수있는 운동이 있을까요 ,재활의학과
63,체형교정이요,등이 일자라서 통증이잇습니딘  체형교정을 먼저하고 운동을해야할거같은데요  결과적으로 운동하는 튼튼한몸가지고싶습니다  일단 골다공증을 심하게가지고잇습니다    세이고 골다공증 약먹고잇습니다  어떻게 치료에 접근할지 조언부탁드립니다,재활의학과
64,창원대학교 근처 재활센터,제가 허리디스크가 있는데 그렇게 심하지는 않습니다   이번에 창원대 가는데 몸 좀 예쁘게 만들고 벌크업도 하고 싶은데 근처에 허리디스크 전문 재활센터 있나요  만약 있다고 해서 가서 운동하면 일반 헬스피티 받는 것 처럼 몸이 좋아지나요 ,재활의학과
65,손 화상으로 인한 수술은 어디로 문의하면 좋나요 ,외국인 유학생이 한국에  년 정도 있었는데 어렸을 때 입은 화상으로 인해 오른손의 손가락 일부가 붙어있습니다   수술을 알아보고 싶다고 하는데 국내에 이런 케이스가 많지 않은거 같아서 문의 글 올립니다   어떤 병원  어느 과에 문의해야 할까요   혹시 괜찮은 병원이 있으면 추천도 함께 해주시면 감사하겠습니다 ,재활의학과
66,척추 후유장애 보험금,안녕하세요 낙상으로 척추를 다쳤는데요  내원시 임상적추정 주상병 요추의 파열골절 요추 번  부상병 등의 압박골절 흉추    번  부상병 흉추 극돌기골절 패쇠성 흉추 번  부상병 흉추 횡돌기골정 패쇠성      번  부상병 천추의골절 천추 번  내용은 이렇고   요추     흉추      나사못  개고정 수술  팔  창상의 기타세척  수술 받았습니다  이 경우 나사못 고정수술만 지급받게 되나요  다친뼈 빼고  마디 고정으로 보는게 맞나요  팔에도 흉터가 크게 남았는데 이런건 안되는건지요 아  그리고 국가장애판정  먼저 받아놓는게 좋을까요 ,재활의학과
67,생활 속 허리  목 펴기 질문,습관인지 앉아있다 보면 등을 자꾸 구부려서 앉게 되더라고요   의식하려고 하는데 잘 안되네요  허리를 곧게 펴서 바른 자세로 앉는 습관 만들기 팁이 있을까요 ,재활의학과
68,수원역 재활병원,부모님이 고관절 수술을했어요  그리고 곧 퇴원입니다   집에 있을수가 없으니   재활병원을 가야하는데  병원 추천좀해주세요 지금 급하네요 ,재활의학과
69,퇴행성디스크로 재활치료 전문병원  ond 재활pt  어디로 가야하나요,  살 남자 최근 mri 퇴행성디스크 판정받았습니다     번     번 사이 퇴행성디스크 및    번 사이 디스크 약간의 파열  현재 통증완화주사  회 정도 맞은상태이고 일상생활 통증 및 누워있을때 통증 으로 너무 고통을 격고 있습니다  근본적인 치료를 찾고자 상태에 맞는 올바른 운동을 해야 한다 들어서    재활전문병원 에서 실손을 받으며 도수 재활 등등 같이 치료를 받느냐    재활 자격증이 있고  경력   년이상된 센터에서  회   만원 정도씩 지불하며 재활운동치료만 하느냐  어떤게 더 빠른시간내에 효과적이고 올바른길인가요 ,재활의학과
70,경기도 광주 생활치료센터,저희 오빠가 코로나 양성 판정 받았는데 경기도 광주에 생활치료센터 자리가 없어 자택치료 하라는데 맞나요 ,재활의학과
71,허리디스크 복근운동,허리디스크 터진지  개월 됐습니다  방사통 때문에 앉지도 걷지도 못했는데 지금은 흡수가 좀 되어서 빨리 걷기도 가능합니다   다만 코어근육  특히 복근 운동을 하고 싶은데 윗몸일으키기는 디스크에 치명적이라 하고 누워서 레그레이즈 또한 좋지 않은 운동이라 하더군요   그래서 플랭크를 시도해봤는데 터진 디스크가 워낙 아래쪽이라 엉덩이에 힘을주면 저릿저릿 하더라구요   당장은 아니지만 몇개월 후 체력시험 볼게 있어서 윗몸일으키기 통과만 할 정도의 복근 힘이 있어야 되는데 어떤 운동을 해야할지 궁금합니다 ,재활의학과
72,나루토   ,나루토 몇년도 배경인가요   ,재활의학과
73,그냥 궁금해져 글 올려요   ,그냥 궁금해서 글 올려요   사람이 병원에 일주일동안 의식없이 누워있다가 깼어났을때 바로 움직일수 있나요  힘이 없어서 못 움직이나요  드라마보면 한달가까이 의식없다 깼을때 재활치료 하던데 실제로도 재활걷기운동 하나요 ,재활의학과
74,임신초기 가슴통증,제가 한  일 전부터 어깨랑 가슴통증이 있는데요 어깨 근육이랑 가슴 윗쪽 근육이 땡기고 결리고 승모근이 뭉친 느낌이 나요 제가 잘 때 자세가 안 좋은 편이라 그련 것 같거든요 제가 생리가  월   일에 끝나고  월   일   월  일  월  일 이렇게 관계했는데 임신초기증상이 아직 생길 수 없죠   ,재활의학과
75,소화 및 현재몸상태,안녕하세요   대 중반 한국거주 남성입니다  하루세끼는 잘 먹고있는데요  소화가 잘 안되는것같아요  목끝에서 음식물이 걸린것처럼 텁텁하고  양치를 해도 속이 불편해요  자가격리는 아니지만 하루종일 집에 있어요  집에 있을땐 앉아서 공부를 많이 해요  산책을 못하는 상황은 아닌데 하루에 한번은  산책을 목적으로 외출하는게 좋을까요   그리고 밤에 자고 일어나면 몸에서  뼈가 뚜둑 거리는 소리도 나고  이빨도 갈면서 자는지 괜히 시리고요  뼈랑 이빨이 약해진건지 걱정되요  칼슘이 필요한건지 모르겠는데 먹을만한 영양소  추천 부탁드려요 구체적인 제품명 말씀도 좋아요  마지막으로 전체적으로 운동부족인것 같는데  어떤 운동을 하는게 좋은지도 알려주세요  그리고 동네 병원을 가야한다면 무슨과의  병원으로 가야하나요 알려주세요   ,재활의학과
76,엉덩이 힘줄파열,  세 되시는 엄마가 몇개월전부터 골반통증을 호소하다 무릎관절까지 내려오는 통증에 결국 허리및 골반 mri를 찍은결과 엉덩이 오른쪽 앉는부분 가운데 힘줄이 많이 닳아서 조금 붙어있는상황이라고 하싶니다  평생을 농사일만 하시다 그리되신거같은데   바로 수술을 해야 되는지요  대학병원에서는 한달간 약물치료와   만원상당의 주사를 맞으며 치료해보고 차후 결과를 보자고합니다  제 생각에는 이미 닳고닳은 힘줄이 강해질순 없을거 같은데 기다려봐야하는지  남아있는 힘줄이라도 어서 땡겨서 묶는 수술을 바로해야되는지 문의드립니다  값진 답변기다리겠습니다 즐거운 주말 보내세요 ,재활의학과
77,목 아플때,지금 목 감기는 아닌거 같고 목구멍이 아픈데 어떻게 해야하나요  목구멍이 침 삼킬때나 한 번씩 말할때 통증이 옵니다 어떻게 해야하나요 ,재활의학과
78,택배 언제오는건가요 , 틀째 저러고 안움직이는데 왜 저러는 걸까요,재활의학과
79,숙박업소 금연룸에서 흡연 과태료,복도나 계단등에서 피우는게 아닌 객실에서 피우고 다음날 직원이 적발시 법적으로 과태료를 청구하는게 합법인가요  과태료라는건 세금으로 들어가는건데 호텔로 내는게 맞나요 ,재활의학과
80,팔굽혀펴기 이후에 팔 통증,안녕하세요 인바디 검사하면 체지방률    에 근육발달형 체형으로 나옵니다 나이는   대초반입니다   운동을 꾸준히 오래 해왔어요 그냥 동네 헬스장을   년정도 다니며 꾸준히 운동해왔습니다  중간에 쉰 적 없이 꾸준히 운동했어요     저는 평소에 팔굽혀펴기를 한번에   개씩  세트를 해서 총   개를 해왔습니다   그런데 이번에 최대 몇개까지 할 수 있을지 궁금하여     한번에    개를 했습니다  그때 팔의 근육과 힘줄이 늘어남을 느꼈습니다  마치 고무같이 늘어나며 한계까지 늘어난 고무가 더 늘어나지 않아 끊어지는 듯한 느낌을 느꼈습니다   그럼에도 그냥 했습니다 몇개까지 할 수 있을지 궁금해서요      그런데 이 이후에      팔을 뻗으면 앞으로 뻗으면 통증이 있어요    가만히 있을 때는 아프지 않습니다   아픈 팔 부분의 외형은 정상과 같습니다  피멍 든 것도 없구요    붓거나 하는 것도 없습니다  정상적인 외형과 동일합니다     통증이 좀 오는 편이라    정형외과 진료 봤어요   염제와 진통제 처방 받았습니다 그래서 먹고 있는데요   현재  일째 약을 먹고 있는데 아직도 아프네요     일반사무직이라 육체 쓸 일 없어서   육체적으로는 휴식을 취하며 진통제만 먹고 있습니다    제 증상이 무엇일까요  ,재활의학과
81,발목 인대 부분 파열,제가 발목을 삐면서 넘어졌는데 발목 인대 부분 파열이라고 하더라구요 지금은 다친지 두달 정도 되고 다친후에 물리치료 받다가 지금은 안받고 있는 상태인데 지금은 걸을때는 안아픈데 꺽으면 아프더라구요 그리고 살짝 뻐근하고 재활운동 같은거 어떻해 하면 좋을까요     간단하게 집에서 할수있는거 부탁드려요   그리고 파라핀베스하는거 효과있나요 ,재활의학과
82,다리에 생긴 이게 뭔가요  ,몇달전부터 종아리와 다리에 이런게 생겼는데 뭐고 왜 이런건가요  제발 알려주세요    ,재활의학과
83,두번째 발가락 찌릿거려요 ,근전도 검사해도 이상없대요  멍이 들었는데 안빠져요 염좌 겪은 후부터 후유증일까요  깁스푼지    일인데 찌릿찌릿한 느낌이 자꾸 들어요,재활의학과
84,자세 불균형 치료방법,제가 말할때 아랫입 한쪽이 비대칭으로 움직이는걸 보고 심각성을 느꼈는데요   얼굴 오른쪽면이 내려앉은 상태에요 자세히 봐야 알정도긴 하지만  골반 틀어짐 자가진단을 했을때도 아마 오른쪽이 문제가 있던거같고 어깨는 비대칭인지는 잘 모르겠어요  참고로 평소생활할때 다리는 잘 안꼬려고 하고 옆으로 누워서 자요 예전엔 왼쪽 턱관절 문제도 좀 있었어요  제가 궁금한게 이렇게 몸이 죄다 비대칭에 불균형인 경우는 어떤 조치를 좀 취하면 좋을지   비대칭이 오는 자세는 무엇인지 셀프 교정을 통해 나아질 수 있는지가 궁금합니다 셀프로 교정하는 경우 어떤 영상을 따라하면 좋을지도 추천해주세요  ,재활의학과
85,휜다리  내공  ,이거 혹시 휜다리인가요  휜다리라면 무슨 종류인가요 ,재활의학과
86,제 어깨는 상견인가요 ,제 어깨는 상견  중견 하견 중 어느쪽에 속할까요  그렇게 판단하신 이유는 무엇인가요 ,재활의학과
87,가슴근육통,안녕하세여 성별은 여자구요 며칠 전부터 가슴 윗쪽 근육이랑 승모근이 아파요 쿡쿡 쑤시고 결리고 근육이 뭉쳐있는 느낌이에요 통증 부위를 누르거나 어깨에 힘을 주면 더 아프구요 운동은 안 했고 제가 잘 때 몸을 비틀고 자거나 목을 꺾고 자거나 자세가 엄청 안 좋다고 하더라구요 그거랑 연관이 있는 건가요    생리는 저번 주에 했는데 뭐 임신이나 그런 건 아니겠죠 ,재활의학과
88,아침키 저녁키 질문,여자고 아침에 기상하고 바로 쟀을때는       기상    시간 후       밤   시 쯤       인데 아침이랑 저녁 키 차이가 좀 심한데 뭐가 진짜 키인가요   점심키가 진짜 키인가여 ,재활의학과
89,한자로 한 글자로 된것들 중에,방해하지마라 상관하지마라 라는 뜻의 한 글자 한자가 있으시면 알려주세요,재활의학과
90,반월상 연골 파열 절제술 후 운동,반월상 연골 파열 절제술후  주차인데요 현재 보조기 착용후 평지 조금 씩 걷는 운동하고 집에서 유튜브 보고 대퇴부근육 강화 운동 하고 있습니다 가끔 무릎에 조금씩 통증이 오면 얼음 찜질 하고 있습니다 병원에가서 온찜질 전기 고주파 치료 일주일에 두번씩 받고 있어요 근데 허벅지 힘이 너무 없는거 같아서 발 뒤꿈치 드는 운동을 하고 있는데 혹 무릎관절이나 연골에 나쁜 행동 인가요   미국 신발광고 답변 사절 합니다,재활의학과
91,연골 절제술 재활에 대해서,제가 현재  월초에 연골   퍼센트정도 절제술하였고 현재 군대에 있는데  주동안 재활은 못하고 보호대 차고 있는데 이렇게 계속 지내면 언제 다 완치되고 이번년도에 훈련 정말 엄청 많은데 에전처럼 뛰어 다닐수 있을까요   달안 가능할까요  선임들이 저 엄첨 구박하고 눈치줘서 너무힘듭니다  ,재활의학과
92,과하게 허리가 펴져있음,척추측만증      도이고요 학생이다 보니 오래앉아있고 소파에 앉아있을때 자세가 이상해서 그런거 같아요 그리고 허리쪽이 너무 심하게 앞으로 쏠려있어서 등이랑 엉덩이 사이 굴곡이 너무심해요 그거때문에 허리통증이랑 찝찝한 느낌이 계속 들어요 이거 고칠 수 있는 운동이 있나요 ,재활의학과
93,두 다리 저림현상이 있는데 왜 그런지 알려주세요,며칠 전부터 두 다리가 불편한 느낌을 받았어요  쑤시는것도 같고 서 있으면 다리뼈가 먼가 틀어져서 아픈듯한 느낌도 있고 힘이 잘 져지지 않아 저도 모르게 짝다리로 서있게 되요  지금은 다리가 종아리 허벅지 다 저린 느낌인데 자꾸 다리를 주먹으로 두드리게 됩니다  누워서도 다리 저림현상이 있는데 뭐가 원인일까요  며칠 계속 지속되는터라 병원에 가보고 싶은데 어디병원으로 가는것이 좋을까요 ,재활의학과
94,개두술 후 측두근 함몰,재활의학과 선생님  제가   대이고 몇년 전에 외상으로 개두술 치료를 시행했었습니다  하   측두근이 너무 함몰이 되어 있어 너무 불편합니다  측두근 스트레칭이 아니라 근력 운동은 무엇이 있을까요     그리고 제 생각으로 운동법을 만들었습니다  손으로 턱을 미는 상태에서 턱은 앞으로 내밀려는 운동을 생각했는데요  이거는 교근만 재활하는 것 같아 이것도 여쭤봅니다  이것도 측두근 운동도 되나요  ,재활의학과
95,근육에 대한 질문입니다,가슴 근육이 발달하면 몸이 앞으로 당겨져 라운드 숄더가 생길수있고 거북목이 생길수있다고 알고있습니다  반대로 등근육이 발달하면 몸이 뒤로 당겨져 거북목이나 라운드 숄더가 완화된다고 알고있습니다  이렇게 보면 근육이 발달하면 부착부위를 당기는거처럼 보이는데 그렇다면 척추 기립근이 발달하면 기립근이 척추를 압착시켜서 척추뼈와 척추뼈 사이의 간격이 줄어들게 되는건가요 ,재활의학과
96,잠이 안와요,초등학생인데 잠이 안와요 그저께 부터 그랬고 오늘  시간 동안 누워 있었는데 잠이 안와요  시에 일어날건데 잠이 안와서 큰일이에요 어떡하죠 ,재활의학과
97,외상 후 스트레스 장애인가요 ,제가 어떤 걸 보면 계속 제가 싫어하는 기억이 무의식적으로 연관지어지면서 그 기분을 느껴요 딱히 그 순간이 생각나기 보다는 그때의 기분같이 역겹고 이질감이드는 기분을 느껴요,재활의학과
98,앵무새 다리골절,깁스했다가 깁스푼지 일주일 지났는데 발에 힘은 언제부터 쥘수있어요  ,재활의학과
99,앉았다 일어날때 다리펴는게 힘들어요,안녕하세요  아픈곳이있어서 질문합니다 탁자에 앉을때 한다리를 접어 무릎꿇는자세로 앉아있다가 일어나서 걸으려고하면 뒷다리가 당긴듯 힘이없는듯 해서 다리가 제대로 펴지지가 않아서 바닥을 디딜수가 없어요  의자에 앉아 접어서 누르고있던다리를 일어설때 천천히 펴고나면 그땐 바르게 걸을 수 있어요  뒷쪽 근육이 쉽게 빨리 안펴지면서 바로 일어나 걷는게 안되니 잠시 절뚝거리게됩니다  무릎통증은 없어요  다리를 주물러보면 허벅지뒤부터 종아리아래까지 근육이 많이 피로해 있는지 아프면서 시원합니다  뒷다리가 쉽게 안펴지게된 원인이 될까싶기도한데   발로 밟아서 근육피로풀기를 제가 다른사람에게 해줬는데 그때 밟을때 제다리에 힘을 엄청 줬었고 밟기가 끝나면 제다리가 덜덜 떨릴때도 있었어요  꾹꾹 세게 밟아대니 제다리가 힘들었나봐요  그후로 뒷다리당김증세가 조금있었는데 지금은 정도가 조금 심해졌고  밟아주는 것도 두어달 전에 했는데 지금은 아무런 힘주는것도 안하는데 이렇습니다 병명이나 진료과를 좀 알려주세요   전문가 의사쌤께서 시원한 답변 해 주시길 발랍니다 ,재활의학과
100,무릎 실금 난채로 유도,제가 mri 찍었는데 뭐 십자인대 앞에 무릎뒤에 아주 조금 실금 있다고 깁스도 안하고 교정대만 주셨는데 병원에서  주 지났는데 유도 운동 더시 시작해도 되나요 ,재활의학과
101,이거장애에요 ,가끔씩 다리나 팔이나 손가락을 움직이고싶고가만히못있겠어요이거 장애에요 ,재활의학과
102,교통사고 재활병원 입원해야 할까요  교통사고 후유증 때문에 힘들어서요   서초   대중반 여 교통사고재활병원 ,안녕하세요   심한 사고는 아니었어서 교통사고전문재활병원에 굳이 입원을 하지 않은 상황인데요     시간이 지나니까 점점 목이랑 허리 부위가 아파오네요   오래 앉아있기 힘들 정도라서 업무보기도 벅차구요     시간지나면 낫는다는 사람도 있고 교통사고전문재활병원에 입원해야한다는 사람도 있어서 고민이 큽니다     교통사고전문재활병원에 입원하면 확실히 빠르게 치유될 수 있을까요  ,재활의학과
103,엄지손가락 단지증,장애인가요 ,재활의학과
104,정형외과랑 재활의학과 도수치료방법좀 다른가요 ,도수치료를 정형외과에서만 받아오다가  재활의학과에선 처음받아보았습니다  지금 회받아보았는데  정형외과에서는   분도수치료받으면   분을 처음부터끝까지  치료사님이 손으로만 해주었는데  여기 재활의학과에선   분도수치료받으면   분은 손으로하는 도수치료   분은 물리치료받을때처럼 무슨 액체같은거발라서 초음파 같은걸로 문질르더라고요  원래 이렇게 하는건가요   ,재활의학과
105,허리디스크 질문,저는 디스크가 있는 학생입니다 최근 아무것도 못 하고 있으니 운동이라도 할까 생각하여 턱걸이  팔굽혀펴기 해보려고 하는데 디스크에 안 좋을까요  그리고 장시간 앉아있는 것은 어떤지 궁금합니다 곧 개학이라 학교에 앉아있어야 해서요  ,재활의학과
106,풀업 질문입니다  ,운동한지는 꽤 오래됐는데 언제부터인진 모르겠지만 오른쪽 등이 왼쪽 등과 다르게 풀업을 땡기면 자극도 부족하고 왼쪽 등과는 다르게 뻣뻣하며 특히 견갑 움직임도 부자연스럽고 풀업 자세로 팔을 위로 뻗었을때 오른쪽 상각이 좀 두드러지게 튀어나오며 만세 상태에서 하방회전 할때 견갑이 튀어나오면서 살짝 저릿저릿합니다  풀업 할때는 안그래 보이긴 하는데  우측 견갑이 척추와 좀 더 가까운 거 같습니다 풀업 당기는 영상을 보면 능형근쪽 이 볼록해지면서 양쪽 길이가 다릅니다  이거 왜 이러는걸까요  병원에서 x ray찍고 견갑 위치는 괜찮다고 그러시는데 유튜브에서 이것저것 찾아보고 운동해도 효과도 없는거같고  누가 답 좀 알려주세요    Loading                  화질 선택 옵션    Loading                  화질 선택 옵션,재활의학과
107,병원갔더니 척추측만증이라는데여,지난주에 진료하고 물리치료 했을때 엑스레이 사진 봤었는데 그때 허리가 살짝 왼쪽으로 기울어져있었는데  주일담에 다시 엑스레이 사진찍었는데 일자로 허리가 돌아와있더라구요 척추측만증은 무리해서 아프면 기울어졌다가 좀 쉬고 물리치료 받으면 다시 돌아오는게 맞나요  ,재활의학과
108,왼쪽 턱 안쪽에 말랑말랑한데 구슬같은게 잡혀요,엄지 손가락보다 작은 구슬 같은게 있는데 올해   살 중 거든요   통증은 없는데 이게 뭔가요 ,재활의학과
109,거골골절수술후  ,거골경부골절로 인해 핀고정술 한지  개월차입니다    두발로 걷고 있으나 아직까지 저림과시림 내몸이 아닌듯한 이질감등이 있으며 평지를 걸을때도 절뚝거립니다    오르막내리막길 걸을때는 통증도 있구요   죽을정도로 아프지는 않지만 짜증날정도입니다    붓기는 다빠진거 같은데 바깥쪽 복숭아뼈는 보이지만 안쪽은 복숭뼈인지는 모르겠지만 뼈가 튀어나온 부분이 없습니다  안다친발은 튀어나와있는데    병원에서는 유합도 잘되고 있다고 하고 도수치료도 주 회씩  개월째 받고 있는데 발목 각도도 좋아지는듯 싶더니 어느순간부터 진전도 없고 운동각도도 만족할만큼 나오지도 않고    무혈성괴사나 관절염 위험에서 벗어난건지도 궁금하고 평생 장애가 남을수도 있는지 아님 긍정적인 상황도 있는지 궁금하네요  ,재활의학과
110,발목 비골 골절 수술  주차 발디디기,발목 비골 골절 수술 플레이트 수술  주차 환자입니다 통기브스 어제 풀고 캐스트   보조신발 착용했는데 디디기 해도되나요  아직 뼈가 다 붙지도 않은 상태에서 발목도 각도가 젚히지가 않는데 걷기 연습을 무게 실어서 해도되요  다들 말들이 틀려서 재활빨리해야 좋다고 사람도 있고 차분하게 시간이 약이니까 하라는 사람도 있고 사람마다 틀리겠지만 빨리하자니 뼈가 안붙는게 아닌가싶기도하고 그렇다고 시간을 가지고 하자니 나중에 재활힘들어질거같기도하고 답이 안서네요,재활의학과
111,헬스 할때 통증 질문,데드리프트와 바벨로우와 같은 등 운동을 할때 엉덩이를 뒤로 쭉 빼고 허리와 가슴을 쫙 편 상태로 하잖아요  그 상태에서 운동을 진행하면 엉덩이와 허리 사이의 왼쪽 부분이 힘을 줄때마다 찌릿찌릿 한 느낌이 듭니다  전에도 하체운동을 하다가 왼쪽 다리 전면부분이 저리고 무감각해져서 허리디스크 증상인가 싶어 xray를   찍어 봤었는데 xray상으로는 허리디스크가 아니라고 하시고 mri찍어봐야 정확하게 나온다 하셨는데  이것도 허리디스크 증상일까요 ,재활의학과
112,플랭크운동 면역력 높이기  ,건강검진결과 하루  분씩 걷기운동하면서 면역 력 높이라고 했는데요   걷기운동하지않고 플랭크 운동만으로도 면역력 높일수있지않을까요   플랭 크보다 걷기운동이 더 좋나요 ,재활의학과
113,발목 손목 뚝뚝소리,제목 그대로 발목이랑 손목 돌리면서 뚝뚝 소리내는데요 많이하면 두꺼워지나요 ,재활의학과
114,전방십자인대 재건술 핀제거,지난달  월에 전방십자인대 재건술을 했는데   월에 핀제거를 해도 괜찮을까요 ,재활의학과
115,발목 인대 끊어짐,발목을 다쳐서 MRI 찍었는데 발목 인대  개중  개가 끊어졌다고 합니다  연골 쪽 손상이 없어서 의사가 운동선수 안할거면 수술 안해도 된다는데 불편할 경우 수술하라고 합니다  가끔 욱신거리는데 수술을 받을까 말까 고민중입니다  비용도 얼마 나올지 모르고   발목강화 운동이나 그런 재활운동으로 효과를 볼 수 있는지 궁금합니다 ,재활의학과
116,척추전방전위증이 맞는지 봐 주시면 감사하겠습니다 ,안녕하세요   흉추쪽 통증과 척추뼈 엇긋남에 대해 여쭤 봅니다  척추뼈의 자세한 구조는 잘 모르겠으나  요추와 흉추의 경계선 부근 흉추  번 요추 번 의 뼈에서 아래에 위치한 뼈가 튀어 나와 있습니다  마치 위에 뼈가 미끄러져 앞으로 쏠린듯이 계단처럼 되어 있어요  그 위 아래 뼈 말고는 정상적인 커브를 그리면서 위 아래 연결되어 있는거 같습니다  손으로 눌러도 통증은 없습니다  서 있을때 보다 앉아 있을때 더 차이나구요  약간 등을 구부리면 더 확인히 차이가 납니다  앉아서 허리를 반듯이 세우고 골반을 전방경사 처럼 앞으로 회전시키면서 요추를 힘을주면 뼈가 맞쳐진것 처럼 반듯해 집니다  그러다 힘을 빼면 다시 원래대로 돌아 오구요   이것 저것 찾아보니 척추전방전위증과 유사한듯한데 보통 요추와 천골 사이에서 많이 발생한다는데 저는 그 보다 훨씬 위에서 비슷한 증상이 나타나서 이게 맞는지 모르겠습니다   그리고 통증에 관해서인데  서너달 전부터 날개뼈 사이의 척추가 뻐근하면서 앞쪽 가슴쪽까지 뻐근한 방사통이 느껴 졌습니다  등을 뒤로  젓히거나 양 팔을 옆으로 벌려서 가슴을 열어주는 스트레칭을 하면 더 심해집니다   처음에는 뼈가 엇긋난 위치와 통증 위치가 달라서 서로 연관이 없을거라 생각했습니다  전에도 가끔 등의 뻐근함이 있었습니다  제가 역류성 식도염이 있다보니 심할때는 등쪽의 뻐근함이 한번씩 있었습니다  그런데 이제는 어쩌면 척추전방전위증의 영향이 아닌가 의심이 되네요   제가 여쭤 보고 싶은건    저의 뼈가 어긋난 것이 척추전방전위증일 확률이 높은지요    등의 통증이 이와연관이 있을지요    척추전방전위증이 맞다면 복부의 비만으로 인해 요추가 흉추보다 밀려서 될 수도 있는지요  제가 복부비만이 심합니다 ,재활의학과
117,부산 코로나 생활치료센터 질문,제 가족이 코로나 양성 떴는데 혹시 부산 생활치료센터 자리가 비어있을까요    요즘에 부산 확진자가 많아서  ,재활의학과
118,목디스크가 생기면 물리치료를 꼭 받아야 하나요 ,목디스크가 생겼는데 병원에 가봐도 시원한 해결책이 있는게 아니라  물리치료를 오랜동안 받으라고 해요  언제까지냐고 물어도 그냥 일단 꾸준히 오래 받으라해요  빨리  회복되거나 고쳐지는 부분이 아니라고 하면서 무조건 물리치료만 얘기하는데  시간적인 여유가 없어서 참 곤란합니다  일상에서 할 수 있는 물리치료가 따로 있을까요  ,재활의학과
119,짝발 교정,제가 왼발이 오른발보다  센치정도 더 커서 교정을 하고싶은데 교정 하면 작은쪽으로 맞춰지나요 큰쪽으로 맞춰지나요,재활의학과
120,무릎 전기 치료,안녕하세여   살 남학생입니다 제가 궁금한 점이 있어서 질문 남깁니다 제가 무릎이 안 좋아서 물리치료를 받고 있는데 무릎에 전기 치료 받으면 키 성장에 피해가 있나여    자세한 답변 해주시면 감사하겠습니다 ,재활의학과
121,동물 재활 물리치료사가 하는건가요 ,안녕하세요 현직 저년차 물리치료사입니다 어쩌다 동물재활을 보게 됐는데 동물재활도 물리치료사가 할 수 있는건가요  아니면 수의사분들만 할 수 있는건가요 ,재활의학과
122,허리 통증,임신  주차 입니다 허리가 삔 건지 뭉친건지 괜찮았는데 갑자기 통증이 오네요 한의원 가서 치료 좀 받을까 하는데 임신 이라도 문제 없겠죠  문제가 된다면 괜찮아지는 방법 이라도 알려주세요,재활의학과
123,저는  월달넘어지면서 오른쪽복숭아뼈가부서지고 그충격으로인대도 귾어져서바깥쪽은쇠를밖고 인대는 가로로드줄로연결하고 안쪽으로 직은쇠를밖아놓았읍니다 수,저는  월달넘어지면서 오른쪽복숭아뼈가부서지고 그충격으로인대도 귾어져서바깥쪽은쇠를밖고 인대는 가로로드줄로연결하고 안쪽으로 직은쇠를밖아놓았읍니다 수술한병원에서일주일은 부은것등 치료하고 이주맗에수슬하고 이주만에퇴원하여 동네 정형외과에 주입원하고나왔읍니다 재활어디로,재활의학과
124,여자 생리 전 골반 통증,아 제발 살려주세요 너무 아파요 진짜 하    학생 여자입니다  년 전인가 쯤부터 생리하기 일주일 전부터 골반이 아파오기 시작했는데 그냥 가끔 뻐근한 정도라 무시하고 살았습니다     요즘 진짜 이거 때문에 죽겠어요 잠도 잘 못자요 왼쪽 골반에만 통증 있고  딱 골반은 아닌 듯 한 게 허리 쪽이랑 가까운 것 같아요    다리를 쓴다고 해서 아픈 것도 아니고 계단을 내릴 때  일어날 때  앉을 때  누워서 자세 고칠 때 등등 다리와 허리를 같이 쓸 때라고 해야하나 그럴 때 진짜 와 아파죽어요 근육통 이런 느낌이 아니에요 그냥 제 골반 바늘로 개쑤시는 기분이에요 아파 죽겠어요 진통제 먹어보라는 글 보고 타이레놀 복용중이엇는데 개뿔 똑같애요 걍 아 너무 아파요 진짜 제발 왜 이런 건지 월경전 증후군인가 뭔가 그건지 너무 아픈데 약도 안 들으면 어떻게 해야할지 제발 알려주세요 아 제발요,재활의학과
125,오른쪽 등통증, 년전쯤 런닝을 하다가 등에 통증이 와서   분이상 운전시 등 허리가 아파서 앉자 있지 못할경도로 통증을 느끼고  한의원  정형외과 물리치료     개월정도 하고     는 아니지만 어느정도 괞찮아져서 병원을 안갔는데  한       정도는 아직도 통증을 느끼고 있습니다    계속 물리치료만 해야하는지  아님 다른 검사를 받아야한는지   검사는 어느병원에 가야하는지  무슨 검사를 해야하는지 궁금합니다   일반적인 담이라면 이정도 시간이 지나면 병원을 안가도 자연적으로 치료되는데  계속 약간에 통증이 있어 다른문제가 있는건 아닌지  치료를 받아보려고 합니다  ,재활의학과
126,코로나 증상 심함,제가 학생인데 오늘 코로나 검사를 받았거든요 아직 결과가 안나와서 집에서 쉬고 있는데 증상이 너무 심한데 어떻게 못하나요    목이 너무 아프고 목소리도 쉬고 머리는 갑자기 팍 아팠다가 가라앉고 코는 막히고 소화가 안되요   뭐 약을 먹거나 아님 뭐 목에 좋은 따뜻한 뭘 마신다거나 그런거 없나요   목이 너무 아파요  ,재활의학과
127,다리쪽의 방사통이 종아리까지 내려오지 않는 대퇴부의 통증은 디스크가 아닌 경우가 많다는데  왜 그런걸까요 ,무슨 신경이나 동정맥에 문제가 생겼기 떄문인가요   허벅지나 종아리로 방사통이 있을때  디스크로 인한건지 아닌건지 구분할때    하지직거상 검사에서 방사통이 재현되지 않으면 디스크 배제    종아리 까지 내려오지 않는 대퇴부통증은 디스크 배제 라고 배웠는데   번 문항에 대해 더 자세히 알고싶습니다 ,재활의학과
128,디스크와 디스크 유사증의 감별점이 뭔지  디스크유사증에는 뭐가 있는지 궁금합니다,디스크와 디스크 유사증의 감별점이 뭔지  디스크유사증에는 뭐가 있는지 궁금합니다  미리 감사드립니다,재활의학과
129,수원 재활병원,수원에 있는 요양병원이나  재활병원 추천좀해주세요   부모님이 척추와 고관절 수술을했는데  곧퇴원인데 재활병원이나 요양 재활병원으로가야하는데   아무것도 몰라서요  ,재활의학과
130,뇌경색 진단 이후  개월이 지났습니다  어떻게 하면 조금 더 좋아지실 수 있을까요 ,아버지가  월에 뇌경색 진단을 받으셨고 조금 늦게 병원에 가는 바람에 말씀이 어눌하셨고 거동도 조금 불편하셨습니다  도시가 아니라서  차 병원에서 혈전용해제를 맞고 난 뒤에 퇴원했습니다   근처의 유명한 재활의학과를 가봤는데 심각한 상황까지는 아니라며 생활습관과 운동 정도를 말씀하시고 별도의 치료는 받지 않았습니다   이후 대학병원에 방문하였고 역시나 비슷한 소견으로 나왔습니다   그 뒤로 현재까지 이어지고 있는데 조금 피곤하신 날에는 말이 살짝 어눌해지시는 편이고 팔의 통증은 좀 자주 느끼십니다   정형외과나 통증의학과에서는 오십견이라고 하시더라구요  아직까지 mri를 찍어보시진 않았습니다   어떻게 하면 좀 더 좋아지실 수 있을까요 도움 주시면 감사하겠습니다 ,재활의학과
131,손 너클파트의 중지부분이 펀치를때릴때마다 아파요 ,미트를치다가 통증이 생겼는데요  중지 너클파트가 피부밑 뼈위에있는 연골 힘줄같은게 칠때마다 아프고 꾹누르고 중지를 움직일때마다 아파요 냉찜질 해야할까요 병원가야하나요 ,재활의학과
132,햄스트링 부상,작년   월   일날 운동하다가 햄스트링에 부상이 왔습니다  당시에 햄스트링에서 지지직소리가  번이나 들렸고요  그래서 바로 다음날 병원가서 MRI 찍어보고 화면을 보니까 세군데나 하얗게 되있더라구요  그래서 그때부터 물리치료 계속 받고 찜질도 하는데 좀 처럼 나아질 기미가 안보여서 저번주에 한번 더 MRI 찍어보니까 아직도 세군데가 좀 하얗게 되있더라구요  언제쯤 운동을 다시 시작 할 수 있을까요   지금은 정형외과 말고 재활의학과에서 도수치료 충격파등등 이런것들을 받고있습니다  사진에 체크라고 써 놓은 부분이 세군데 이구요  지금은 가운데 체크 표시가 제일 아픕니다  그리고 종아리 쪽에도 실금이 갔었는데 지금은 실금갔을때 처럼 고통이 달라요  걸을때마다 종아리가 땡기면서 아파요,재활의학과
133,코로나 야간검사,남양주쪽 야간검사 하는곳 있을까요,재활의학과
134,견갑골 짝짝이,왼쪽 견갑골은 들어가있고 오른쪽 견갑은 튀어나와 있는데 어떤 운동을 해서 완화할수 있나요,재활의학과
135,면역력 운동 하루한다고 다음날 바로 좋아지나요  ,제가 건강검진에서 운동부족으로 면역력이 안좋다고 주의가 나왔어요   그래서 오늘부터 걷기 운동  분 플랭크 운동  분으로  회 그리고 역기운동   kg   회  번했는데 하루운동한다고 다 음날 면역력이 올라가나요 ,재활의학과
136,발목 인대 파열 재활운동후,안녕하세요 현재 군복무중인 군인입니다    년도   월에 발목 인대가 파열이 됬습니다  깁스랑 휴식을 취하다   년  월 일부터 맨발로 조금씩 걷기시작했습니다  바깥쪽으로 꺾여서 아직 그 동작까지는 통증이 느껴지고 발목 앞뒤 체중실어서 천천히 걷는것등 재활운동과 마사지를 하고있습니다  이 같은 재활운동을하고나서 냉찜질을해야할까요  아니면 온찜질을해야할까요  좌측 경비결합인대 파열  외측 족관절 인대 파열이 병명이고 수술은 안했습니다 ,재활의학과
137,무릎통증,안녕하세요 어제 저녁에 누워잇다가 일어낫을때 문에 박앗는데 박으면서 퍽소리와 함께 앉아잇다가 일어나면 통증이 심합니다,재활의학과
138,한달 후 전방 십자인대 재건술 예정 되어 보호대 구매하려 하는데요 ,바우어파인트 게뉴트레인 구매하려 하는데   우선 수술 전까지 최대한 근육 붙이고 수술 하라고 하셔서  보호대 끼고 조금씩 운동하려는데  사이즈를 지금에 맞춰도 되는지 궁금합니다   수술 끝나고 재활할 때 쯤이면 근육 다 빠져서  지금 사이즈에 맞춰 구매한 보호대가 헐렁해 지진 않을까 걱정되네요   관련된 경험 있으시면 알려주세요 ,재활의학과
139,동네에 있는 병원 코로나 검사 질문이요 ,어디가 아파서 동네에 있는 병원 갈려고 하는데     코로나 검사하고 들어가잖아여 그 코로나 검사는 코쑤시는거 아니면 발열체크 같은거 하나요      코로나 검사 후에 바로 일을 갈 수 있을까요      보호자 동행해도 되나요      코로나 검사하는거 비용 드나요   일반병원에서 코로나 검사하는게 아니라 일반병원에서 진료를 받을려고 하는데 들어가기 전 코로나 검사하는거 말하는거에요 ,재활의학과
140,코로나 밀첩접촉,저가 오늘 코로나에 걸렿는데  월  일이랑  월  일어 친구를 만났어요 그럼 그친구들도 자가격리랑 검사 해야하나요  증상 나타난건 수요일 새벽이고요 내공   ,재활의학과
141,코로나 PCR 검사 비용 등 질문드립니다 ,경기도 평택 거주자인데 PCR 검사 확인서가 필요해서 PCR 검사를 받아보려고하는데 아무 병원이나 가서 검사 받으면 되는지 그리고 보통 성인 남성 검사 비용은 얼마 정도 하는지 궁금합니다 ,재활의학과
142,시설좋은요양병원 외에 또 요양병원 고를때 고려해야할 사항이 있을까요   강남   대후반 남 요양병원 ,허리수술을 해서 시설좋은요양병원에서 재활을 하려고 알아보고 있습니다   시설은 제가 진짜 중요하게 생각하는 부분이라 시설좋은요양병원으로 몇 군데 추려놓긴 했는데요   이 외에도 제가 재활요양병원을 고를 때 중요하게 생각해야할 사항은 뭐가 있을까요 ,재활의학과
143,이거 골절된 뼈인가요   ,골절된지  달인데 저런 조각이 있네용,재활의학과
144,면역력 때문일까요   ,제가 뭘 배우려고하면 자꾸 까먹어요   그래서 회사에서도 욕도많이먹고 그러는데 저는 항상 집 에오면 밖에도 나가기 싫어하고 집에서 있고싶어했습니다   그러면서 게임으로 하루를 보내고 그 랬는데 건강검진에서 면역력이 약하다고 하루  분씩 걷기운동을 하라고 합니다   그래서 걷기운 동했고 플랭크운동도 했고 역기도 들고 운동했습니다   운동하기전에는 잠을 아무리 많이자도 피 곤하고 아침출근할때도 일어나기 싫어지고 그랬는데 내일아침 운동효과볼수있을까요  그리고 운동하면 기억력도 좋아질까요  마지막으로 하루운동했다고 내일아침 좋아지는건 아니겠죠 ,재활의학과
145,어지러워요,앉아있다가일어날때어지러워요붕떠는느낌앞이노래짐,재활의학과
146,체형분석해봤는데요  이렇게 나왔는데 해석 해주실수 있을까요    왼쪽으로 척추가 휘어져있다는건 알겠는데 어느쪽이 긴장되어있고 어느쪽이 이완 되어,체형분석해봤는데요  이렇게 나왔는데 해석 해주실수 있을까요    왼쪽으로 척추가 휘어져있다는건 알겠는데 어느쪽이 긴장되어있고 어느쪽이 이완 되어 저렇게 된건지 헷갈리네요   왼쪽면에 대체적으로 긴장되어져 있는걸까요  ,재활의학과
147,직장인 다이어트 식단 짜주실 분, 시 출근   시 퇴근 저녁시간은  시   분부터  시정도까지  이런 상황인데 식단 어떻게 해야할까요  점심과 저녁 사이 간격이 길어서 고민입니다  ,재활의학과
148,코로나 검사 기준,검사 의무 대상은 확진자의 밀접접촉자 뿐인가요  아니면 유증상 시 같은 공간에 있었던 사람도 포함인가요 ,재활의학과
149,디스크환자 장요근 이상근 스트레칭,디스크 진단이 나오긴 나왔는데  개월 치료하고 저림에 대한 증상은 거의 없어졌습니다  한데 허리 통증이 너무 심해요  디스크로 인한 통증은 허리 보다는 엉치와 다리저림이었던거 같은데 윗엉덩이와 그근방통증이 심한걸로 봐서 장요근과 이상근의 문제도 함께 볼 필요 있다 하더라고요 병원피셜   장요근이건 이상근이건 디스크건 결국 재활이 팩트인데 디스크가 있는 상태여서 스트레칭을 무턱대고 할수도 없잖아요  지금 누워서 하는 초간단 폼룰러등을 이용한스트레칭 하는데 욱신거림은 그렇다처도 디스크 있는 왼쪽  번 번은 조금만 무리하면 느껴지는게 달라서 신경통증과 근육통증은 느낌이 다르잖아요 우선은 왼쪽은 제껴두고 다른부위도 무리가 가지 않는선에서 하는데 이게 맞는걸까요   제게 맞는 디스크 및 근육 재활을 하고싶은데 재활 의학과는 홈페이지 들어가보니 사지마비등 정말 중증인 분들이 가는거 같기도 하고 정보 얻기 힘드네요  유트브같이 방대한 자료말고  디스크와 근육통증 동시에 있을경우 재활 도움받을수 있는것  있는곳  알려주세요,재활의학과
150,발목연골손상 및 인대 불안전성에 대한 전문가님들의 의견을 듣고 싶습니다 ,안녕하세요  군입대를 눈앞에 앞두고 제목의 사유로 인한 수술이 잡히게 되어 부득이하게 입영을 연기하게 되었습니다  위 사유를 바탕으로 수술 후 병무청에서 재검을 받을 생각입니다만 제가 재검을 바탕으로  급이 뜰 수 있는지에 대한 판단 부탁드리고 싶습니다  정확한 병명은  우측 족관절 거골 내측 연골 손상   우측 족관절 인대 불안정성  입니다   병원에 문의해보니 연골수술과 더불어 인대강화술을 한다고 안내받았었습니다   확실한  급대상인 재건술이 아니이기도 하고 나머지 사유들에 관해선 명확한 기준이 없기에 매우 궁금합니다  답변 기다리고 있을게요 ,재활의학과
151,왼쪽 엄지손가락이 아픕니다,약  개월 전에 공에 맞아 왼쪽 엄지가 뒤로 꺾였습니다  그때 당시 xray mri상으로 큰 문제가 없고 힘줄이 부었다라고 해서 가벼운 깁스만 하고 물리치료만 했습니다  근데  개월이 지난 지금은 예전보다 손가락도 잘 굽혀지고 휴대폰 타자도 잘 치긴하는데 약간에 통증이 남아있고 좀 땡기는 느낌이 있습니다  의사 선생님이 힘줄이 부운거는 오래간다고 했는데 앞으로 어느정도 더 기다려야 완치가될까요 ,재활의학과
152,양산 재활병원,어머님이 무릎인공관절수술하시구 대학병원입원중이신데 대학병원이라  주밖에 입원이 안된다고 하시더라구요 퇴원후 재활이 필요하셔서 재활병원을 알아보는중인데 양산에 입원가능한 괜찮은 재활병원 고를수있게 최대한 많이 가르쳐주세요 ,재활의학과
153,계단 내려갈때마다 무릎관절에서 소리가남,안녕하세요  계단내려갈때마다 무릎관절에서 공기터지는 소리 탁탁 소리가 나는데요 계속 나길래 정형외과가서 엑스레이를 찍어봤는데 뼈에는 문제 없다고 하는데 제가 대퇴골이 더 길어서 무릎관절에 관절염이 올수도있다 라는 판정을 예전에 들었는데 이러한경우 어떻게 관리를 해야하나요   현재는 아프지는 않는데 소리만 느껴집니다 ,재활의학과
154,여러 매스컴에 제보를 하면 그 쪽에서 알아서 다른 제보자들을 모아서 방송도 가능 할 까요 ,우리 엄마가 경기도에 수동에 있는 요양재활병원에  년 동안 입원 중이셨습니다  경기도 수동쪽에서는  등급 요양시설로 지정되어 있구요  이사장이라는 사람은 전국에 이런 시설 많이 가지고 있더라구요  처음엔 돌아가신 원장님께서 계실 때에는 뭐 나름 돌봐 주셨어요 재활이나 그런건 전혀 안되서 우리 엄마가 결국 다리가 오그라들어서 오금을 펴지 못하시고 계시기는 하지만  그래도 목욕이나 다른 케어면에서는 크게 불만이 없었습니다   목욕같은 경우에도 중간에 오신 간병사님이 혼자 어렵다 하셔서 제가  주마다 한번씩 가서  우리 식구끼리 모시고 목욕을 해드렸었지만  년 정도 후에 새로 오신 간병사님이 혼자서도 가능하다고 하셔서 그대로 간병사님한테 맡겼는데 최근에 코로나 사태가 계속되면서 마지막에 새로운 간병사로 바뀌면서   개월사이 간병사가  명이상 교체되고 그 동안에 전혀 케어를 못 받으시고  나중에 골절상 입고 밖으로 나와서 보니 피부가 구석구석 다 각질이 들어차고  손바닥이랑 엉덩이 쪽이 짓 무른 채로 딱정이가 앉아 있었습니다  그리고     년   월에 사고가 나고 말았죠 팔 윗부분이 수십조각으로 부러져 뼈조각이 관절에까지 들어가 있었다고 의사선생님이 말씀하시더군요 굉장히 고통스러웠을 거라고     아무튼 이 사고 이후 한번도 이사장님이나 책임자 분들의 사과 말씀 아니 전화 한통 받은 적 없구요  병원 측에서 간호과장이라는 사람하고 겨우 몇 통화 했는데 공감능력  도 없는 소시오패스를 보는것 같았어요 하긴 얼마나 이런 일들이 많으면 일일이 공감이 갈 여력이나 있겠어요   아주 눈도 한번 안 마주치고 다른데 보면서 매뉴얼만 읊어대는 걸 보고 있자니 우리 엄마 부러진 팔 하고 똑같이 부러뜨러 주고 싶은 맘 겨우 참았습니다   각설하고 어르신들이 나이들어 아픈 것도 서럽고 자식이 돈이 없어 같이 생활하지 못하는 것도 서러운데 간병사들 한테 이리치고 저리치여 결국 팔이 부러지고도 사과 한번 못 받으시고  자기들은 잘못 없다고 뻐팅기는 직원들 뿐이고 엄마를 다치게 했던 간병사도 사과 전화 한번 없었고 심지어 아직도 그 병원에서 그대로 근무한다네요 문제될까봐 원래 간병협회에서 이름만 다른 협회 끼고 하청으로 들어가서 하는 것처럼 꾸며서  계속 근무하게 하고 있다는데  제대로 훈련이 안되서 마비 환자 팔을 수십조각을 낸 사람을 그대로 일 하게 하면 그 병실 보호자들은 그거 알고 있나 모르겠네요  일단 여러 매스컴에 제보를 하면 그 쪽에서 알아서 다른 제보자들을 모아서 방송도 가능 할 까요 ,재활의학과
155,코로나 또 걸릴수 있나요,제가 확진이 되어서 재택치료를 했는데요 가족 모두 음성이었는데 제가 격리해제 되기 전날에 가족이 검사를 했는데 양성이 나왔습니다 전  일이 지나서 거의 완치가 됐는데 가족이 걸려버려서   제가 또다시 감염되어 코로나에 걸릴 수 있나요 ,재활의학과
156,도수치료나 추나요법,실비보험  세대      년쯤에 가입     보상이며 외진진료시에 개인부담금      원으로 설계되어있습니다 요즘 고관절쪽에 문제가 있는듯해서 병원치료도 받아보고 할 예정인데 도수치료나 추나요법과 같은 치료를 가끔이라도 병행해볼까합니다   세대 실비보험이라 보험금청구가 가능한지   어떤건되고 어떤건은 안되는건지 궁금해서 지식인에 질문올려봅니다,재활의학과
157,거북목 교정,제가 거북목이 살짝 있는 편인데요 일상 생활에 지장이 있거나 아픈건 아닌데 제가 태권도를 하는데 품새할때 자세가 너무 이상하게 보이더라구요 계속 머리가 앞에 있어서 좀 고치고 싶은데요 제가 전에 라운드 숄더도 있었는데 혼자 계속 스트레칭하고 해서 고쳤거든요 그래서 거북목도 혼자 스트레칭 하면서 고쳐보고 싶어요 심한거 같진 않고 일부로 목 꼿꼿히 세우면 거의 괜찮아져 보여요 근데 이러고 하루종일 살수는 없는 노릇이라   도움 되는 스트레칭 좀 알려주세요 또 간편하게 생활하면서 잠깐잠깐 할수 있는 스트레칭도 알려주세요,재활의학과
158,한달 후 전방 십자인대 재건술 예정 되어 보호대 구매하려 하는데요 ,바우어파인트 게뉴트레인 구매하려 하는데   우선 수술 전까지 최대한 근육 붙이고 수술 하라고 하셔서  보호대 끼고 조금씩 운동하려는데  사이즈를 지금에 맞춰도 되는지 궁금합니다   수술 끝나고 재활할 때 쯤이면 근육 다 빠져서  지금 사이즈에 맞춰 구매한 보호대가 헐렁해 지진 않을까 걱정되네요   관련된 경험 있으시면 알려주세요 ,재활의학과
159,동네에 있는 병원 코로나 검사 질문이요 ,어디가 아파서 동네에 있는 병원 갈려고 하는데     코로나 검사하고 들어가잖아여 그 코로나 검사는 코쑤시는거 아니면 발열체크 같은거 하나요      코로나 검사 후에 바로 일을 갈 수 있을까요      보호자 동행해도 되나요      코로나 검사하는거 비용 드나요   일반병원에서 코로나 검사하는게 아니라 일반병원에서 진료를 받을려고 하는데 들어가기 전 코로나 검사하는거 말하는거에요 ,재활의학과
160,코로나 밀첩접촉,저가 오늘 코로나에 걸렿는데  월  일이랑  월  일어 친구를 만났어요 그럼 그친구들도 자가격리랑 검사 해야하나요  증상 나타난건 수요일 새벽이고요 내공   ,재활의학과
161,코로나 PCR 검사 비용 등 질문드립니다 ,경기도 평택 거주자인데 PCR 검사 확인서가 필요해서 PCR 검사를 받아보려고하는데 아무 병원이나 가서 검사 받으면 되는지 그리고 보통 성인 남성 검사 비용은 얼마 정도 하는지 궁금합니다 ,재활의학과
162,시설좋은요양병원 외에 또 요양병원 고를때 고려해야할 사항이 있을까요   강남   대후반 남 요양병원 ,허리수술을 해서 시설좋은요양병원에서 재활을 하려고 알아보고 있습니다   시설은 제가 진짜 중요하게 생각하는 부분이라 시설좋은요양병원으로 몇 군데 추려놓긴 했는데요   이 외에도 제가 재활요양병원을 고를 때 중요하게 생각해야할 사항은 뭐가 있을까요 ,재활의학과
163,이거 골절된 뼈인가요   ,골절된지  달인데 저런 조각이 있네용,재활의학과
164,면역력 때문일까요   ,제가 뭘 배우려고하면 자꾸 까먹어요   그래서 회사에서도 욕도많이먹고 그러는데 저는 항상 집 에오면 밖에도 나가기 싫어하고 집에서 있고싶어했습니다   그러면서 게임으로 하루를 보내고 그 랬는데 건강검진에서 면역력이 약하다고 하루  분씩 걷기운동을 하라고 합니다   그래서 걷기운 동했고 플랭크운동도 했고 역기도 들고 운동했습니다   운동하기전에는 잠을 아무리 많이자도 피 곤하고 아침출근할때도 일어나기 싫어지고 그랬는데 내일아침 운동효과볼수있을까요  그리고 운동하면 기억력도 좋아질까요  마지막으로 하루운동했다고 내일아침 좋아지는건 아니겠죠 ,재활의학과
165,어지러워요,앉아있다가일어날때어지러워요붕떠는느낌앞이노래짐,재활의학과
166,체형분석해봤는데요  이렇게 나왔는데 해석 해주실수 있을까요    왼쪽으로 척추가 휘어져있다는건 알겠는데 어느쪽이 긴장되어있고 어느쪽이 이완 되어,체형분석해봤는데요  이렇게 나왔는데 해석 해주실수 있을까요    왼쪽으로 척추가 휘어져있다는건 알겠는데 어느쪽이 긴장되어있고 어느쪽이 이완 되어 저렇게 된건지 헷갈리네요   왼쪽면에 대체적으로 긴장되어져 있는걸까요  ,재활의학과
167,직장인 다이어트 식단 짜주실 분, 시 출근   시 퇴근 저녁시간은  시   분부터  시정도까지  이런 상황인데 식단 어떻게 해야할까요  점심과 저녁 사이 간격이 길어서 고민입니다  ,재활의학과
168,코로나 검사 기준,검사 의무 대상은 확진자의 밀접접촉자 뿐인가요  아니면 유증상 시 같은 공간에 있었던 사람도 포함인가요 ,재활의학과
169,디스크환자 장요근 이상근 스트레칭,디스크 진단이 나오긴 나왔는데  개월 치료하고 저림에 대한 증상은 거의 없어졌습니다  한데 허리 통증이 너무 심해요  디스크로 인한 통증은 허리 보다는 엉치와 다리저림이었던거 같은데 윗엉덩이와 그근방통증이 심한걸로 봐서 장요근과 이상근의 문제도 함께 볼 필요 있다 하더라고요 병원피셜   장요근이건 이상근이건 디스크건 결국 재활이 팩트인데 디스크가 있는 상태여서 스트레칭을 무턱대고 할수도 없잖아요  지금 누워서 하는 초간단 폼룰러등을 이용한스트레칭 하는데 욱신거림은 그렇다처도 디스크 있는 왼쪽  번 번은 조금만 무리하면 느껴지는게 달라서 신경통증과 근육통증은 느낌이 다르잖아요 우선은 왼쪽은 제껴두고 다른부위도 무리가 가지 않는선에서 하는데 이게 맞는걸까요   제게 맞는 디스크 및 근육 재활을 하고싶은데 재활 의학과는 홈페이지 들어가보니 사지마비등 정말 중증인 분들이 가는거 같기도 하고 정보 얻기 힘드네요  유트브같이 방대한 자료말고  디스크와 근육통증 동시에 있을경우 재활 도움받을수 있는것  있는곳  알려주세요,재활의학과
170,발목연골손상 및 인대 불안전성에 대한 전문가님들의 의견을 듣고 싶습니다 ,안녕하세요  군입대를 눈앞에 앞두고 제목의 사유로 인한 수술이 잡히게 되어 부득이하게 입영을 연기하게 되었습니다  위 사유를 바탕으로 수술 후 병무청에서 재검을 받을 생각입니다만 제가 재검을 바탕으로  급이 뜰 수 있는지에 대한 판단 부탁드리고 싶습니다  정확한 병명은  우측 족관절 거골 내측 연골 손상   우측 족관절 인대 불안정성  입니다   병원에 문의해보니 연골수술과 더불어 인대강화술을 한다고 안내받았었습니다   확실한  급대상인 재건술이 아니이기도 하고 나머지 사유들에 관해선 명확한 기준이 없기에 매우 궁금합니다  답변 기다리고 있을게요 ,재활의학과
171,왼쪽 엄지손가락이 아픕니다,약  개월 전에 공에 맞아 왼쪽 엄지가 뒤로 꺾였습니다  그때 당시 xray mri상으로 큰 문제가 없고 힘줄이 부었다라고 해서 가벼운 깁스만 하고 물리치료만 했습니다  근데  개월이 지난 지금은 예전보다 손가락도 잘 굽혀지고 휴대폰 타자도 잘 치긴하는데 약간에 통증이 남아있고 좀 땡기는 느낌이 있습니다  의사 선생님이 힘줄이 부운거는 오래간다고 했는데 앞으로 어느정도 더 기다려야 완치가될까요 ,재활의학과
172,양산 재활병원,어머님이 무릎인공관절수술하시구 대학병원입원중이신데 대학병원이라  주밖에 입원이 안된다고 하시더라구요 퇴원후 재활이 필요하셔서 재활병원을 알아보는중인데 양산에 입원가능한 괜찮은 재활병원 고를수있게 최대한 많이 가르쳐주세요 ,재활의학과
173,계단 내려갈때마다 무릎관절에서 소리가남,안녕하세요  계단내려갈때마다 무릎관절에서 공기터지는 소리 탁탁 소리가 나는데요 계속 나길래 정형외과가서 엑스레이를 찍어봤는데 뼈에는 문제 없다고 하는데 제가 대퇴골이 더 길어서 무릎관절에 관절염이 올수도있다 라는 판정을 예전에 들었는데 이러한경우 어떻게 관리를 해야하나요   현재는 아프지는 않는데 소리만 느껴집니다 ,재활의학과
174,여러 매스컴에 제보를 하면 그 쪽에서 알아서 다른 제보자들을 모아서 방송도 가능 할 까요 ,우리 엄마가 경기도에 수동에 있는 요양재활병원에  년 동안 입원 중이셨습니다  경기도 수동쪽에서는  등급 요양시설로 지정되어 있구요  이사장이라는 사람은 전국에 이런 시설 많이 가지고 있더라구요  처음엔 돌아가신 원장님께서 계실 때에는 뭐 나름 돌봐 주셨어요 재활이나 그런건 전혀 안되서 우리 엄마가 결국 다리가 오그라들어서 오금을 펴지 못하시고 계시기는 하지만  그래도 목욕이나 다른 케어면에서는 크게 불만이 없었습니다   목욕같은 경우에도 중간에 오신 간병사님이 혼자 어렵다 하셔서 제가  주마다 한번씩 가서  우리 식구끼리 모시고 목욕을 해드렸었지만  년 정도 후에 새로 오신 간병사님이 혼자서도 가능하다고 하셔서 그대로 간병사님한테 맡겼는데 최근에 코로나 사태가 계속되면서 마지막에 새로운 간병사로 바뀌면서   개월사이 간병사가  명이상 교체되고 그 동안에 전혀 케어를 못 받으시고  나중에 골절상 입고 밖으로 나와서 보니 피부가 구석구석 다 각질이 들어차고  손바닥이랑 엉덩이 쪽이 짓 무른 채로 딱정이가 앉아 있었습니다  그리고     년   월에 사고가 나고 말았죠 팔 윗부분이 수십조각으로 부러져 뼈조각이 관절에까지 들어가 있었다고 의사선생님이 말씀하시더군요 굉장히 고통스러웠을 거라고     아무튼 이 사고 이후 한번도 이사장님이나 책임자 분들의 사과 말씀 아니 전화 한통 받은 적 없구요  병원 측에서 간호과장이라는 사람하고 겨우 몇 통화 했는데 공감능력  도 없는 소시오패스를 보는것 같았어요 하긴 얼마나 이런 일들이 많으면 일일이 공감이 갈 여력이나 있겠어요   아주 눈도 한번 안 마주치고 다른데 보면서 매뉴얼만 읊어대는 걸 보고 있자니 우리 엄마 부러진 팔 하고 똑같이 부러뜨러 주고 싶은 맘 겨우 참았습니다   각설하고 어르신들이 나이들어 아픈 것도 서럽고 자식이 돈이 없어 같이 생활하지 못하는 것도 서러운데 간병사들 한테 이리치고 저리치여 결국 팔이 부러지고도 사과 한번 못 받으시고  자기들은 잘못 없다고 뻐팅기는 직원들 뿐이고 엄마를 다치게 했던 간병사도 사과 전화 한번 없었고 심지어 아직도 그 병원에서 그대로 근무한다네요 문제될까봐 원래 간병협회에서 이름만 다른 협회 끼고 하청으로 들어가서 하는 것처럼 꾸며서  계속 근무하게 하고 있다는데  제대로 훈련이 안되서 마비 환자 팔을 수십조각을 낸 사람을 그대로 일 하게 하면 그 병실 보호자들은 그거 알고 있나 모르겠네요  일단 여러 매스컴에 제보를 하면 그 쪽에서 알아서 다른 제보자들을 모아서 방송도 가능 할 까요 ,재활의학과
175,코로나 또 걸릴수 있나요,제가 확진이 되어서 재택치료를 했는데요 가족 모두 음성이었는데 제가 격리해제 되기 전날에 가족이 검사를 했는데 양성이 나왔습니다 전  일이 지나서 거의 완치가 됐는데 가족이 걸려버려서   제가 또다시 감염되어 코로나에 걸릴 수 있나요 ,재활의학과
176,도수치료나 추나요법,실비보험  세대      년쯤에 가입     보상이며 외진진료시에 개인부담금      원으로 설계되어있습니다 요즘 고관절쪽에 문제가 있는듯해서 병원치료도 받아보고 할 예정인데 도수치료나 추나요법과 같은 치료를 가끔이라도 병행해볼까합니다   세대 실비보험이라 보험금청구가 가능한지   어떤건되고 어떤건은 안되는건지 궁금해서 지식인에 질문올려봅니다,재활의학과
177,거북목 교정,제가 거북목이 살짝 있는 편인데요 일상 생활에 지장이 있거나 아픈건 아닌데 제가 태권도를 하는데 품새할때 자세가 너무 이상하게 보이더라구요 계속 머리가 앞에 있어서 좀 고치고 싶은데요 제가 전에 라운드 숄더도 있었는데 혼자 계속 스트레칭하고 해서 고쳤거든요 그래서 거북목도 혼자 스트레칭 하면서 고쳐보고 싶어요 심한거 같진 않고 일부로 목 꼿꼿히 세우면 거의 괜찮아져 보여요 근데 이러고 하루종일 살수는 없는 노릇이라   도움 되는 스트레칭 좀 알려주세요 또 간편하게 생활하면서 잠깐잠깐 할수 있는 스트레칭도 알려주세요,재활의학과
178,,,
179,,,
180,,,
181,,,
182,,,
183,,,
