0,1,2,3,4,5,6,7,8
차가운 공기가 들어오는 느낌 ,숨쉴때 계속 차가운 공기가 들어와서 목이 건조해지는데 집이 춥지도 않은데 왜 차가운 공기가 들어오죠  숨쉴때만 들어와요 저만 그런거 같아요,호흡기내과,갑자기 숨쉬는게 이상해요,제가 자다가 일어났는데 어지럽고 숨쉬는게 안느껴진다고 해야 하나   숨을 오래 참아도 숨이 안차고 폐쪽에 감각이 사라진 느낌입니다   누우면 답답한 느낌도 있습니다 저 위험한건가요 ,호흡기내과,폐렴예방주사,폐렴예방주사     년  월  차  단백결합  가 를 접종하고  년 후  차   가를 맞아야 하는데 아직 맞지를 못하였습니다 지금  차   가를 맞아도 되나요  아니면  차부터 다시 맞아야 하는지요  답변 부탁드립니다 ,호흡기내과
잠복결핵양성음성,잠복결핵 검사 인터페론감마 분비 검사 를 하였는데 양성이라고 통보 받았습니다  다른 병원에 가서 한번 더 같은 검사를 진행 했는데 음성이라고 하네요 이렇게 결과가 나올수 있는건지  그럼 저는 양성인가요  음성인가요   ,호흡기내과,폐결핵 검사 질문,폐결핵 검진 결과 표기된 의사 소견서나 진단서가 필요한데어느 병원으로 가야 하나요 ,호흡기내과,독감주사 맞을 때 인데놀 복용 괜찮나요 ,독감주사 맞기 전후로 인데놀 복용 괜찮나요 ,호흡기내과
아나필락시스쇼크가 왔을 때 에피네프린 맞고 벤토린 사용해도 되나요 ,아나필락시스쇼크가 왔을 때 에피네프린 맞고  목이 부어서 숨막히는 것 같은 느낌이 들 때 벤토린 사용해도 되나요 ,호흡기내과,제가 코로나 양성 나왔는데 어쩌죠   ,제가 어제 밤부터 너무 기침이랑 가래 좀 끼구 코막히구 몸 으스스거리고 몸이 우쑥거리고    두통도 있어요 그래서 막 그러다가 오늘이서야 부모님과 소아과 갔는데요    코로나 검사 부터 하자 하셔서 했다가 기다리는데 제가 양성이라는 거에요   진짜 태어나서 처음인데    양성이여서 시청 가서 보건소 가서 거기서 또 다시 검사했는데     저 만약 양성이면 어떡하죠    모든 사람들에게 피해끼치구   그래서 울었는데    저 낼 검사 결과 나오는데 양성이면    어쩌죠  자가격리 어디서 해요  이미 소아과에서 양성이면 양성인가요 ,호흡기내과,폐렴 백신 접종하려 하는데요 질문요,  코로나 백신은 접종하지 않았고 접종하지 않을 예정입니다  부작용사례가 많아서요     몇일전에 독감 백신 접종했구요 폐렴 백신을 접종하면 코로나에 걸려도 큰 도움이 되는 작용을 한다기에     폐렴 백신을 접종하려 하는데요   세 이하는 평생 회만 접종하면 된다고 하더라구요 제가   년생인데요    어렸을적에 초중고학교에서 무료 접종하지 않았을까요  어디서 기록 볼수 없나요       이미 접종했으면 돈 십만원 주고 접종할 필요가 없을건데요      폐렴백신  초중고 에서 무료 접종하는지    좀 알려주세요,호흡기내과
난방을 틀면 어지럽고 졸려요,어릴적 부터 난방만 틀면 숨쉬기 힘들고 어지럽고 졸렸습니다 마치 지하상가에 가면 어지러운 것과 비슷  지금도 회사에서 난방을 틀면 어지럽고 졸려서 스트레스를 받지만 다들 추워하니까 뭐라 말을 못하겠어요  병이나 알러지인가요    쿠팡 파트너스 한의원 등등 광고는 차단 신고 합니다 ,호흡기내과,급합니다 코로나 키트,이거 양성 맞죠    ,호흡기내과,코로나 백신 감기,저번주 토요일날 감기 걸렸었는데 지금 감기는 거의 다 나았고 열이           왔다갔다 거리는데 내일 화이자  차 예약 되있는데 맞을수 있나요  ,호흡기내과
코로나 완치후 신속항원 음성 나올수 있을까요, 월   일에 해외여행이 계획되어 있습니다  티켓팅 호텔예약 다 해놓은 상태   그런데 오늘 목이 아파서 자가 테스트로 두번 했는데 두번다 양성이 나왔어요  내일 신속항원 받으러 갈건데 거의 양성 나올것 같습니다  내일 양성이 나온다면  주일 자가격리 치료를 하는데요 자가격리후  월   일까지는  주일 밖에 안남습니다  그런데 해외여행을 하는 국가에서 신속항원검사 음성을 요구하네요  출국   시간 전인   일날 음성나오면 됩니다  신속항원검사 음성이 나올까요   찾아보니 PCR은 바이러스 사멸균때문에   일까지는 양성이 나올수 있다고는 들었습니다  하짐나 신속항원검사는 음성이 나올가능성이 있다고 하는데 나올까요   전문가의 자세한 답변을 듣고 싶습니다,호흡기내과,감기몸살로 내과가면 코로나 백신접종 확인하나요 ,열은없고 몸이무겁고 목이조금 칼칼한데  내과가면 코로나같다고 싫어할까요  ,호흡기내과,백신 맞는데 감기 걸리면 안됨   ,백신 맞는데 열은 없구 기침이랑 콧물만 나오거든요 그럼 백신 못 맞나요   병원도 가보니까 코로나  는 의심되지 않다고 진단서 같은더 주던데,호흡기내과
코로나 격리 해제 후 한달이 지났는데도 기침이 계속 나고 편도가 부어서 밤마다 열이      도 사이를 왔다갔다 하는데 어떻게 해야 하나요  약,코로나 격리 해제 후 한달이 지났는데도 기침이 계속 나고 편도가 부어서 밤마다 열이      도 사이를 왔다갔다 합니다   약을 계속 먹고 있는데 밤마다 열이 나네요  Xray 찍었을때 문제는 없었습니다  자가키트  전문가용 RAT도 음성이 나옵니다      이러한 케이스가 있나요     어떻게 해야 하나요 ,호흡기내과,쌍수하러 가는데 수면마취중에 기침 할까요 ,제가 축농증에 걸려서 현재 기침이랑 콧물 가래가 심하거든요 자면서도 기침하는 저인데 수면마취때도 기침을 할까요    안나오게 하는 방법은 없나요  제발요 수술이 코앞이에요    ,호흡기내과,목감기증상,증상은 열  도에 기침하고 목이 쉬었고 가래 나오고 물 먹을때 목이 뭔가 부은느낌인데 목감기일까요 ,호흡기내과
코로나 후유증인가요 , 월   일에 확진돼서  월   일 격리 해제되었습니다  초반에는 몸살  감기증상 후각미각 소실 있다가 중반부터는 다 괜찮아지고 후각 미각 소실 증상만 남아있었습니다  현재까지도 그때보단 덜하지만 여전히 후각 미각 소실 증상이 있는데요  오늘 오후부터 갑자기 숨 쉬기가 힘들다는 느낌이 들더라고요   평소 숨 쉬었던 게    이라 하면 지금은   정도로 숨 쉬는게 살짝 버겁다는 느낌을 받았습니다  코로나 후유증일까요  그러면 좀 있으면 괜찮아질까요   참고로 나이는 고 입니다,호흡기내과,일주일 전 쯤 부터 왼쪽 쇄골 밑에 통증이 갑자기 생겼습니다  누르면 아프고 기침이나 숨을 크게 들이마시면 통증이 좀 심하구요  붓기도 조금 있,일주일 전 쯤 부터 왼쪽 쇄골 밑에 통증이 갑자기 생겼습니다  누르면 아프고 기침이나 숨을 크게 들이마시면 통증이 좀 심하구요  붓기도 조금 있는데 혹시 무슨 증상인가요      살 남자이구요 지병같은 거 일지 겁나서 알고싶습니다  ,호흡기내과,코로나  독감  감기  중에 뭔지 알려주세요  그리고 이상태로 내일 화이자 맞아도 되나요 , 증상    목이 칼칼   맑은 콧물   열             재채기   뒷목 허리 근육통   살짝 몸살기운  코로나  독감  감기  중에 뭔지 알려주세요   그리고 이상태로 내일 화이자 맞아도 되나요 ,호흡기내과
백신 차 맞은지  일 됐는데요,계속 자다가 가슴이 아프고 숨을 잘 못쉬겠어서 일어나는데 부작용인가요 ,호흡기내과,폐렴백신 맞고 주의사항,폐렴백신 맞고 기침감기약 먹어도 되나요 ,호흡기내과,감기기운 있는데 백신맞아도 되나요 ,지금 감기기운 있는데 백신을 맞아도 되는건가요  ,호흡기내과
먹기만 하면 진땀이나요 왜 그럴까요,몇 칠전 위내시경을 하다 구토를 해서 못하고 다음에 수면 내시경 하려고 못했는데 먹기만하면 진땀이 흘러요 그리고 기운도 없고,호흡기내과,숨이 잘 안 쉬어져요,제목 그대로 숨이 잘 쉬어지지 않고 가만히 있어도 숨이 약간 찰 때가 있습니다  일주일 조금 안 되게 계속 이러네요   깊게 호흡해도 폐활량을 전부 활용하지 못한다는  깊게 숨쉬지 못하는 느낌이 자주 들고요  왜 이러나요  요즘 운동을 잘 안 하고 늦은 시간 섭취를 잦게 했는데 이것도 원인이 될 수 있나요  이러한 증상이 나타나면 어떤 게 의심되는지  또 어떻게 해야 하는지 알려 주시면 감사하겠습니다  백신은  차를 맞고  개월이 다 되어갑니다  부작용은 아닌 것 같아서 여쭤봅니다  ,호흡기내과,독감주사 무료 대상자가 몇살부터 인가요 ,독감주사 무료라고 들었는데 혹시 성인은 만 몇살부터 무료 대상자 인가요 ,호흡기내과
목이 조이는 느낌이 들어요,목이 조이는 느낌이 들고 해서 숨쉬고 힘든니다  그리고 목과 가슴 중간 부분도 답답하고 심장도 조금 답답 합니다    시간에세  시간 정도 지나는데도 그렇습니다  온몸이 힘이 없는 느낌이었고 저녁 먹다나서  시간즘 뒤에 갑자기 숨쉬기 힘들어 습니다 그런데 한 번씩 가다가 그런 적이 있었습니다  왜 그러까요   코로나 주사는 안 맞았었요 그리고 코로나도 아니에요,호흡기내과,숨이 끝까지 시원하게 안쉬어져요,호흡을 할 때 숨이 끝까지 시원하게 쉬어지지가 않아서 항상 답답해요 원인이 무엇인가요,호흡기내과,감기증상 코로나 백신,다음주 월요일에 화이자 백신을 맞는데요  감기기운이 좀 있어서요 콧물나고 코맹맹이 소리 나요 기침은 살짝씩 나구요 열 없어요 백신 맞아도 될까요  참고로 중학생입니다,호흡기내과
코로나 인가요 ,한  주째 아프다 안 아프다를 반복해서 코로나 자가키트를 달고살았는데 할때마다 죄다 음성이더라구요    그러다  일전쯤부터 감기몸살 증상이 보이면서 저녁엔 열도 나고  미각 후각도 거의 잃은듯하고  흉통과 가래  마른기침  재채기를 엄청 많이 하는데 오늘 선별진료소를 가니 또 음성판정을 받고 집에왔습니다    학생이라 학업에 지장이 많아 그러는데 도와주세요 pcr을 해보는게 나을까요 ,호흡기내과, 나눈질문   발이 너무 노래요   손도 노랗고 등도 많이 노랗고   ,왜 몸이 이렇게 노란거에요    등 손바닥 발바닥만 노래요  왜그러죠  ,호흡기내과,숨을 내쉴 때 통증,최근 들어서 숨을 크게 내쉴 때 명치에서 약간 왼쪽에 통증이 있는 것 같은 데  혹시 위의 증상이 나타나는 대표적인 병이 무엇이 있는 지 알 수 있을까요   숨을 들어 마실 때는 통증이 없는 데 숨을 내쉴 때는 거슬리게 통증이 있습니다  그리고 그 아픈 명치 라인으로 왼쪽 갈비뼈 쪽도 잠시 뭐로 찌르는 듯한 통증이 잠시 있었어요 ,호흡기내과
코로나    오미크론 확진 후 격리해제되었는데 기침이 심하게 나요   혹시 이거 전염성이 있나요 ,제목 그대로 학교에서 코로나    오미크론이 확진이 되었고 확진 판정 받고 격리 해제된지  일정도 되었는데 후유증인건지 완치가 안된건지 기침이 심하게 나요   혹시 기침에 전염성이 있나요  아니면 그냥 저랑 뭔가 나눠 먹거나 그래도 전염이 될 수 있나요   아직 기침 약을 먹고 있는데 괜찮은 건가요   내공    걸었습니다 후유증 빨리 없어지는 법이랑 관리법 코로나  를 제가 전염시킬 수 있는지가 궁금합니다 ,호흡기내과,기관증확장증에 아노로      엘립타 사용할 필요가 있을까요 동네 가정의학과에서 처방받았는데 대학병원 호흡기내과에선 기관지확장증과 상관없는 약이,기관증확장증에 아노로      엘립타 사용할 필요가 있을까요 동네 가정의학과에서 처방받았는데 대학병원 호흡기내과에선 기관지확장증과 상관없는 약이라고 해서요,호흡기내과,숨쉴때 가슴통증,숨쉴댸 왼쪽 가슴 통증이 있습니다 정확히 말하자면 갈비뼈 끝쪽 안쪽이 아파요 가끔 숨쉴때 쥐어짜듯이 아픈 통증이 있잖아요 그게 대게는  분 정도로 짧게 끝나는데 저는 지금  일째 계속 되고 있습니다 일상생활을 할때 너무 힘들고 아파요       크게 숨을 들이키고 내시면 괜찮아질까 싶어서 몇 번 해봤는데 무용지물이고 내과에서 엑스레이랑 위 내시경을 했는데 가스가 좀 있다 위염이 있다 이정도였습니다    혹시 이 증상이 계속되면 큰 병에 걸리는 거 아닌가요  이 증상을 어떻게 하면 빨리 없앨 수 있을까요  ,호흡기내과
맥박 정상인가요 ,사람 맥박 정상이  분당       회가 정상이잖아요  근데 하루종일 일하면서    에서    을 계속 아우르는데 그것도 정상인가요 ,호흡기내과,B형간염 검사  폐결핵 검사 전에 주의사항,안녕하세요  내일 B형간염 검사와 x ray 흉부 폐결핵 검사를 받을 예정인데  건강검진은 전날 금식하잖아요  마찬가지로 주의사항이 있나요  또 점심에 타이레놀 두알을 먹었는데 영향을 미칠까요 ,호흡기내과,독감주사 백일해주사,저희 아빠께서   세 이신데  작년  월에 폐암 수술을 받으셨습니다  그리고 올해  차까지 코로나백신 접종을 하셨구요 마지막 접종일       그리고      일 독감접종을 하셨습니다  궁금한 사항은     에 백일해 예방접종을 하려 하는데  T dap    괜찮으실까 궁금합니다  독감 접종 후 약  주일 정도 지난 시기인데 백일해 예방접종까지 해도 될까요 ,호흡기내과
코로나 잠복기간 전염력,혹시 코로나 잠복기간에도 전염력이있나요 ,호흡기내과,어제  차 화이자 백신 맞았어요,어제  차 화이자맞았는데 지금 머리 쪼금아프고 몸살기운 왔는데 밖에잠시 나가서 고기먹고와도 되겠죠   ,호흡기내과,흡연 철분제,흡연자들은 철분제 복용하면 노화가빨리온다는 소릴들엇는데 맞나요  ,호흡기내과
코로나 걸리고 기침이 심해요, 월  일에 코로나 걸리고  일날 해제 되었는데  계속 기침이 심하고 밤에는 더욱 더 심합니다   폐에 가래가 낀것 같은 느낌 들고  목소리도 가래 낀 목소리가 납니다   코로나 끝나고 바로 병원에 진료 받아서 약을  일 치 받아서 먹었는데도 불구하고  기침은 더 심해지고 폐 소리가 안좋아서 폐 CT나 검사를 받으려 가보려고 합니다  부산 해운대에 폐 CT 가능 병원 있으면 알려주시면 감사하겠습니다  ,호흡기내과,코로나 걸린건가요    ,저희 아빠가 갑자기 열이     도 까지 오르고  기침도 조금씩 하고 계셔요   혹시 이거 코로나 인가요       ,호흡기내과,마른기침 가래 약간피섞임,병원을 가려는데 내과를 가야되요 아님 이비인후과를 가야되요  지금 약간 역류성식도염두 있는거같아서요 마른기침은 갑자기 목이 간지러우면서 자다가 몇번하고 평상시는 잘안하고 하는데 혹시나해서 병원가볼려구요,호흡기내과
멀미나는기분,어느날 머리 정수리쪽에 따끔하고땡기는 느낌 하루이틀정도 오래가더라구요 그때부터가끔씩 또그러고 그이후부턴가모르겠는데 계속멀미나는기분이에요 머리도 안맑고 어질하고 속도메스껍고 가슴에뭐가막혀있는듯해요   머리가문제인지 위장쪽이 문제인지모르겠네요 미용실갔는데 한군데 십원동전만하게 원형탈모현상도   그냥 내과가서 진료받으면될까요,호흡기내과,요즘 콧물이 나고 기침에 가래가 끓는데 코로나인가요 ,열은 없는데   저번주 토요일에 pcr 검사 음성이었는데   그냥 단순 감기인건가요 ,호흡기내과,독감 주사 내일 병원 갈건데 그냥 병원 가면 주사 접종 해주나요  ,독감 주사 내일 병원 갈건데 그냥 병원 가면 주사 접졷 바로 해주나요  궁금해서 물어 봅니다 ,호흡기내과
코로나 미접종자 가족 확진,저희 아빠가 오늘 자가키트로 양성됬는데 저는 오늘 음성나왔거든요 근데 확진자 가족중에 미접종자는  일 등교 중지라는데 저 등교 중지인가요   차만 접종했어요,호흡기내과,허리신전 가슴 피면 숨쉬기 힘든데 등구부리면 다시 편해져요 왜그런가요 ,원리가 있는건가요 아님 제가 이상한건가요 ,호흡기내과,독감예방접종  백일해주사,저희 아빠께서   세 이신데  작년  월에 폐암 수술을 받으셨습니다  그리고 올해  차까지 코로나백신 접종을 하셨구요 마지막 접종일       그리고      일 독감접종을 하셨습니다  궁금한 사항은     에 백일해 예방접종을 하려 하는데  T dap    괜찮으실까 궁금합니다  독감 접종 후 약  주일 정도 지난 시기인데 백일해 예방접종까지 해도 될까요 ,호흡기내과
기침할 때 헛구역질,코로나 완치 후 휴유증으로 한달 동안 기침을 하고 있어요  병원에서 약 처방 받고 복용해서 기침이 잦아들긴 했지만 안 멈춰요  그런데 며칠 전부터 기침을 하면서 헛구역질이 나오더라고요  밥 먹을 때도 가끔 그렇고 가만히 있을 때도 그렇고요  이것도 일종의 휴유증인가요  아니면 위에 문제가 생긴 걸까요 ,호흡기내과,b형간염 이랑 폐결핵 검사 비용,제목 그대로 입니다 요번에 대학 긱사 신청때문에    검사를 받으라는데 얼마정도 들까요 ,호흡기내과,코로나 감기,어제부터 열이 나는 것 같아서 열 재보면 열 없고 목 따끔거리면서 콧물 많이 나오는데 혹시 코로나 일까용     코도 살짝 막혀요 기침은 많이 안합니당 오늘 검사 받고 오긴 했는데 걱정돼서 질문 합니다 ,호흡기내과
가슴이 숨이 꽉 막힌 것처럼 답답하고 트림도 안 나옵니다,어제 콜라를 잘 못 마시고 난 이후로 명치 쪽이 메스껍고 쓰리면서 숨이 꽉 막힌 것처럼 트림도 안 나오고 답답합니다  항상 긴장상태여서 그런지 평상시에도 답답함이 있구요  어딜가든 항상 주변 사람이 어흑하면서 헛기침을 하거든요  신경증이라고 알고는 있는데 이런 소리를 들을수록 더 답답해지구요  어떻게 해결할 수 있나요  역류성 후두염이 있어서 위장약을 복용하고는 있습니다 ,호흡기내과,천식스테로이드제 평생사용,천식약 포스터      hfa를 거의   년정도 쓰고 있습니다 폐기능검사에서 폐쇄성폐질환 소견을 보여 지금까지 쓰고있는데 평생써도 무방한지 궁금합니다,호흡기내과,염증있을때 독감주사 맞아도 되나요,고양이에게 손가락을 심하게 물려 많이 찢어졌는데 연고 바르고 있습다  내일 독감주사 맞으려고 하는데 염증있어도 독감접종 해도 되는지요,호흡기내과
천식과 폐기능검사 관련 질문,천식 증상에 쌕쌕거리는 소리가 난다고 알고 있는데 전 천식판정 받았음에도 쌕쌕거리는 소리가 나질 않아요 제가 잘 못 들은 걸까요  쌕쌕거리는 소리 나는지 어떻게 확인하죠  천식이어도 쌕쌕거리는 소리 안 날 수 있나요  그리고 폐기능검사 할 때 세게 불었는지 약하게 불었는지 잘 모르겠는데 일단 결과로는 천식이 떴어요   천식이 아니어도 약하게 불면 천식이 뜰 수도 있나요 ,호흡기내과,엑스레이로 패혈증증상을 알아볼수있나요 ,엑스레이로 패혈증인지 아닌지 알아볼 수 있나요 ,호흡기내과,호흡기 내과 대학병원 검사시간,기침이 한달반이상 지속되서 동네병원을 수차례 다녔지만 증상이 호전되지 않아서 진료의뢰서를 받았습니다  만성기침이 호전되지 않는다는 내용으로요  그래서 대학병원에   월  일에 예약까지 되어있는 상황인데요  궁금한것은     어쩌면 누구나 하는 당연한 기침인데 내가 너무 예민하게 받아들이는것은 아닐까  하는 생각이에요  기침을 하루에 수도없이 해야지만 만성기침인가요  그정도는 아니거든요  하루에 몇번씩 간헐적으로 기침이 나오는데 이런것은 만성기침이라고 할 수 없는것인지 궁금합니다      대학병원에서 여러가지 검사를 받는데 총 시간이 얼마나 걸리는지 궁금합니다 하루만 방문하면 끝나는지 아니면 며칠간 계속 방문해야하는지   감사합니다,호흡기내과
혹시 제가 천식인가요 ,  년 후반부터 가슴이 답답하고 숨 들이킬 때 좀 거세게 되는것 같아요  혹시 코로나 인가 해서 자가키트랑 pcr도 받았는데 음성이고 계속 기침이 나와요  어릴때부터 아토피가 좀 심했고 이상하게 요즘따라 아토피도 심해지고 기침이 자꾸 나와요  걱정되서 계속 자가키트 하는데도 깔끔하게 음성이라고 뜨고  이상해요   누가 좀 알려주세요   ,호흡기내과,임시선별소,지금 임시선별소에서도 자가키트로 검사후에만 pcr 가능한가요  ,호흡기내과,코로나백신,내일 화이자 맞는데  지금 약간 감기기운 누런 콧물  기침  목아픔  이있는데 맞아도될까요 ,호흡기내과
친구 코로나,제가 친구랑 밥도 먹고 이것저것 다했는데 친구가 양성이면 저는 어캐되는거죠 격리되나요  그리고 pcr 검사 우선순위인가요  참고로 키트했는데 음성 나옴요,호흡기내과,코로나 자가격리,토요일날  시간 만난 아는 언니가 자가키트로 양성을 받아서 일요일날 검사해서 월요일날 오전에 양성을 받았는데요 저는 밀접첩촉자인가요  덴탈마스크  차접종   일  차 아직  그럼 그 기준이 월요일부터  일인가요 ,호흡기내과,  월  일 독감예방접종을 맞았습니다  제가 얀센접종자라서   월  일경맞음  코로나백신 언제쯤 맞으면될까요  ,  월  일 독감예방접종을 맞았습니다  제가 얀센접종자라서   월  일경맞음  코로나백신 언제쯤 맞으면될까요  ,호흡기내과
폐섬유화 증상 무엇이 있나요 ,  폐섬유화 증상 무엇이 있나요     폐렴 증상은 무엇이 있나요     섬유화 완치 가능한가요  완치 불가능이면 섬유화 되는걸 멈추거나 할수 있나요     폐렴은 완치 가능한가요 ,호흡기내과,코로나 증상,토요일에 확진자랑 접촉해서 월요일에 검사를 받고 음성이 나왔는데 화요일 오늘  아침에 목이 간지럽고 기침이 나올거 같아요   코로나일까요       주말에 한번 더 검사를 받으러 갈 예정인데 너무 걱정이에요,호흡기내과,수면중 심박수가 증가하는 원인,제가 수면중에 특정시간에 심박수가    가까이 급증하는데 수면중에 심박수가 급증하는 이유가 있을까요 ,호흡기내과
딸국질이 멈추질 않아요,잦은 딸꾹질로 문의드립니다  한번시작하면 짧게는    일 길면 일주일동안 지속됩니다  잠깐 멈췄다가도 나고 멈췄다가 나고해서    지금 미칠껏같습니다    요즘은 딸국질과 같이 트림   신물   음식물등 올라오네요    목에 뭐가 계속 있는 느낌도 듭니다    저번에는 딸꾹질이 계속나면서    일 정도 지날무렵 머리가 핑 돌면서 어지러웠던 적도 있는데 왜 그런걸까요   ,호흡기내과,저 코로나인가요 ,어제 친구랑 난장 집 앞에서 정자 같은데서 밤  시부터  시반까지 맥주 마셨어요 밖에서 시골이고 한적함 아무도 없었고   패딩이랑 좀 얇게 입고 나가긴 했는데 밤   시 자기 전까진 아무 이상 없다가 아침에 일어나니까 목이 간질간질하고   기침 약간 하구요 열은 쟀는데     도     도 이러고 지금은 아예 열 없고요         목만 겁나 간지러움 평소에도 마른 기침 많이 하구요    그냥 몸살 처럼 약간 춥고 콧물 살짝 흐름,호흡기내과,어지러움 메스꺼움 시야가 흐리고 기운이 없네요  ,오늘 아침부터 갑자기 어지럽더니 메스꺼리고 눈앞이 흐려지면서 기운이 없더라고요 한달 넘게 못쉬고   시간 넘거 일만 하기는 하는데 한번도 이런적은 없어서    왜그럴까요  ,호흡기내과
코로나 증상 한달가까이 지속될수 있나요  ,저희 어머니가  코로나에 걸리셨는데  몸이 아프셔도 자가키트엔 음성만 나와서 그냥 생활하시다가 병원에서 양성판정을 받으셨거든요  근데 몸살 증상만 거의 한달가까이 겪고 계세요  백신은 한번도 맞은적 없으세요  보통 주변 사람들 보면 일주일 격리하면 아픈 증상들은 다 사라지던데 병원에서 약 처방받고 먹어도 열도 안내리고 그대로 라고 하는데  원래 이렇게 증상이 오래 갈수도 있는건가요   혹시 최악의 상황에 증상이 더 악화되고 멈추지 않는다면 어떻게 해야하나요     병원에 전화해서 입원치료를 받아야하나요   자세히 좀 답변해주시면 감사하겠습니다   ,호흡기내과,오미크론 증상 일까요  , 일 전부터 목이 빨갛게 부었고 물 콧물이 나와서 동네 병원에서 약을 지었는데 약이 안들고 콧물이 심해지고 기침도 조금씩 나와요  머리도 조금 아픈데 오미크론 일까요  ,호흡기내과,폐렴구균 단백결합  가  는 몇차까지 맞아야 하나요 ,질병관리청에서 조회해보니 저는  폐렴구균 단백결합  가   를  차까지 맞았다고 되어 있는데요 이건 몇차까지 맞아야 되는건가요 ,호흡기내과
코로나 확진 후 말하면서 밥먹으면 숨이 참,안녕하세요 저번주에 코로나 확진되고 이번주 격리 해제되었는데요 아직까지 기침 가래 두통이 있는 상태입니다 오늘 오랜만에 친구랑 같이 밥을 먹었는데 말하면서 밥을 먹으니까 숨이 차더라고여 원래 한번도 이런적이 없었는데요   폐에 문제가 생긴건지 병원을 가서 검사를 받아야 한다면 어떤 검사를 받아야하는지 알려주세요  ,호흡기내과,저 감기 인가요  감기증상 궁금 ,이 시국에 좀 그렇지만 그저께 부터 목이 부은 느낌이 있었어요 침 삼킬 때 목이 좀 아팠죠 근데 오늘은 목이 안 아프고 기침이 나더라고요 코로나는 아니고  집에만 있었음  그냥 감기 같긴 한데 감기가 정확히 맞는 진 모르겠어요 열은 없고요,호흡기내과,모더나  차 접종 후 두근거림이 계속 됩니다 ,  월  일에 모더나  차 접종을 하고  일째부터 두근거림이 있어서   일에  차 접종했던 내과를 찾아 심전도검사랑 엑스레이검사했는데 정상이라고 나왔습니다  그러곤 지금까지 증상이 지속되고 간헐적으로 찌르는 느낌이 있는데 검사후에 부작용이 나타날수도 있나요  다시 내과를 가봐야할까요 ,호흡기내과
 주째 기침이 안 멈춰요,제가  월 말부터 지금까지 거의  주째 기침을 하는데 이유가 뭘까요  환절기때도 감기 잘 안 걸리는 튼튼한 사람인데   천식이나 호흡기 질환 비염 등등 기저질환 없었구요 코로나도 걸린적 없는데    그렇다고 감기는 아닌거같은게 단순 기침 빼고는 증상이 하나도 없어요 목이 간질거려서 연속적으로 기침이 계속 나와요 초기에는 밖에서 찬 바람 쐴때만 기침을 했었는데 이제는 집에 있어도 자꾸 기침을 해요   혹시 기침성 천식일 가능성이 있을까요  외출해서 찬 바람 쐴때랑 밤에 기침이 좀 심해지는거같아요,호흡기내과,코로나 검사,목 아픔  콧물   가래  기침 등 코로나가 의심 되는 증상이 있는데요   자가진단키트로 먼저 검사 해보고 양성 반응이 나와야 보건소 가서 검사 받을 수 있다는데 자가진단키트가 약국 편의점 다 품절이라 살 수가 없어서요    이런 경우에는 어떡해야 하나요   인터넷으로 배송 시켜도   일 이후에나 도착 예정이라던데   ,호흡기내과,폐렴 백신 중복 접종해도 괜찮은가요 ,최근  코로나 때문에 백신들 확인하는 중인데 어머니가 예전에 폐렴 예방접종을 맞으셨는지 안맞으셨는지 기억이 가물가물하시다면서 헷갈린다고 하시네요   병원에 문의해본 것 까지는 기억이 나시는데 정확히 어떤것을 맞았는지  진짜로 맞았는지 기억이 안난다고 하십니다    예방접종도우미 사이트에 가봐도 폐렴 예방접종 여부가 안뜨네요      이 경우  다시   가랑   가를 맞혀드려도 괜찮을까요  만약 어머니가 예전에   가를 맞으셨으면 중복 접종이 되는 것일텐데 이래도 괜찮은가요     어머니 나이는 현재   세이십니다  걱정되어서 질문드립니다  ,호흡기내과
수면중 숨막혀서 깸,  대남자입니다  코골이는 없는데 올해부터 갑자기 가끔씩자다가 허억허억 하면서 잠에서 깰때가 있습니다 깼을때    초정도 숨쉬기 힘들다가 다시누우면 괜찮아지는데 왜그런가요  살찌지도 않은 보통체형입니다,호흡기내과,자택치료 후 바로 돌아다녀도 되나요   ,자택치료 후 바로 돌아다녀도 되나요      월  일 설날당일 낮   시에 격리가 풀리는데 바로 본가에 갔다와도 되나요   가족들에게 전염시키진 않을까 걱정입니다 ,호흡기내과,독감주사 a형간염주사,독감주사랑 a형간염 차 주사랑 같은날 동시에 맞아도 되나요  내일 모레 a형간염 차가 예약되어있는데 갑자기 독감주사도 맞아야 할 일이 생겨서 둘이 동시에 같은날 같은 병원에서 맞으려는데    같은날 두개 맞아도 괜찮나요   ,호흡기내과
배를 부풀릴 때마다 크게 꾸르르르륵 이런 소리가 나요  ,밥을 안 먹었을 때 주로 나는 것 같아요   배를 부풀리면서 숨을 쉬면 물소리랑 꾸르르를 소리랑 같이 나요    왜 이럴까요,호흡기내과,코로나 검사하고 목이 자꾸 아프네요,코로나검사할때 엄청 깊게 집어넣어서 처음에 목이 엄청 아팠거든요 지금 검사한지  시간 경과됐는데 이거 그냥 일시적인걸까요  아니면 오미크론일까요  부모님중 한분이 목감기가 걸려서 키트로 진단했더니 양성결과 나와서 검사받은겁니다 제가 아주어렷을때 독감걸리고선 중 까지 가벼운감기라도 걸린적이 없거든요 면역력이 강하면 감염되지않겠죠 ,호흡기내과,어떤 병 증상일까요 ,어제 오전부터 근육통 시작되었고 오후  시쯤 심박수가 증가하더니    이상에서 내려가지 않고 열도 났습니다  그래서 타이레놀 먹고 좀 버틴 다음 자려고 했는데 잠이 잘 안오고 자다가 깨다가를 반복해서 오늘 오전  시쯤 응급실에 가서 검사를 받았습니다  일단 수액을 맞고 진통제 맞고 피검사 하고 ct찍고 심전도 찍고 엑스레이 찍고 했는데 정상으로 나왔습니다  그래서 수액을 다맞고 오전  시에 집으로 갔습니다  집에 도착 후   시부터   시까지 자고 일어났고 좀 괜찮다가 죽을 먹고 누웠는데 열이 다시 올라오고 물똥과 함께 좀 어지럽고 근육통도 다시 심해져 지금 타이레놀을 먹고 난 후 방금 또 죽을 먹고 나서 글을 쓰고 있습니다  심박수는 아직도    정도 되고요  심각한 병이 아닐까 하는 불안감이 있습니다   어떤 병을 추측할 수 있을까요    참고로 오늘 새벽 구급차에 타서 체온을 재보니     도가 나왔습니다 ,호흡기내과
두통 매스꺼움,제가 코로나 걸리고 완치된지 한달 정도 됐는데요 코로나 완치 된 후에도 계속 마른기침에 가래가 심했었는데 어젠 갑자기 자다가 머리가 깨질 듯이 아프고 속이 토할거처럼 엄청 울렁거려서 잠도 못잤었는데 이거 코로나 후유증인가요  아님 병원 가보는게 맞는건가요,호흡기내과, 차 백신 부작용 질문이요 급해여  ,화이자  차 백신 맞은 후에 기침과 콧물  가래 현상있고  더불어서 겨드랑이  가슴통증이 있습니다 특이하게도 아랫배 아래  거기 털나는 쪽 서혜부  사타구니  멍든 것처럼 아프고 살짝 부었는데 이것도  차 부작용인가요   급합니다   ,호흡기내과,독감 예방 주사   자궁경부암 주사   실신   ,제가 독감이랑 자궁경부암  차를 같이 맞앗는데염   독감을 먼저 맞구 쉬는 타임앖이 그냥 바로 자궁경부암을 맞앗거던여 근데 맞자마자 시야가 거메 지더니 그대로 쓰러져서 일반정도 지나서 일어낫대요 근데 사실 전 기억이 없어양 히히 암튼 그래서 큰병우  에 갓더니 미주신경실신이라던가 그거 일수도  있대욤 같이 맞는거랑은 아무 상관이 없는건가영,호흡기내과
기침이 심한테 코데인 추가복용해도 될까요  ,안녕하세요  먼저 답변 감사드립이다   기침으로 인해서 코데인 복용중인데 의사선생님 지시없이 증량해도 되는지 싶어서 문의드립니다     기침시작 무렵에는 일상생활이 어려울정도로 기침을해서 하루  정 복용하였고 점차 기침이 좋아지며 코데인을 줄여서 지금은 아침에  정만 복용해도 기침을 덜했는데 몇일전부터 기침이 점차 심해지면서 일상생활에 조금씩 지장을 주고있어 조금 나아질때까지  정정도 증량해도 되는지 궁금합니다     다음 외래까지  주가 남은 상황이라서 질문드립니다 ,호흡기내과,코로나   의심증상인가요 ,열은 안나는데 몸이 무기력하고 기침도 가끔 해요 항상 목이 칼칼하다는 느낌   이곳저곳 근육통도 있고요  단순 몸살감기인지 코로나  인지 모르겠네요   검사를 받아봐야할까요 ,호흡기내과,헬리코박터균에 대해,안녕하세요 아빠가 건강검진을 받으셨는데 헬리코박터균     이라는 게 발견이 됐대요  이게 뭔가요  그리고 치료법이 있나요 ,호흡기내과
독감인플루엔자 다른회사접종, 개월때  차 보령바이오파마  개월  차 코박스플루 인데 괜찮을까요 ,호흡기내과,코로나 증상인가요,열은 나는지 안나는지 모르겠어요 목이 부었고 기침은 마른기침이 주로나는데 가래기침도 조금 나고 귀가 조금 먹먹해요 머리는 안아픈데 그렇다고 말짱한것도 아니고 콧물이 자꾸 나요 오늘 코로나 검사 받고왔긴 했는데 결과가 내일 나와서요 양성일까요 ,호흡기내과,서있다가 갑자기 뒷목이 아프면서 불타는것같아요  머리는 어지럽고 시야가 흐릿해지고 매스껍고 호흡이 가빠지면서 견디기힘들어져요  그럴때 눕거나 앉,서있다가 갑자기 뒷목이 아프면서 불타는것같아요  머리는 어지럽고 시야가 흐릿해지고 매스껍고 호흡이 가빠지면서 견디기힘들어져요  그럴때 눕거나 앉으면 괜찮아집니다  평소에도 후두부쪽에 땡기고 타는듯한 통증이 주기적으로 있습니다 원인을 알고싶습니다,호흡기내과
호흡기 내과,폐가 아프면서 숨이 안셔졌다가 한시간 정도 후에 어느정도 괜찮아 졌습니다 병원을 가려하는데 호흡기 내과는 근처에 없어 그냥 내과로 가려고 하는데 상관없을까요 ,호흡기내과,백신 차 부작용,안녕하세요   살이고 오늘로 백신 차를 맞은지  일차인데요 뭔가 호흡을 할때 쪼금 답답하다  그런 느낌입니다 기분 탓이겠거니 했는데 뭔가 이젠 아닌 느낌 입니다 코로 숨쉴때 뭔가 가슴에 답답한 느낌 이라 불안하네요 심장내과등 검사를 받아야 하는데 만약 질환이 있을시 어떤질환에 의심을 하면 되나요  추가적으로 뭔가 누워 있을때 잘 느껴져요,호흡기내과,모더나 접종 간격,모더나  차를  월   일에 접종하고 부작용을 거의 한달가량 느끼고  차 접종날짜가 됐지만 일단 몸이 안정될 때 까지  차 접종은 하지 않을겁니다 모더나  차 접종간격이    주 사이를 권고하던데  주를 더 넘긴 후에  차를 맞아도 상관이 없는건가요  모더나는    주를 권고한다는 답변말고  그 기간을 넘긴 뒤 접종했을 시 생기는 문제점이 궁금합니다,호흡기내과
잠복기간 음성  심한 증상,친언니가 확진이라 밀접접촉자여서 격리 중입니다   일 째 자가키트 결과는 음성인데 증상이 점점 심해지고 있습니다  오한  미열  약간의 두통부터 시작해서 현재는 발열  인후통  기침  가래  심한 두통이 지속되고 있습니다  잠복기간에 음성인데  증상이 심해지는 경우가 있나요 ,호흡기내과,델타 변이 바이러스와 독감 바이러스,델타 변이 바이러스가 독감 바이러스보다 치명율이   배정도 높지 않나요 ,호흡기내과, 차 백신 접종후 감기약,     일 화이자로 백신 차 접종을 했습니다  계속 몸살기운도 있고 해서 타이레놀만 복욕했는데요  어제 저녁부터 코가 막히고 콧물이 심해서 숨을 쉴수가 없는 상태입니다  엑스콜드에프 라는 감기약을 먹어도 될까요  지금 사무실에 이것 밖에 없어서요    알려주세요,호흡기내과
안녕하세요  평소 스트레스가 심한 직종이라 역류성식도염을 달고사는데요  기침한지도  개월 좀 넘은거같습니다  최근 코로나 확진으로 기침이 더 심,안녕하세요  평소 스트레스가 심한 직종이라 역류성식도염을 달고사는데요   기침한지도  개월 좀 넘은거같습니다   최근 코로나 확진으로 기침이 더 심해졌고 지금은  주일정도 지나 좀 괜찮아진 상태인데요  기침은 아직도 안멎는데 최근들어 숨쉴때 소리가 납니다  진료 받아야,호흡기내과,제가 코로나인가요 ,안녕하세요 이제 중학교 올라가는   살 남학생입니다  제가 다니는 학원 같은 시간 같은반에서 확진자가 나와서  일전에 검사를 해서 어제 음성판정으로 나왔습니다  근데 오늘 갑자기 열 기침 가래 목아픔이 생겼는데 코로나인가요 감기인가요 ,호흡기내과,기도에 음식물 넘어갓쉉요   ,제가 진짜 잘 넘어가는 스타일에 사램인데 맨날 물마시다 들어가는디야 이번엔 밥풀 한 개가 들어가버려서 기침하다가 말았거등요    심각한건지요      오늘 아침에 졸려서 무의식적 로 먹다가 넘어갔읍니다  잠 다 깼다   ,호흡기내과
코로나 음성인데요  주동안 열이 나요,코로나 음성인데요  주동안 열이 계속     에서    등 열이 계속 올라가 있어요 매일매일이요 그리고  주이상 마른기침이 조금씩 나보 가래가 있는 느낌이에요 또한 갈비뻐 쪽 폐가 뻐근한 느낌 이고 지금 갑자기 가운데 가슴이 엄청 아파요 가만히 있어도 아프고 숨을 쉴때 기침이 나올것 같은 느낌이에요 목이 아프고 그런건 없어요,호흡기내과,코로나 관련 사항 질문,  제가 코로나  차 접종을     년  월달에 맞앗고      년  월  일에확진판정양성   일날 재택치료 풀리고  올해  월달   일에  차 백신 부스터 맞앗습니다   이러면 효력이 생기나요   항체가 생겼기 때문에 말입니다    백신맞으면 효력 많이생기고더불어 항체도 생겼깄때문에  안심해도 될까요 ,호흡기내과,독감 a형간염,독감을 맞을려고 하는데  꼭 a형 간염주사  주후에 맞아야 되는건가요   ,호흡기내과
코로나 증상 완화시,코로나에 걸려서 기침 가래 인후통이 심해서  일치 약을 처방받고 다 복용했습니다  증상이 많이 호전되었지만 기침하고 가래가 있고  평소에 비염이 심해서 코막히는 증상이 있어서 다른 병원에서 약을 새로 처방받아서  회정도 복용했는데 속쓰림이 너무 심해서 입맛도 없고 답답한 느낌이 심합니다  기침도 심하지 않고 나아지고 있는데 약을 안먹어도 괜찮을까요  그냥 감기였다면 약 안먹을텐데 코로나라서 무섭네요    답변 부탁드립니다  ,호흡기내과,기관지내시경 질문드립니다 ,혈담이 지속적으로 나와 동내내과서 저선량CT를 찍었습니다 선생님께서 CT상 너무 깨끗하다고 하셨고 조영제ct는 찍을필요가 없다고 하셨습니다  그뒤로도 혈담이 나와 동내내과를 방문해서 대학병원에서 기관지내시경을 해보고싶다고 해서 대학병원에서 기관지내시경을 진행하였습니다  기관지내시경상도 깨끗하다고 가래가 조금있어서 그것만 깨끗이 긁어냈다고 하셨고 세척검사만 진행한다고 하셨습니다  세척검사는 무엇을 보는 검사인가요  일주일정도 소요된다고 하셨습니다  기침은 없고 혈담은 아침에만 가끔 나오는데 제가 비염이 있어서 잘때 코가 넘어 오는걸 느낍니다  피가 나온날은 코에 소량의 피가 꼭있습니다 ,호흡기내과,목감기 걸렸습니다,목감기 인데 타이레놀 먹어도 될까요 ,호흡기내과
  살 아들이 작년여름 대상포진이 와서 고생하고 겨울에는 군신체검사에서 결핵보균자라는 진단이 나와 결핵약을먹고 치료를 했답니다 치료는올초에마무리,  살 아들이 작년여름 대상포진이 와서 고생하고 겨울에는 군신체검사에서 결핵보균자라는 진단이 나와 결핵약을먹고 치료를 했답니다 치료는올초에마무리했고  월에 군에 입대를하는데몸이 약해서 홍삼이나보약을 먹이려고 하는데 바로 먹여도 되는지 궁금합니다 ,호흡기내과,수면무호흡증인가요 ,갤럭시워치  차고 잤는데 평소에는 쭉    이상이거나    미만 떠도 몇초밖에 안 떴는데 오늘은   퍼센트대까지 떨어졌네요    코골이는 감지 안됐고 한달에 한 두번 골까말까예요,호흡기내과,과호흡 증상인가요 ,스트레스 받는 상황이 되면 몸이 굳고 온몸에 쥐 난것처럼 찌릿찌릿거립니다 거기에다 호흡까지 가빠지고 어지러움을 호소하게 되면서 잘 서있지 못하게 되기도 하고 스트레스 받는 상황이 끝나고   분 정도가 지나야 몸에 진동과 굳음이 풀리고 호흡도 정상으로 돌아와요  과호흡 증상인가요   ,호흡기내과
코로나 걸렸는데 냄새를 못 맡는데 깊게 숨 쉬면 타이어랑 휘발유 섞은 거 같은 역한 냄새가 나요 평상시처럼 숨 쉬면 머리가 지끈거리고 냄새가 너,코로나 걸렸는데 냄새를 못 맡는데 깊게 숨 쉬면 타이어랑 휘발유 섞은 거 같은 역한 냄새가 나요 평상시처럼 숨 쉬면 머리가 지끈거리고 냄새가 너무 역해서 구역질나고 구토도 했어요 이것도 증상이라면 어떻게 치료해야하나요 ,호흡기내과,   살려주새요,지금 밥 먹고 나서부터 배 그냥 전체가 숨쉬기 힘들 정도로 아픈데 이거 어케해요 약 사러가고 싶은데 진짜 디질거가태요 아 슬려주더,호흡기내과,폐렴주사 접종주기가 어찌되나요 , 년에 한번 맞는건가요 ,호흡기내과
제 증상좀 체크해주세요  코로난지 감기인지  ,이틀전 저녁부터 어질어질햇구요 미열있듯이  어제는 일어났을때 침삼키면 목이 아팠는데 점심부터는 괜찮아 졌어요 근데 오늘 새벽 시에 깻는데 목에 가래가 한뭉텅이랑 침삼킬때 목아픈게 또있더라구요 감기때매 가래나와서 목에 세균이 번졋나 아님 오미크론인가  모르겟어요   이거 뭔증상인가요 ,호흡기내과,타이레놀  펜잘,백신 접종 후 먹으려고하는데   타이레놀과 펜잘 성분에 차이 없나요 ,호흡기내과,화이자 백신  차 접종 시기,안녕하세요  화이자 백신  차 접종후 호흡 곤란  가슴 두근거림  심장이 죄이면서 식은땀 나는 증상이 수 회 있었는데요  응급센터 방문도 하고 그 이후 병원에 가서 진료를 받아도 혈액검사로는 이상없다고 나왔습니다  암튼  주 정도 지나니 괜찮아졌는데요  그 이후 스케줄 상 도저히 맞을 수가 없어서 연기하다가  주 째인 이번주 목요일에  차를 맞으려고 하는데 기간이 너무 떠서  차 접종으로서의 효과가 나올 수 있을지 궁금합니다   답변주시면 감사하겠습니다   ,호흡기내과
침 뱉으면 피,한번씩 침을 뱉으면 완전 빨간피가 아니라 연한 선분홍색으로 침이랑 섞여 나오는데요 원인이 무엇일까요  기침이나 가래 흉통 이런건 전혀 없습니다 ,호흡기내과,헬리코박터 제균치료,안녕하세요    제가 헬리코박터 제균 치료  차 실패 하고  차  주치 약을 받아 왔습니다   선생님이 약먹는 기간  주 하고 한달뒤에 다시 검사 하자고 하셨습니다   질문은 제가 약을 바로 안먹고   을 정도 뒤에 부터  주간 복용하려고 하는데요    이럴경우 재검날자를 맞쳐서   을 정도 미뤄야 하는지 궁금 합니다   답변 부탁 드립니다   감사합니다 ,호흡기내과,목이 부은건가요 ,기침 콧물 오한 두통 열 없고요 그냥 처음에 가래만 자꾸 나오다가 오늘 자고 일어나니 목이 아파요 코로나는 아니겠죠 ,호흡기내과
미열과 오한 어지러움이 있습니다  ,기침 가래 설사 복통 근육통 아무것도 없습니다  미열이 조금나는둣하여 오한이있고 조금의 어지러움만 있습니다   약먹으면 괜찮을까요   몸살인가요   코로나 자가키트는 음성 나왓습니다   ,호흡기내과,숨이 이상한거같아요,아무때나 갑자기 숨이 막히는거같고 너무 답답한거같아요 숨을 크게 들이마쉬어도 기다리는거밖에 없는가같은데 아는거 있으신가요   ,호흡기내과,손발톱이 파래졌어요  사진 첨부 ,언제부터 그랬는지는 정확히는 모르겠고 손발톱이 한눈에 봐도 파란데 얼핏 찾아보니 폐렴 증상이라고 하던데 평소 감기는 걸려도 호흡기가 안 좋거나 하지는 않고 폐렴 증상도 딱히 없어 전혀 폐렴 같진 않은데 이거 왜 이런 건가요 ,호흡기내과
침삼킬때마다 통증보다는 불편함이 좀 있는데요  두통과 기침이 좀 있고 코막힘 그리고 약간의 미열정도 있는거 같습니다  좀 찾아봤을때는 편도염 혹,침삼킬때마다 통증보다는 불편함이 좀 있는데요  두통과 기침이 좀 있고 코막힘 그리고 약간의 미열정도 있는거 같습니다   좀 찾아봤을때는 편도염 혹은 목감기 증상과 비슷한거 같은데 이사진으로도 편도염인지 알수 있나요 ,호흡기내과,윗몸일으키기 장 이탈 ,안녕하세요  최근에 윗몸 일으키기를 하거나 머리와 허리를 깊숙이 숙이고 팔을 들어 올리는 스트레칭을 할 때 어느 순간에 장이 이탈한듯한 불편한 느낌이 들고 만져 보면 왼쪽배에 볼룩 튀어 나와있어요 손으로 살살 문질러주면 금새 들어가긴 하는데  이거 그냥 방치해도 되나요  수술 경험이 전무한데 왜 이럴까요 ,호흡기내과,독감 예방주사 하루에  번 연달아서 접종   ,실수로 하루에  번 독감예방접종 했는데 위험한가요   제발 전문가만 답변해주세요,호흡기내과
호흡곤란    주 정도 살짝 있는 것 같은데 코로나인가요 ,스트레스 많이 쌓인 것 같기도 하고 비염도 좀 있는데 숨 좀 쉬기 힘든 것 말고는 아무 증상이 없는데 코로나인가요 ,호흡기내과,예방접종 맞고 화이자 맞아도되나여 ,점심때 예방접종  종 독감 폐렴 대장포진접종 뭐뭐 맞고싶은데 이거 맞고 다음날에 화이자 맞으러 가도되나요   ,호흡기내과,목뒤에서부터 머리가 울리는 느낌   ,일요일에 급체해서 하루종일 오바이트했었는데 오바이트 하던중에 목뒤 머리쪽에 하도 힘을 줘서그런건지 뭔가 툭 하는느낌에 갑자기 머리가 엄청나게아프더라구요   일이 지난 지금도 기침좀 하면 그 목뒤쪽에서부터 울림   이라해야하나 지이이잉하는 느낌이 계속나는데  대략적인 이유가 뭐가있을까요  ,호흡기내과
폐렴구균 접종,  살 여자입니다  폐렴구균 예방접종 가능한가요  가능하다면 종류가  가지있는데 어떤 걸로 맞아야되나요 ,호흡기내과,건강검진에서 비결핵성질환의심 받아서요,이제   세 남자입니다  검진받은 의원에서 비결핵성 질환의심이라해서 다시 가서 상담하니 폐가 깨끗해보이진 않는다고 하시더라고요  담배도 하지 않고 술도 마시지 않습니다   기침이 심하지 않고 가끔 목이 간질간질해서 한 두번 하는 정도 입니다  그래서  일간 처방받은 약 먹고 다시 xray를 찍었는데 나아지지 않아서 의뢰서를 써주셔서 ct를 찍으러 가기로 했습니다    현 상황이 이런데 설날에 가족들을 만나러 가도 되는건지 모르겠습니다   혹시나 싶어 코로나 검사도 했는데 음성이었고요  만약 결핵이면 옮길수도 있지 않나 싶어서요   ct검사 받을 때까진 다른 사람들 안만나는게 좋을까요 ,호흡기내과,잠복결핵 전염,제가 잠복결핵 보균자인데 동생이 제꺼 면도기를 마움대로 썻더라고요 그래서 그런데 잠복결핵 혈액으로 전염이 되나요 ,호흡기내과
잔여백신 예약,작년에는 병원마다 잔여백신이 자주 보였었는데 요즘에는 안 보이는 이유가 뭔지 알고 싶습니다,호흡기내과,만약 코로나 감염,코로나 감염되면 집에 있나요 아님 어디로 가서 생활하나요   ,호흡기내과,기관지 확장증이 있는데 백신 맞아도 상관 없나요 ,다음주에 백신을 맞는데 기관지 확장증 때문에 맞아도 되는지 병원에 물어보려고 했는데 하필이면 오늘 병원 문을 닫아서요 혹시 몰라서 여쭤봅니다,호흡기내과
확진자 역학조사  기입중에,확진자여서 역학조사 기입하는데 헷갈리는 문항이 있어서요    동거인은 코로나 감염을 진단  받은적 있나요 라는 문항이  검사받은적 있는건지 아님 걸린적있는건지를 묻는건가요 ,호흡기내과,코로나 치료중 운동,코로나 확진받은후 완치 되기 전까지 근력운동 해도 되나요  ,호흡기내과,코로나 백신 화이자   차       토  접종 후  차 접종이        토  예정인데  차 접종을 일주일 앞당겨서        토 에 맞아,코로나 백신 화이자   차       토  접종 후  차 접종이        토  예정인데  차 접종을 일주일 앞당겨서        토 에 맞아도 무방할까요 ,호흡기내과
밀접접촉자 자기격리 해야하나요,같은 반 제 단짝이 코로나 양성인데 저도 격리 해야하나요     오늘 양성 나왔다고 해서 제가 잠복기일 수도 있을 것 같아서요  학교는 어떡해야할까요 ,호흡기내과,폐렴나으면 피가래도,폐렴때문에 피가래가 나오는데 폐렴 완치되면 피가래도 정상가래색으로 돌아오나요  ,호흡기내과,이게 페렴 인가요 ,어제 저녁부터 갑자기 가래가 많이 까고 기침이 엄청 심합니다 근데 자고 일어난후 기침은 거이 안하는데 가래가 심해요 왜 그런걸까요 ,호흡기내과
코로나 어제 한 자가키트 두 줄 생김,어젯밤에 검사했고 분명 한 줄이였던 것 같은데 오늘 보니까 사진처럼 되있어서요   이럴 수가 있나요  번져서 그런건가요 ,호흡기내과,결핵 진단서,울산 시티e병원에서 결핵 검사를 기숙사때문에 하러가려고하거든요 오늘  내일 나온다는데 직접 가서 진단서 받아야하나요  아님 인터넷으로 당일 발급 되나요  오후에 받으러 갈껀데,호흡기내과,기도로 음식물 넘어간것같아요,점심에 오징어 순대를 먹었는데  오징어를 씹다가 안잘려진 부분이 기도로 넘어간 느낌이에요  처음에 숨막혀서 음식물을 조금 뱉었는데  막힌음식물은 안나오고 계속 기침하다가 목으로 넘어간 느낌이 드네요  속이 계속 쓰리고 목도 답답하고 머리가 좀 아프네요  어디서 진료를 받아야하나요 ,호흡기내과
기관지  폐사진,감기가 거의 한달짜 가고 있는데요 기관지  폐 사진 찍어보고 싶은데 엑스레이 찍음 되나요 ,호흡기내과,세팔로스포린계 항생제 복용 후 설사,편도염 앓고 항생제 주사를 맞고 저 항생제 약을  일치 처방 받았는데요  번 먹은 뒤로 설사를 하루에    번 하게됐어요    약사님이 증상은 없어도 약은 다 복용하라했는데     혹시 복용 중단하면 안되나요    설사 너무 괴로워요     이제 편도염 증상은 없습니다 ,호흡기내과,숨이 얕게 쉬어지고 잔기침이 계속 나와요   ,숨이 깊게 안쉬어져서 가만히 있어도 잔기침이 자꾸 나오는데 문제가 있는건가요   ,호흡기내과
오미크론 완치후 코로나 재감염이 가능한가요 ,제가 오미크론 바이러스가 걸리고 완치가 되었는데요   오미크론이 아닌 코로나 바이러스에 재감염되고 증상이 심하게 나타날 수 있는 가능성이 있나요   오미크론은 변이 바이러스라 원래 코로나와는 유전 적으로 많이 다르다고 들어서 혹시나 싶어서요  ,호흡기내과,중국 바이러스 우한폐렴  코로나    백신 부작용 질문,안녕하세요   살 남자 청년입니다  현재 제가 비접종자라서 백신을 맞지 않고 있습니다  지금 회사를 이전 하고 아마 강제로 회사에서 백신을 접종하라고 할건데   근데 제가 추위로 인해 몸의 온도가 떨어지거나 땀을 흘림으로 인한 온도 저하도 포함  넝쿨 같은 곳에 데이면 알레르기성 두드러기가 올라옵니다  이마  눈  뺨  목  얼굴 몸 가릴 곳 없이 전체적으로 심하게 나는 편입니다  백신에 대해서 많이 알아보고 있는 편이긴 한데  부작용 중에서도 두드러기 관련된 영상이나 글들도 있더군요  그런 면에 백신을 과연 맞아도 되는지  궁금합니다  현재 알레르기 특성이 정확히 어떤 알레르기 인지 잘 모르겠습니다  식물과 관련된 것인지  한랭성 인지는 ,호흡기내과,모더나 차접종,월요일에  차 접종하고 당일과 이튼날은 많이 피곤하고 기운이 없고 팔만아팠는데  일째부터 아침에 일어나니 머리가 핑하고 도는 느낌으로 어질하더니 기침 재채기하면 머리가 찢어질정도의 고통이고 가만히있다가 한번씩 두통이 심하게와서 어질해요   부작용으로 병원 방문하면 수액맞을 수 있나요 ,호흡기내과
코로나 자가격리 기준  차백신,제 동생이 어제 저녁에 코로나 양성판정을 받았는데 제가  차 접종 후   일이 지나서  차백신을 오늘 맞으러 가려고 병원에 예약해놨는데 오늘 맞아도 자가격리를 해야할까요  ,호흡기내과,아프면 눈이 붓고 때로는 입술이 부어요,  대 학생 이고요 어려서부터 몸이 아프려고 하는 징조가 있으면 입술이 붓거나 눈이 붓는 경우가 있어서 어느병원에 가야할지 혹 의심되는 현상은 무엇인지 궁금해서 올려봅니다  통상 몸을 충분히 쉬면 하루나 이틀뒤면 회복됩니다 ,호흡기내과,천식 흡입기,현재 포스터 넥스트할러를 사용한고 있는데요  백신 맞고 일주일 정도 지났는데 어제부터 평소와 다르게    번 정도 가슴 답답한 게 생겨서 숨쉬기 힘들다 느껴질 때마다 흡입기를 사용했습니다  처방받을 때 의사선생님께서  일  회 흡입하라고 하셨는데  번 정도 한 것 같아요   혹시 이렇게 흡입기를 사용하면 문제가 생길까요 ,호흡기내과
제 동생이 코로나일까요  ,오늘 낮에 동생이랑 같이 학원 수업듣는 친구가 양성판정을 받았다는 소식을 들었는데요   어제   부턴가 동생이 목이 아프대요 별 대수롭게 생각 안 하고 지나갔어요  근데 방금 저녁을 먹고 나서 갑자기 동생이 가래기침  을 하더니 열이 난다고 하네요   이거 코로나일까요 감기일까요      ,호흡기내과,명치 쪽 통증,어제 낮에 둘이서 소주  병 정도 급하게 마시고 했는데 토를 좀 많이 했거든요 그래서 하루 지나고 오늘 가래 뱉을때 명치쪽이 아픈데 왜 이러죠   ,호흡기내과,지금 발열 오한 마른기침 코막힘 맑은콧물 증상이 있어요 ,엊그제 운동을 강도높게   잘못된 자세로 하는 바람에 어깨 및 경추에 관절통이 심 하 게 생겼습니다  때문에 이틀 내내 잠도   분 잘까말까하게 너무 아파서   시간 스트레스 받으면서 보냈어요  그런데 오늘 이른 저녁부터 오한 기침 발열 코막힘 증상이 생겼네요  몸살일까요 코로나일까요 ,호흡기내과
코로나 격리해제후 한달동안 기침 안멈춤,한달째 병원가서 약도 받아가는데 기침이 멈추질 않습니다 왜이리 기침이 오래가나요,호흡기내과,코로나 증상  내공     ,오늘 밤에 일어 났더니 목이 엄청 따갑고 목소리도 달라졌습니다 처음에는 변성기가 왔구나 하고 생각했는데 오늘 저녁에 엄청 따가워지고 볼도 빨개지고 뜨거워요 기침도 하지 않는데 코로나 증상인가요 ,호흡기내과,밤만 되면 열 나는 이유,고 인데 낮에 학교 생활 잘 하다가 학원 갔다가 집에와서   시 쯤만 되면 열이 나기 시작하고 머리가 깨질 듯 아픕니다   감기나 몸살 그런 느낌은 없고 일주일에 적어도  번은 그러는 것 같아요  몇개월 째 이렇구요   왜 그런걸까요  병원에 가봐야 하는 걸까요   그리고 가끔 숨을 쉬다가 심장이 조이듯이 아픕니다   관련이 있는 걸까요  ,호흡기내과
 달 가까이 지속되는 기침  약도 효과가 없습니다 도와주세요    ,안녕하세요   월 말부터 시작된 기침이 현재  월까지도 지속되고 있고  기침이 시작된  월부터 꾸준히 클리닉을 방문하여 약을 처방받아 복용중이지만 차도가 없어 한국에 계신 의사 선생님들의 도움을 구하고자 지식인에 글을 씁니다  비대면이라 정확하지 않겠지만 가능성이라도 좋으니 짧게라도 소견 남겨주시면 정말 큰 도움이 될 것 같습니다  감사드립니다     저는 기침만 빼면 신체 건강한   대 후반 여성입니다  술  담배 안하고 정상 체중  혈압  산소 농도  호흡 다 정상입니다  청진기로 확인했을 때 호흡 소리 정상이라 asthma는 아닐거라고 했습니다  기침은 가래 없는 마른 기침으로  목구멍이 간질거리며 나옵니다  처음에는 그냥 너무 간질거려서 확 하고 나오는 기침이었는데  요새는 큼큼 거리며 목구멍에 느껴지는 이물감을 정리하는데 기침을 더 많이 해요  그 외에 눈에 띌 만한 특징이 없습니다  이 기침은 사실 이번이 처음은 아니고   년 전부터 플로리다에만 오면 시작되어 방치했을때  개월 지속 되었던 경험이 있습니다  보통 환절기   월  월  매달 나오는 기침입니다   아직 정밀검사 chest x ray 같은   를 받지 못해서 클리닉에서는 여러 가능성을 열어두고 약을 주시는데요   알러지성 기침   플로리다 날씨 특징   습함   카펫 생활 먼지  공기 등  콧물이 목구멍을 타고 흘러내려 나오는 기침   코에 투명한 콧물이 많음    초반에는 목구멍 뒤로 흘러내리는 게 느껴졌으나 지금은 안느껴짐    오늘 클리닉 방문  의료진 분께서 코 옆 maxillary sinus   이마쪽 frontal sinus  양쪽으로 엄지 손가락으로 꽉 힘을 줘 확인하심  압력  통증 없음      아래는 약 리스트입니다   차 방문 Benadryl  Diphenhydramine HCl   mg  Antihistamine  Mucus  Guaifenesin    mg  Nasal Decongestant  Phenylephrine hydrochloride   mg    차 방문 Fluticasone Propionate Nasal Spray    mcg per spray    현재도 매일 아침 양쪽 콧구멍에 각각  회씩 분사  Loratadine   mg  Antihistamine    효과 없어 중단    차 방문 All Day Allergy   mg  Cetirizine hydrochloride  Antihistamine    Loratadine antihistamine  효과가 없어서 이 약으로 바꾸라고 하셨음  하루에 한 알    차 방문 Culturelle Probiotics   오늘 새로 처방  계속 차도가 없자 infection 가능성이 있다며 probiotics 주심   Antihistamine  Acetaminophen 등 효과가 없고   복용량은 클리닉 안내를 따르고 있습니다만  기침이 멎지 않아서 주변 사람들이 따로 약을 챙겨줄 정도입니다  유일하게 효과가 있는 것은 cough drops  menthol     mg  캔디 입니다   시간에  알 제한이 있는데 급할 때  시간에  알 먹습니다  캔디 먹을 동안은 기침이 아예 안 나옵니다   추운 날씨  차가운 음료  커피를 마시면 기침이 심해지고  따뜻한 물도 자주 자주 마셨는데 물이 목구멍을 통과할때만 이물감이 덜하고 기침이 안나옴  물 마시고  초 후면 다시 기침 시작  아침에는 괜찮으나 오후  시부터 시작해서 저녁에 가장 심해짐  밤에 침대에 누울때 기침 발작적으로 나옴   도와주시면 정말 감사드리겠습니다   ,호흡기내과,이비인후과와 호흡기내과중에 어디를 가야하나요 ,가래가 자꾸 목 뒤로 넘어갑니다  침을 삼키면 목 뒤에 가래가 있는 느낌이 납니다  가끔 호흡곤란이  분정도 나타납니다  빈도는 하루에 한 번  많으면 하루에    번정도 나타납니다   기도가 좁아지고 칼칼한 느낌이 들면서 호흡하기 힘들어집니다  그럴때마다 제가 목구멍을 확장하는 듯 목에 힘을 주며 숨을 쉽니다    코막힘  콧물  기침 증상은 없습니다   이럴 경우 이비인후과에 가야할까요  호흡기내과에 가야할까요 ,호흡기내과,비활동성 폐결핵입니다   ,비활동성 폐결핵 판정 후 코로나백신 맞아도 될까요      년에 결핵이 왔고  완치   가 된 이후에 사시사철 기침과 가래때문에 고생하는데  이런경우에 백신접종가능여부와 접종후 문제점은 없는지 알고싶습니다 ,호흡기내과
코로나 의심증상   ,어제부터 몸이 좀 이상했는데 어제는 목에 이물감이 느껴지고 답답하기도 했고 두통에 기침과 콧물까지 났는데 방금 일어나보니 몸이 뜨겁고 몸에 힘이 안들어가네요    두통은 여전하구요    어제 혹시 몰라서 키트사서 했는데 키트가 불량인지 용액에서 거품만 나와서 제대로 검사가 안된것같기도 해요   코로나 의심되는 증상맞나요    pcr은 그냥 안해준다는데 어떡하죠    정확한 답변 기다리겠습니다   ,호흡기내과,심장통증 관련, 차  차  차 화이자  차   년   월 말 접종 완료   오한 고열 등 일시적인 증상 이후 아무 문제 없이 괜찮았습니다   이번주 부터 불규칙적으로명치와 왼쪽 가슴 사이쪽이 불편한 느낌이 듭니다   주로 물이나 음료 등  마실때 꿀떡 넘긴 즉 명치쪽에 지나갈때 한번 걸린다 라는 느낌이 듭니다   그냥 침을 삼켜도 그 자리에 불편한 느낌이 듭니다  통증이라고 하기에는 크게 아프지는 않습니다  평상시 식사 할때 음식 먹을때는 별 느낌 없습니다  그냥 숨실 때 도 불편할때도 있고 그냥 정상적일 때도 있습니다   단순이 잠을 잘못 자서 근육이 뭉쳐서 그럴 가능성이 있나요 저번주 일주일을 맨 바닥에 새우잠을 계속 해서 온 허리 어깨 가슴 등 불편 했었고 지금은 가슴 빼고는 불편한곳이 없습니다 ,호흡기내과,가래에서 피가 나옵니다 ,며칠전에 열이 있고 기침하고 가래에서 피가 나오길래 코로나 검사를 했더니 오늘 아침에 결과 음성으로 떴습니다 근데 목이 계속 아프고 마른기침을 계속 하고 가래가 항시 있습니다 어제부터 가래를 뱉으면 피가 같이 나오는 경우가 계속해서 늘고 있습니다   혹시 제가 죽을 병에 걸렸나요  는 좀 많이 간 것 같고 혹시 심각한가요  ,호흡기내과
코로나 확진 후 기침이 계속 나와요,제목 그대로에요  코로나 확진 후 완치 했는데 기침이 계속 나옵니다  당장 내일 발표를 해야하는데 단기간에 잠시라도 기침 멈출 수 있는 방법 없을까요  따듯한 물을 계속 먹는데도 기침이 나와요  그리고 언제쯤 기침이 덜해질 수 있을까요 ,호흡기내과,코로나 열,어제부터         사이를 오가요 타이레놀 먹으니까 괜찮아졌었는데 오늘 저녁쯤 되니까 다시 열이 올라요 원래 열이 자주 났어서 코로나인지 아닌지 헷갈리네요    열이나 두통 외에는 다른 증상 없어요 두통은 원래 있었구요,호흡기내과,항결핵약 소변약,혹시 항결핵약제 투비스투정    mg 이랑 한미탐스정 이랑 같이 먹어도 가능한가요    그거먹고 속이 울렁거리고 컨디션이 너무 안좋은데오,호흡기내과
자가진단키트,코로나   자가진단 키트를 오늘 아침에  번 했는데요  번은 양성나오고  번은 음성 나왔습니다  맨처음꺼는 피도 묻고 진하게 양성 두번째꺼는 연하게 양성 맨 마지막꺼는 음성 나왔습니다  혹시 몰라서 PCR검사도 하고 왔는데요 자가검진 키트서 양성 나오면 PCR 검사 무조건 양성 나오나요 자가검진 키트랑 PCR검사랑 결과가 다르게 나올수도 있을까요  아니면 감기기운 조금이라도 있으면 자가검진키트서 양성 나오나요 ,호흡기내과,결핵 반응 검사,안녕하세요 제가 화요일 오전에 결핵 반응 검사를 했어요 딱히 증상이 있어서 한건 아니고 학교 기숙사 들어가는데 하고 오라고 하더라구오 그래서 진행했는데 머리가 너무 깨질듯이 아파요 평소에 편두통이 있는데 진짜 머리가 너무 아픈데 두통약 먹어도 되나요   ,호흡기내과,백신접종대기중인   세주부입니다  건강검진중 폐재검대상이라 병원가서CT촬영결과 고립성폐결절이란 진단을받고  개월뒤 다시 보자고 들은상태인데 다음,백신접종대기중인   세주부입니다  건강검진중 폐재검대상이라 병원가서CT촬영결과 고립성폐결절이란 진단을받고  개월뒤 다시 보자고 들은상태인데 다음주에 모더나백신접종을 해야되는지 안해야되는지 걱정이됩니다 ,호흡기내과
코로나키트 음성 나왔는데 양성일 수 있나요,고등학교 재학중인   살입니다  키트에서 음성이 나왔는데 목이 칼칼하고 아프며 기침이 나오고 콧물도 나옵니다 심장쪽이라 해야하나 여기도 좀 아픈데 검사를 해야하나요 그리고 사진에 표시해 둔 곳도 좀 아픕니다 ,호흡기내과,각혈 객혈 증상이 있을시 어느 병원에 가야하나요 ,고수님들 안녕하세요   요 근  년간 한두달에 한번정도 아침에 가래침을 뱉을때 나오는데  아주 미량이라 코피거나 입안 미량의 상처라 가볍게 생각했는데  오늘 아침에는 사진처럼 꽤 많이 나와서 너무 놀랬습니다  딱히 아픈곳은 없긴한데 병원은 봐야할거 같아 문의드립니다   각혈 객혈 증상이 있을시 어느 병원에 가야하나요   큰병원가서 진료 보고싶기도 한데   도통 어느과에 가야할지도 모르겠어요       제가 부산사는데   경남권에 유명한분이 있으면 말씀 부탁드립니다 ,호흡기내과,편도염  인가요 ,목이 너무 말라서 올립니다 사진으로 보면 편도염 증상인가요  심각한 정도인가요  ,호흡기내과
기도가 좁아진거 같아요,요즘들어 누우면 숨쉬는게 좀 힘들고 목쪽이 좀 답답합니다  그리고 목소리가 잘 안나오고 뭐 삼킬 때도  전 보다 더 힘들고 잘안넘어가고 목에걸리는느낌이에요  이런거 검사 어디서받나요,호흡기내과,오미크론 확진 여부,제가   월달에 감기가 엄청 심하게 들었던 적이 있었습니다   목감기에 코감기  기침도 심하게 했었습니다  처음에는 겨울이라 건조해서 그런 건줄 알았는데 오미크론 증상 중에 땀띠 증상도 있더라고요   근데 제가 그때 뒷목이랑 상체 전반적으로 땀띠가 있었거든요  이것도 처음에는 건조해서 가려운 건 줄 알았어요   원래 감기 걸렸을 때 약국에서 약 사 먹으면    일 있다가 서서히 괜찮아지는데 오히려 심해져서  주 조금 넘겼을때 병원 갔었습니다  처음 증상 있고나서  주 정도 지나니 괜찮아졌는데  지금 생각해 보면 오미크론이었을 수도 있겠더라고요   그때 코로나 검사 해볼 걸 하는 아쉬움이 들어서 이전에 오미크론이 걸리고 완치된 경우에는 따로 오미크론 확진 여부는 파악이 안 되는 지 궁금합니다  참고로 백신 미접종자 입니다 ,호흡기내과,잠복성 결핵의 전파가능성,아이를 낳고 장모님 댁에 한달간 지내려고 하는데요 장모님이 잠복성 결핵 판정을 받으셨습니다 약은 꾸준히 드시고 계시는데 아이가 장모님댁에 가서 같이 지내도 되는지 궁금합니다 참고로 아이에게 결핵예방주사 bcg 를 맞추고 한달뒤에 갈 예정인데 괜찮을런지요   내과 선생님의 답변 부탁드립니다,호흡기내과
과호흡 후 미세한 손떨림 증상 관련하여,저희 어머니께서 겪으신 일입니다     대이십니다    이틀 전  저희 어머니께서 과호흡으로 놀라신 일이 있습니다   화장실에서 목욕을 하시고 난 후  호흡이 답답해 의식적으로 호흡을 빠르게 하셨는데  목욕 중에도 물을 한 잔 드시고 목욕 후에도 저혈당일까 생각되셔서 오렌지 쥬스를 반 잔 드셨다고 합니다   그로 인해 과호흡을 겪으셨습니다   숨이 쉬어지지 않고 손과 발이 경직되어 크게 놀라셨는데  제가 손을 만져보았는데 힘이 잔뜩 들어가듯이 단단한 상태였습니다   비닐 봉투를 이용해 호흡을 조절하니 약간 괜찮아지셨고  그 후에 응급 대원분들이 오셔서 안정과 호흡을 조절해주셔서 다행히 큰 일은 없었습니다   응급 대원분들이 오셨을 때 혈당  혈압  혈중 산소   손가락에 장치를 끼워서 측정하셨습니다   등을 간단히 재봤을 때 응급 상황은 아니라고 판단해 주셨고  그 후에 동네 내과에 가서 검사를 받으셨을 때는 큰 이상은 없는 것 같다  큰 병원을 가보시라고 하여 진료 예약을 잡아 놓은 상태입니다   다만 걱정되는 것은 그 일이 있은 후 손이 미세하게  본인만 느끼실 정도로  떨리는 것 같고 호흡이 어딘가 약간 불편하시고 평소보다 물을 자주 마시게 된다고 하십니다   물은 라면을 드셔서 그런 것 같기도 합니다     제 얕은 생각으로는 과호흡 당시에 크게 놀라셔서 근육이 약간 놀랐거나  아니면 심리적으로 두려움이 생겨 그런 것 같은데  이 일에 관해 전문가분들 혹은 비슷한 일을 겪으신 분들의 의견이 듣고 싶습니다     참고가 될까 추가로 적자면  이전에 심장이나 호흡기에 관련한 질환은 없었습니다 ,호흡기내과,백신부작용 아닐까요 ,아래는 제 아내의      말부터 현재까지의 진료결과입니다           우상엽폐  mm결절 결핵 추정소견 A종합병원          폐 ct 오래된 결핵추정 B종합병원   기관지내시경검사 결핵은아니나 관찰권유 C아산병원          흉부x선 크기변화없고 결핵아니므로 진료종료고지 C아산병원          저선량폐 ct  추적관찰소견 D종합병원   결핵추정소견 E종합병원          폐ct  크기변화 없어 관찰소견 D종합병원          저선량 ct 싸이즈 커짐 약   mm   D종합병원 흉강경수술로 구역절제조직검사권유  E종합병원 흉강수술권유 F대학병원 폐암가능성높아 흉강경수술 전절제조직검사및 치료권유   의문점    년말 생겨있던 결절이       월경까지  개 종합병원에서 결절병변에 관찰소견나오던 것이     년들어 갑자기 싸이즈가 커지면서 여러병원에서 암 가능성 염두두며 수술을 하자고합니다      모더나 차       모더나 차백신을 맞았는데   차접종후 가래가 심하게 나오면서 현재까지도 가래증세가 남아있습니다  그리고   월까지 크기의 변화가 없던것이 불과 석달이내에 크기가 약 배이상될수 있는것인지   백신의 부작용으로 세포변이를 일으켜 결핵이던것이 암종으로 변형을 일으키지는 않았는지 일반인상식선에서 강하게 의심이듭니다  어떤 연유로 상황이 이리 급변하게 되는지 안타까운 심정으로 전문가분의 조언 부탁드립니다   읽어주셔 감사합니다 ,호흡기내과,백신 차 접종후 감마나이프방사선 가능한가요 ,백신 차접종이     이고 감마나이프방사선이     일인데 괜찮을까요  걱정이 됩니다  Vam 입니다 ,호흡기내과
가족이 걸렸는데 자가격리는 어떻게되나요 ,가족이 확진받았는데요 저는 미성년자고 미접종자입니다 제가 pcr검사 음성일경우저도 같이 자가격리를 해야하나요  아니면 일상 생활 가능인가요 ,호흡기내과,백신 괴담 사실인가요,인터넷 돌아다니다가 이거 발견했는데 진짜 합성아니고 저사람이 저렇게 말했나요  화이자 부사장이었으면 나름 신뢰할 만한 사람 아닌가요   이것때매 무섭네요 진짜일까요,호흡기내과,잠복결핵 괜찮은가요 ,친구가 잠복결핵에 걸렸다는대 감염 되지는 않는답니다 만나도 괜찮나요  불안하네요,호흡기내과
  대 초반 숨이 안쉬어지고 온 몸이 저리고 속이 매스꺼워요,  대 초반 여잔데 고등학교 다닐때도 가끔씩 어지럽고 매스껍고 몸이 저렸었고 평소 밥 먹고 뛰거나 술을 빨리 마실 때 종종 이랬었는데 오늘은 특히 업무보는 중이였는데 숨이 안쉬어지고 말도 못하겠을정도로 어지럽고 속이 매스껍고 온 몸이 다 저려서 그대로 책상에 쓰러졌네요    혹시 이런것도 질병의 전조증상인가요 ,호흡기내과,요즘 병원갈때요 ,콧물이랑 기침가끔하고 가래가있는데 요즘 병원갈때 코로나검사를 따로 하고가야하나요  아님 그냥 가면될까요  ,호흡기내과,코로나백신 맞고 콧물약,제가 어제 화이자 백신  차접종을 했는데요 콧물이 나서 오늘 병원갔다가 약타왔는데 백신접종하고 바로 약 먹어도되나요 ,호흡기내과
숨쉬기가 곤란한 때,병원을 가기엔 오버인것 같아서 먼저 좀 여쭤보려고요  원래 최근 몇 달  정도 가끔씩 호흡이 곤란할 때가 있었는데 요즘엔 자주 그래서요  딱히 이유를 모르겠는데  다른 증상은 없고 지금은 일에 집중 못 할 정도로 숨쉬기가 점점 힘들어져서요  산소를 다 못 삼키는 듯한  이유가 뭘까요   ,호흡기내과,오미크론과 감기 구분 방법,콧물  목따가움 증상이 있는데  오미크론이면 어쩌지   하는 걱정이 듭니다   오미크론이랑 감기가 증상이 비슷하다고 해서 둘의 확실한 구분방법이 궁금합니다 ,호흡기내과,화이자 백신 부작용있나요 ,갑자기 호흡곤란이생겨서 응급실에 실려갔었는데 화이자가 이런 부작용도있는지 궁금해요 ,호흡기내과
자꾸 기침이 나와요,제가 몇 주전에 코로나 걸리고 지금은 완치됐어요 근데 걸리고 일주일 동안은 거의 기침을 안 했는데 이후에 기침을 진짜 쉬지 않고 하고 있어요   학교나 스터디 카페에서는 기침 참느라 명치 쪽이 아프고 목이 간질거리기보단 더 아래쪽  이 근질근질해요   코로나 걸렸을 때 받았던 기침약 먹었는데도 효과가 없어요   왜 그런건가요  ,호흡기내과,건강진단서 내용좀 봐주세요,A B형 간염이랑 결핵검사 하고왔는데 종이만 받고 설명을 제대로 못들어서요 음성이면 아무 문제없는거죠 ,호흡기내과,협심증으로 헤르벤정   mg을 복용중인데,저녁먹으면서 와인이 너무먹고싶어서  모금마시고 두시간가량후에 헤르벤정을 먹었습니다   먹고보니 걱정이 되네요    괜챦을까요   막상 약을먹으니 심장이 쿵쾅       또 응급실갈까봐     다신안먹을게요   ,호흡기내과
코로나 확진자 일짜인데 호습하가힘들고숨쉬기도힘이드네요,숨쉬기도 힘들고 가슴이 답답해요 언제쯤 증상이 호전될까요,호흡기내과,열이 안떨어져요,기침 가래 열 이 주증상이고 코로나 음성 나왔습니다 평균      도 이상이고 해열제 먹으면 조금 낮게 나오긴하지만 그때뿐입니다 처지는 느낌이들고 가래는 누렇고 이상한 색이였다가 지금은 그렇지는 않아요 도대체 무슨과를가서 뭐를 검사를 받아야하나요  ,호흡기내과,독감 접종 코로나 백신, 월  일에 백신 맞습니다  제가     년   월달에 독감 접종 맞고 아무 문제없었는데 이번에 코로나 백신 맞아도 아무일 안일어나겠죠      ,호흡기내과
약먹다가 기도로 넘어간것같아요 ,방금 이소티논  여드름약  을 먹다가 물하고 약이 넘어가는 타이밍하고 안맞았는데 약이 목 어딘가에 탁 걸리면서 엄청난 기침과 심한 구역질이 나왔어요   여타 사래걸린적은 지금껏 많았지만 이정도로 고통스러운적은 처음이라 눈물이 질질 나왔는대   기침을 해도 약이 그대로 걸려있엇는데 내시경 할때 처럼 고통스럽고 눈물이 나더라구요   그렇다보니 지금껏 아무 생각 없이 넘겼엇는데 이번은 뭔가 달라서요   어떻게든 넘기려구 물을 벌컥 벌컥 마셨는데 약이 혹시 기도로 넘어간게 아닌가 싶어서요   지금은 목 아래에 아주 불쾌한 이물감이 남아있고 걱정되다보니 폐도 답답하고 뭔가 아픈거같고 그런느낌이에요   검사라도 받으려면 어딜가야할까요   절대 넘어갈일 없다고 다들 말씀하시는데 그러면 흡인성폐렴이라는 질환이 없어야하잖아요   ,호흡기내과,술 먹고 토하고 목 아픔 마른기침,일요일 밤에 자극적인 안주에 술을 많이 마시고 다 토했는데 그 이후로 목이 좀 아프고 간질거리고 마른기침이 나와요 약간 감기 전조 증상이랑 비슷한 느낌으로 목이 아픈데 이거 혹시 코로나일까요  오늘 검사 받고 오긴 했는데,호흡기내과,백신 접종후 천식스프레이 사용,토요일날 화이자를 맞았는데 천식스프레이 세레타이드     사용해도 되나요  저녁동안 호흡이 조금 불편했는데 아침엔 좀 많이 답답해서요 백신 맞을때 물어보는걸 깜빡했어요    그리고 세레타이드 흡입하면 항상 목이 잠긴다해야하나 목에 가래가 붙어 있는 듯한 느낌 크흠  이렇게 목을 자꾸 풀어줘야 하던데 이게 혹시 세레타이드 부작용인가요 ,호흡기내과
방금 동생이 확진됐는데 저랑 같이 다닌 친구,방금 동생이 확진된 걸 알게됐는데 그럼 저랑 오늘 같이 다닌 친구는 어떻게 해야하나요     어떻게 해야될지 모르겠어요,호흡기내과,초등학생 심박수,공부하다 갑자기 숨 쉬기가 힘들어져서 심박수를 재봤더니        인데요   오늘 운동 하나도 안했구요 재면 적어도    나오고 초등학생입니다 정상인가요 ,호흡기내과,저선량 폐 CT로 기관지 암도 확인가능하나요 ,안녕하세요    년에 처음으로 저선량 폐ct를 검사했다가  폐결절과 기괸지내 가래같은 용종때문에 지금까지 추적검사를 해왔습니다  며칠전 받은  번째 검사에서 폐결절은 계속 크기변화가없다하셨습니다   이런경우 대부분 양성이 맞나요    암이아닌경우   그런데 기관지 기도내 폴립 용종같이  보이는 건 없어지고 사라졌다가 다시 보이고 다시생기고 그럽니다   금연한지는 거의  년정도구요   일반적인사람들은 대부분 검사시 기도 기관지내 가래가 안보이나요  저는 대부분사람들이 가래가 있는걸로알고있었습니다   저같은 경우는 판독지에는 가래라고 써주셨는데 그냥 안심하고  년후 다시 추적검사를 받으면되나요   언제까지 추적감시를 받아야하나요   이것도 항상 불안합니다   제가 받는 폐CT를 통해   폐암 뿐만 아니라 기관지내 암도 확인가능한가요 ,호흡기내과
자가키트 이거 음성인가요 양성인가요 ,가족중에 확진자있어서 했는데 가로로 희미하게 핑크 선 그어져있고 C는 완전 선명하게 줄 긋어져있고 T쪽에도 희미하게 세로 줄있는데 양성인가요 ,호흡기내과,아세톤 중독 처치,셀프 젤네일 제거를 하다가 모르고 젤네일 리무버가 묻은 수건을 전자레인지에 돌렸습니다  비염이 심해서 못 알아차리고 수건을 꺼내 열었는데  비닐 안에 넣고 돌렸습니다   그 증기를 그대로 들이마셨어요  바로 온 집안에 냄새가 퍼져 즉시 환기를 시켰구요  한 두시간 뒤 잠에 들려고 하니 살짝 어지러운데 괜찮을까요  아니라면 어떻게 처치를 해야할까요 ,호흡기내과,과호흡 증후군인가요 , 개월전부터 숨 쉬기가 어려고 숨 쉴때 바람새는 소리가 나요 그리고 가래도 많고 조금만 달려고 숨이 너무 차요 그래서 병원갔는데 아무 이상이 없다네요 과호흡 증후군일까요 ,호흡기내과
코로나 확진후 백신,제가 코로나 확진받은 날짜가  월 일입니다 자가격리 끝나는기간은  월 일 이구요 그런데  차 백신 맞는 날짜는  월  일 입니다 자가격리 끝난후 목요일 하루 출근하고 금요일날 바로 백신 맞아도 상관없나요  지금 증상은 약간 기침 인후통 코막힘 정도 입니다   만약 증상이 있다면 목요일날 출근해도 상관없나요    자가격리 끝나고  월  일 백신맞아도 괜찮은가요  답변부탁드립니다,호흡기내과,스테로이드 흡입제 사용 중 수면위내시경 해도 되나요 , 일전부터 스테로이드 흡입제 사용중이구요   정확히 천식이라 진단받지는 않았지만 기침 가래가 심해 사용해보라 하셨어요  풀미코트 아침저녁 사용중인데 사용하고나서 흉통이랑 압박감  은 좀 더 심해진 것 같아요   우선 적응할 때 까지 며칠 더 사용해보려하는데  모레 수면위내시경 건강검진 받습니다  수면마취제 사용 가능할까요  아니면 흡입제를 며칠 사용 중단한 뒤 내시경 받는게 좋을까요 ,호흡기내과,폐렴 진단 후  AZ백신  차 맞아도 될까요 ,안녕하세요  저희 엄마는 올해 한국나이로   세이십니다  지금까지 병원 신세 한번 안 지고 살아오시다가 얼마전 폐렴 농흉 진단을 받고 열흘이나 입원하셨다가 얼마전 퇴원하셨습니다  폐에 찬 물과 고름을 빼느라 관을 삽입하기도 했습니다   년 전 폐렴 구균 백신을 맞았는데 폐렴이라니 황당하긴 했지만  구균 주사가 백프로 막지는 못한다고 해서 그러려니 했습니다   근데 같은 병실에 입원하신 다른 환자분   대 여성 도 저희 엄마랑 같은 시기에 AZ백신  차 접종하시고 폐렴으로 입원했다고    본인은 백신의 부작용일지도 모른다고 생각하고 계신다고 하더라구요  엄마가 AZ백신  차를 맞은건  월 중순  폐렴 진단받고 입원하신 건  월 중순입니다  백신 부작용이  개월이나 후에 나타날 수도 있는건가요  간호사분한테 물어봐도 우리는 잘 모른다라고 하십니다   바로 내일이 AZ백신  차 접종일인데  어떻게하면 좋을지 고민입니다  퇴원할 때 담당의 선생님께서는 컨디션이 좋으면  차 맞아도 괜찮다고 하셨다고 합니다   엄마는 컨디션이 많이 돌아오셔서 제가 보기에도 괜찮은것 같긴 합니다  어떻게하면 좋을까요   AZ백신  차 맞는게 좋을까요    의사분들 의견 알려주세요  ,호흡기내과
코로나 양성으로 약 받았는데 항생제는 왜 있는건가요 ,안녕하세요 코로나 증상으로 기침 가래 머리아픔  비대면 진료 받았는데  자쿠텍스정 아목시실린 클라불란산    mg 도 같이 들어있어요  코로나는 바이러스인데 항생제는 왜 들어있는건지 궁금합니다  누런 가래 증상에 항생제가 도움이 되나요   제가 오구멘틴 먹으면 설사가 심해서 질문드려요  도움이 되는거라면 먹고 안먹어도 되는거라면 빼고싶습니다   의사선생님 미리감사드립니다,호흡기내과,감기 증상,동생이 최근에 폐렴에 걸려서 입원을 했었는데 보호자로 옆에 이틀정도 있었는데 그 다음날부터 목이 엄청 아프더니 콧물과 동반해서 좀 힘들었어요 근데 자고 일어나서부터 가래랑 목이 엄청 아프더니 코막힘까지 생기고 약을 먹고 잤는데도 소용이 없더라구요 기침은 안 하는데 재채기를 좀 심하게 많이 하고 두통도 함께 있어요 폐렴이나 그런건 아니겠죠    ,호흡기내과,  살 디에타민 처방해주나요 ,부모님 동의 있으면 병원에서 디에타민 처방해줄까요  폭식이 심하고 밤에 계속 먹을라 하고 양치해서 조절이 안돼요   진짜 너무 스트레스 받고 하는데 처방 받을수 있을까용   ,호흡기내과
병원 소견서  장으로 진료소에서 PCR검사  번 받을 수 있나요  , 일에 목 통증이 있어 다음날 병원에서 가서 소견서를 받은 후 선별진료소 가서 PCR검사를 했습니다  결과는 음성이었구요 하지만 증상이 더 심해져 목통증  가래  기침  몸살 등  PCR검사를 한번 더 하려 하는데 소견서  장으로 PCR검사를  번 할 수 있나요  ,호흡기내과,폐결핵 치료중 가래,안녕하세요  폐결핵으로  개월째  차 약 복용하고 있습니다  개월째에선 피라진아미드 알이 빠졌습니다  폐에 공동도 있지만 감수성으로 결과나왔구요 다름이아니라 기침과 가래가 약복용  달이 되었을때 모두 사라졌는데 피라진아미드가 빠져서인지는 모르지만 갑자기 복용  개월 이후로는 기침과 가래가 생기고 식은땀도 납니다 이럴땐 어떻게해야 하나요  그리고 피라진아미드 약만 먼저 빠지는 이유는 무엇인지 궁금합니다 ,호흡기내과,잠복결핵 치료,잠복결핵 양성반응 나왔는데 항결핵약을 반드시 복용해야하는지요    대후반 여성입니다  단체급식소 취업하려고 잠복결핵 검사했는데 처음 양성반응이 나와서 무척 놀랐습니다   년에 한번씩 공단검진시 엑스레이 촬영에도 정상소견이었고 기침 감기 잘 한적도 없었거든요  지병인 고혈압 고지혈증약 복용중인 그외 별다른 질환은 없습니다  문제는 병원에 진료받으러 갔는데 전문의께서 적극적으로 약복용 하라는 느낌을 못받았어요  어떻게 하실건가요  라고 제게 물어서 약복용 해야지요  라고 말했거든요  결핵야복용시 간대사에 무리가 가서 많은 부담이 있는게 사실인가봐요  아무래도 걱정이 많이 되고  취업은 어떻게 될지 걱정됩니다  많은 조언 부탁드립니다 ,호흡기내과
코로나 확진 격리  주 병원진료 불가하나요 ,코로나 확진되어서 자가격리   일이에요  주해제되어서 계속 집콕하고있는데 잔기침이랑 가슴통증 기침할때마다 가슴이 넘 아프고 맑은가래랑 살짝노란가래가 계속 나와서 진료받으러 병원에 갔어요 진료  엑스레이 찍어야겠다 싶어서요 폐렴이몀 입원치료받으려구요   제앞에 다른 분이 예약하시는데 접수간호사가 짜증내며 격리  주지나야 진료가능하다고 해서   그분은 예약하고 돌아갔고 저도 당황해서 돌아왔어요 전화로 병원에 물어보니   처방전만 준다고 해서 더 큰 병원 가라고 해서  더 큰 변원 예약은 한 상태에요  격리  주가 되려면  일 더 있어야하는데 대면 진료랑 엑스레이 검사 및 폐렴여부 확인하려는데 대면진료 안되는 걸까요      어떻게해야할가요   ,호흡기내과,백신  차 맞고 마른기침 지속,  월에  차 맞고 그 이후로 하루에 열번에서 스무번 정도 마른기침을 하는거같아요 백신 때문인진 확실히 모르겠지만 의심은 좀 갑니다   그리고 폐암일 확률은 있을까요  흡연자였는데 끊긴했어요 혹시 폐암 증세일까요 마른기침은   월 이후로 심해지진 않고 그냥 똑같아요    제가 알레르기성 비염도 있는데 요즘 좀 콧물 심한데 이것도 마른기침의 원인이 될수있나요  다음주에 병원가서 사진 찍어볼건데 그전에 궁금해서 여쭤봅니다  ,호흡기내과,과거에 폐결핵걸렸다가 완치됐고 기관지확장증이 있는데요 코로나백신 맞아도 될까요,코로나백신 차례가 되었는데요  과거에 폐결핵걸렸다가 완치됐고  얼마전 CT를 찍으니 기관지확장증이라고 합니다  코로나백신 맞아도 될까요 지금 폐가 안 좋아서 걱정입니다 ,호흡기내과
pcr검사 두 번 받아야할까요 ,자가진단키트에서 양성떠서 보건소에서 pcr검사를 하고 왔는데 음성이 나왔습니다  그런데 의심이 가시지 않아 질문드립니다  지금 저 포함 가족들 전부 인후통  기침  가래  미열이 있는데 자가진단키트나 병원에서 신속항원검사를 다시 받고 양성이 뜨면 pcr 재검사를 받을 수 있나요   제가 너무 오버한걸까요  신문에서 첫번째 pcr에서 음성이 나왔는데 두번째 pcr에서 양성이 나왔다는걸 보고 조금 불안합니다    입사한지 얼마 안되어서 출근하고 싶은데 회사를 가도 될지 잘 확신이 안섭니다   ,호흡기내과,코감기랑 목감기 걸려서 숨쉬기가 불편한데,코로 숨쉬니까 코가 아프고 입으로 숨쉬니까 목이 너무 아파요 겨우 코로 숨쉬고있긴한데 통증 완화할 방법 없나요   따뜻하게 적신 수건을 코에 댄다던가 뭐 그런건 아무 효과가 없을까요   제발 알려주세요 너무아파요,호흡기내과,커피와 기침 상관 있나요 ,안녕하세요 저희 엄마가 카페를 오픈한지 얼마 안됐어요   한 두달 됐을 거예요 아침마다 커피샵에 가서 셋팅 을 하고 중간중간 카페에서 커피 맛을 보느라 커피 먹는 양이 늘었다고 해요   요즘 기침을 하고 목이 간지럽다 그러는데 커피 때문에 그럴 거래요   이런 경우도 있나요 ,호흡기내과
편도염에 기침증상도 있나요 ,안녕하세요  월  일부터 목과 몸이 너무 아파  일 이비인후과에 가니 코로나 검사는 음성  편도가 엄청 부어있다며 약을 처방받아 먹고있는데요  전신쇠약  오한  발열은 나아지고있는데 목은 그리 나아질 기미도 보이지 않고 이제 침 삼킬때 귀까지 아프면서 처음엔 전혀 없던 기침 콧물 가래증상까지 나오고 있습니다  가끔씩 등이 아프고 가슴도 답답해요  기침은 잔기침같은게 아니라 뭔가   안쪽부터 터져나오는 것 같은 그런 기침이에요  쇄골 쪽 목 안이 간지러운듯한 느낌도 들구요  목도 정말 찢어지게 아픕니다   편도염에 기침 증상도 있나요    아니면 편도염은 초기증상이었던 걸까요  자세한 진료를 보려면 어떤 병원으로 가야하나요    ,호흡기내과,코로나 확진,제가   일에 코로나 검사를 하였는데 양성이 나왔어요 근데 그 전부터 목 안쪽이 좀 아파서 따뜻한 물도 마시고 했는데 주변에서는 편도염 아니냐 그러더라고요 근데 양성인 거 보니 아닌 거 같기도 하고 맞는 거 같기도 하고   목 안쪽이 뭐라 설명 해야할 지 모르겠는데 암튼 아프고 가래가 좀 있어요 심장이 평소보다 조금 빨리 뛰는데 괜찮은가요  현재 증상은 목 아픈 거  기침 조금  가래  코막힘  그리고 중간마다 근육통 조금  큰 문제라면 어쩌죠   병원을 갈 수 없는 상황인데   너무 불안해서요 광고 같은 답변 말고 제대로 된 답변을 해주세요  ,호흡기내과,폐결핵과 코로나  ,이십년전 폐결핵으로 치료받고 완치했지만 폐에 결핵흔적은 남아있습니다 코로나 감염시 기저질환으로 분리될까요  결핵앓았던게 코로나감염시 더 위중해지는 이유가 될수있을까요 ,호흡기내과
코로나관련 자가격리해제 질문입니더,자가격리 해제된후 일 지났습니다  하지만 지금도 인후통하고 가래 기침 콧물이 지속되서 병원진료 받으려고하는데 격리해제되면 바로 진료비 약조제비 자기부담으로 바뀌는건가여  코로나 증상이 아직 남아있는겁니다,호흡기내과,항생제 주사 맞고 속이 심하게 부글거려요,목요일날 기침 가래 증상이 심해 먹는 항생제와 처방약 받아왔는데 증상이 악화돼 오늘 아침 항생제 주사를 맞고 다른 항생제와 처방약을 받아왔는데요 그 이후로 종일 속이 엄청 부글거리네요  설사는 안 하구요 맨 처음에 같이 처방 받은 지사제 포타겔이랑 집에 구비하고 있던 로프민캡슐 있는데 배만 부글거리는 경우에도 먹어도 되나요 ,호흡기내과,심장엑스레이 초음파,몇달 전부터 심장이 조금 아프기도 하고 백신 맞아야되서 저저번주에 내과 가서 심장 엑스레이랑 심전도 검사했는데 아무 이상없다고 하고 그뒤로 괜찮은거 같아서 백신 맞았거든요   근데 백신 맞고 나니깐 가슴도 답답하고 숨쉬기도 갑갑하고 지금은 심장도 조금 아픈거 같아서 증상 계속 지속 되면 병원 가보려고 하는데 가면 얼마 전에 찍었는데 심장 엑스레이를 또 찍어야할까요     엑스레이 방사능이 걱정되서요    그리고 심장 초음파에서 안보이는게 엑스레이에서 보일수가 있나요    되면 방사능 걱정 없는 심장 초음파 하고 싶은데   엑스레이랑 초음파랑 보면 각각 무엇을 알수 있나요   ,호흡기내과
가래에 섞인 피,아까 목이 컬컬하고 아파서 비흡연자예요   가래를 뱉었는데 오묘하게 피랑 섞인 가래가 나왔는데 괜찮은 거 맞겠죠  아플 때 마다 저번에도 한 번 이랬는데 원인을 몰라서,호흡기내과,지스로맥스정   mg,감기인데 누런가래  콧물  두통이 심합니다  직장땜에 평일에 병원갈시간이 없고 집에 지스로맥스정이 있던데 도움이 될까요  항생제라 적혀 있긴한데  ,호흡기내과,기침이 계속 나와요,숨쉬거나 음식을 씹을때 목이 불편하면서 계속 기침이    번씩 나요   뭐가 문제가 있는건가요 ,호흡기내과
코로나 질문,  대 남잔데요 평소 잔병없이 건강하긴 합니다  백신 차까지만맞았고 맞은지  개월 지났구요  부모님이 다 양성 받으셨는데 저는 어차피 밖에 잘 안나가니 검사는 안했구요  증상은 하나도 없고 오늘 일어났는데 목만 살짝 간지럽네요  기침할정도는 아니에요 그냥 간질간질 한 정도  근데 이건 원래 겨울철 건조해서그런 정도 고요 열  몸살 두통 근육통 식욕상실 등 전혀없고 미각 후각도 그대로인데 이정도로 증상없는 코로나 환자도 있나요  검사하는게 나을까요  투표하러 가야하는데 동거인 격리 아무리 풀렸다하지만 나가도 되는지 고민되네요 ,호흡기내과,백신 차부작용,  살인데요  저번주 토요일에 화이자 백신  차 맞았어요   근데월요일 저녘부터 가슴이 답답하더라고요  코로 숨쉬면 숨을 중간에 크게 들이마셔야돼요   목요일에 병원가서 심전도검사랑 엑스레이 찍어봤는데 아무이상 없어었어요  의사선생님은 어린사람은 백신에 저항을 한다 하더라구요  제 주변 사람중에 가슴이답답하거나 숨쉬기가 어려운 사람은 없었는데 왜 이렇죠  병원한번더 갈까요 ,호흡기내과,우울증 일까요,요즘 한번씩 자꾸 빈혈  같은게 와서 숨이 잘 안 쉬어지고 거친 숨을 내쉬게 되는 경우도 있고 머리가 아픈건 아닌데 공허하다고 해야할까   뭔가 생각이 없어진거 같은 느낌이에요 세상에 혼자 남고 싶고 아무도 마주하고 싶지 않고 눈물은 나고 힘도 안 나요 밥맛도 없고   그냥 왜 사나 싶은 생각이에요,호흡기내과
코로나 음성 자가키트, 주전부터 계속 기침하고 그래서 그동안 약국에서 약 사서 먹다가 병원가서 열을 재보니깐   도더라고요 해열제랑 감기약 처방받고 집에와서 자가검사키트 해보니깐 눈물날정도로 찔렀는데 음성이에요 음성 맞을까요    학생이라 내일 학교가는데 내일 아침에도 할 예정이거든요 내일도 했는데 음성이라고 나왔지만 의심증상 기침 인후통 이 계속된다면 학교에 못가게 되나요  ,호흡기내과,코로나 무증상 확진자가 계속 기침을 하는 유증상 확진자와 거의 계속 같이 있으면 증상이 생길 수도 있거나 더 심해진다던가 아니면 더 늦게 음성이,코로나 무증상 확진자가 계속 기침을 하는 유증상 확진자와 거의 계속 같이 있으면 증상이 생길 수도 있거나 더 심해진다던가 아니면 더 늦게 음성이 뜨나요 ,호흡기내과,가래에서 피가 나와요,안녕하세요 올해   살 흡연자 하루에 갑  갑반정도 흡연하구요 다름아니라 오늘 기침이 심하고 가래랑 같이 피가 묻어나오더라구요 피량이 많지는 않지만 검은피가 아니라 붉은 생피라고 해야될까요  오늘따라 기침이 심하게 나오더라구요 평소땐 이렇게 까지 나오진 않는데 목에 뭔가 있다는 느낌과 간질간질한 느낌이있어서 기침을 하니 피가 섞여나와서 걱정되어 이렇게 질문드립니다 약 한달전에도 일반엑스레이를 찍었고 판독결과 아무이상없다고 하시더라구요 일반엑스레이에선 암같은건 못잡아내죠  그럼 이 증상이 있다고 하면 병원에서 ct를 찍어보자고하나요  아무래도 보험이 있으니 병원에서 찍어보자고해야 실비청구가되니까요   몇일지나면 괜찮을까요  몇일지나도 피가 계속나오면 큰병원가보는게 좋을까요 ,호흡기내과
완치자와 접촉,지인이 증상이 있어서 코로나 양성을 받고 총  일을 자가격리하고 해제됐어요 지인과 만난건 격리 해제되고 그 다음날 만났는데 만난 다음날부터 바로 기침하고 목이 간지러워요 같이 만난 다른 지인도 그래요 근데 저를 만나기 전 날 만났던 다른 지인들은 아무렇지도 않대요 바로 오늘 자가키트 했는데 음성이 나오긴 했어요 지인한테 옮은건가요 ,호흡기내과,백신접종 부작용 병원, 차 백신접종 후 별다른 구토 발열 두통같은 증상은 없는데요  당일날 저녁 잠들때 주요증상이  가슴 답답함 호흡곤란이 있었습니다   즉  숨을 의도적으로 크게 쉬어줘야 시원한 상태이구요  그렇다고 콕콕 찌르는 그런 느낌은 없습니다  결론부터 말하면 호흡이 불편해요  심리적인 불안감으로 호흡에 문제가 있는건지 궁금해요  병원간다면 주사맞았던 병원으로 가야하나요 ,호흡기내과,저희 아빠가 결핵이있으셨는데 백신맞아도되나여 ,내일 바로 모더나 백신접종인데   대떄 결핵 걸렸었는데 지금은 완치판정받은상태인데  요새 뉴스에 안좋은 일들이 많이니깐 불안하네요   ,호흡기내과
코로나  감기 증상,오늘 학교가 추웠어서 그런지 지금 몸에 힘이 없고 머리가 조금 아프고 목도 따갑고 기침도 조금 하는데 어떡하나요 ,호흡기내과,발열 몸살기운 없는데 기침,발열은 없고 몸살기운 없고 몸은 일상이랑 똑같은데 기침나고 목이 아프고 그런데 코로나 아니겠죠    원래 기관지 약해서 목이 잘 붓는데    ,호흡기내과,백신접종 뇌출혈 관련,저희 어머니    대 여성 이 백신접종을 할려고하는데  뇌출혈이 예전에 있으셨는데 백신접종해도 무방한가요  ,호흡기내과
헛기침  ,제가    년전에 감기  독감 을 걸렸어서 좀 열나고 좀 심각할정도는 아닌데 심하게 걸렸던 적이 있는데 그 이후로 뜨거운 국이나 뜨거운차 뜨거운걸 먹을때마다 제 의사와 상관없이 헛기침이 나오더라구요 한번도 안빼먹고 그리고 갑자기 목에서 재채기 나올것같은 느낌이 들어 또 헛기침한번 해주구요 이거 병원에 안가도 될 증상이죠  학교에서 안내장 날라왔는데 적어야하나 싶엉서요,호흡기내과,건강검진 백신접종 결과서,입학용으로 제출해야 합니다     건강검진   B형 간염검사와 폐결핵 X ray     코로나   백신접종 결과서   경북 영주시에 사는데  보건소에서 가능한지  아니면 병원에가서 검사받고 결과서 받아야 할까요 ,호흡기내과,알레르기 비염 수술 안하면 ,알레르기 비염이 있는데 수술 안하면 어떻게 되나요 ,호흡기내과
폐기능검사 결과가 정상인지 궁금해요,FVC L        FVC      FEV        FEV        초율          PEF        정상인가요  흡연을 많이해서 걱정되네요  ,호흡기내과,건강검진 결과지 봐 주실분 계실까요 ,신랑이   년생  지난달에 건강검진을 했고 검진결과지를 메일로 받았습니다   폐질환 의심  담낭결석이라고 의사진료를 받아보라고 명시되어있는데 신랑은 별거 아니라며 병원가기를 거부하고 있습니다   폐질환  담낭결석 치료안해도 되는 정도 맞나요  답답하네요  ,호흡기내과,심장판막 수술 했는데 백신접종 괜찮을까요 ,이번에 백신접종 예약하려 하는데  살인가  살쯤에 심장판막 수술 했다는것 때문에 부작용이 생기지 않을까 걱정 됩니다   지금   대 후반이고 심장수술이후    년에 한번씩 정기검진을 받았고  단 한번도 이것 때문에 문제가 된적은 없습니다   다만  이번에 접종 받으려는 백신이 아스트라젠인가  머시긴데  그 백신이 양도 많고 좀 독해서 맞다보면 힘들거라는 소리를 들었는데 걱정되네요   접종 받아도 괜찮을까요   ,호흡기내과
침삼킬때 목아픔,어제 혼자 집에서 노래 엄청 부르고 어제 밤부터 침삼킬때 목이 조금 따끔따끔 하더니 오늘 아침부터 조금 심해졌어요    뭐 먹을때는 안그러는데 그냥 있다가 삼키면 아프고 하품할때도 아파요    오전보다는 나아졌는데 그래도 아직 조금 따끔따끔한데 내일 개학이라 학교가야하는데 자고일어나면 열이 날까봐    혹시 열이 날수 있을까요      그리고 열 나는거 방지해서 자기전에 콜대원 기침 인후통 가래 파란색깔 먹고 잘건데 그러면 목도 좀 괜찮아지고 열도 안날까요          급해요    내공     걸어요     빨리 도와주세요    ,호흡기내과,폐렴 주사 다시 맞아도 되나요 ,저   년생인데 어릴 때 폐구균 주사는 다 맞긴 했는데 지금 주사 또 맞아도 되나요 ,호흡기내과,천식 흡입기 동네 내과 처방가능하나요   ,대학병원에서 천식 진단을 받고 천식이 많이 심하진 않아서 흡입기 사용을 추적검사하면서 고려해보자고 하셨는데 코로나 때문에 호흡기 내과를 갈 수 없는 상황이 되었습니다 최근 천식 증상이 심해져서 그러는데 내과에서 이 상황을 말씀드리면 흡입기를 처방받을 수 있을까요 ,호흡기내과
잘때 산소포화도가    정도가 나와요 괜찮은건가요 ,제가 한달전에 갤럭시 워치를 구매했는데 잘때 합쳐서  분정도 산소포화도가 정상보다 떨어지더라구요 평상시에 호흡이 가쁘다던가 빈혈은 없는데 괜찮은 걸까요 ,호흡기내과,기침감기에 위장내시경 가능한가요    ,지금 콧물 기침감기인데 위장내시경 받아도 상관없나요      미리 예약해놨는데 아이들한테 감기가 옮아서 기침이 너무 심해서요   ,호흡기내과,오른쪽 가슴 찌릿한 통증,증상은 한달 쫌 넘게 지났고  계속 찌릿한게 불편하다 보니 얼마전에 개인병원에 갔는데 의사 쌤한테 물어보니 제가 살을뺄겸 헬스를 하다보니 근육에 조금 문제가 있는거같다 하셔서 x ray도 찍어봣는데 아무 이상도 없었습니다  그래서 근 이완제 외에 약 처방 받고 집에 와서    일 정도 약을 복용했는데도 똑같아서 질문드립니다    숨쉬는데도 저어어언혀  이상이없고 생활하는데 이 찌릿하다가 안찌릿하다가 생활에 불편한 정도라  제 생각에는 요즘들어 소화가 잘안되서 그런지 트름이 자주 나오고 그래서 소화기관에 문제가 있지 않나  싶습니다  오히려 운동할때는 트름이 잘나오고 소화가 잘되서 그런지 운동할때 만큼은 오히려 정상입니다   큰병원에 가서 진료나 건강검진을 다시 받아야 할꺼 같은데 어떻게 하면 좋을까요   답변 부탁드립니다   내공 많이 걸게요   ,호흡기내과
코로나 코로나,오늘 엄마가 코로나 확진판정을 받았는데 저는 학생이거든요  근데 제가 밀접접촉자로 되서 pcr 검사를 받을 수 있는 건가요 ,호흡기내과,담이 자주 결리는 이유요 ,앉아있거나 약간 구부정한 상태에서 기침을 하다보면 가슴이나 배쪽에 담이결리는일이 많아서 기침 할때는 몸을 펴고 합니다  특히 배쪽은 담들었을때는 혹같이 몽우리가 만져집니다  풀리면 없어지고요    요즘들어 온몸에 여기저기 조금만 잘못 움직여도 그러네요    왜그러는건가요  병원에 가봐야 될까요 ,호흡기내과,  살 뇌경색 및 심장수술 청년 코로나 백신 관련 문의,현재   살 청년입니다   고등학교  학년때 뇌경색이 왔는데 다행히 생활에 영향을 줄 정도는 아닙니다  원인으로 심장 검사결과 난원공개존증으로 심장 수술을 받았습니다  수술한지  월이면 만 년이 되고  현재는 아스피린을  주일에 한번 정도 복요하는 정도입니다  코로나   백신 접종예약이 다가오는데 접종을 해도 되는지 몹시 걱정이 됩니다  뇌경색과 심장수술을 같이 경험한 사례가 적어 지식인에 글을 남깁니다  코로나   백신접종 해도 괜찮을까요   ,호흡기내과
자꾸 기침이 나와요,기침은 한  일 전 부터 계속 나왔는데 밀접접촉자여서 이틀 전에 코로나 검사 받았는데 음성은 나왔어요  근데 계속 목이 간질 거리면서 기침이 나오려고 해요  다른 증상은 없고요  이거 뭘까요  ,호흡기내과,C형간염 앓고지나간듯 바이러스활동안함,C형간염이 있긴있는데 앓고지나간듯하다고   년가까이 피검사해도 바이러스가 활동을 안한다고 의사선생님이 말씀하셨는데   간수치도 항상 정상이구요 C형간염 치료제가 나온걸로아는데 저같은 경우는 앓고지나갔으면 지금상태면 병원가서 치료를받아야 하는건지 아닌지 궁굼하네요,호흡기내과,화이자 백신맞은후 고주파관리받아도 괜찮나요 ,화이자백신맞은지 일주일 지났는데 고주파피부관리받아도 상관없을까요 ,호흡기내과
가슴이 답답하고 기침나올때,숨쉴때 약간 답답한느낌이 들어서 기침을 한번하면 괜찮아짐니다 어제부터 계속 반복적으로 답답함을 느끼고 기침을 하는데 어떤증상들을 의심할수 있을까요 ,호흡기내과,서울대병원 호흡기내과 진료예약,서울대 호흡기내과 진료예약을 해서 진료를 보려고 하는데 세부 전공이 진료 보는데 무슨 차이가 있나요 ,호흡기내과,소화불량에 시달리고 있습니다 일주일에 한번씩 체하는것 같아요 배를 부풀리면 위에서 꾸룩 꾸루루룩 소리가 나요   소화제 한알로는 쉽게 내려가지,소화불량에 시달리고 있습니다 일주일에 한번씩 체하는것 같아요 배를 부풀리면 위에서 꾸룩 꾸루루룩 소리가 나요   소화제 한알로는 쉽게 내려가지 않고 숨쉬기가 힘들어 잠도 잘 못잡니다 배를 부풀렸다 내뱉을때 소리나는 이유가 음식물이 있어서인가요  특히 여름철에 소화불량이 심하다고 느껴지는데 이유가 있을까요 식습관 조절을 잘하다가 한번씩 체하게 되니 너무 힘이드네요    평생 이렇게 살아야하는건지  ,호흡기내과
격리 해제됐는데 기침,오늘 격리해제 되어서 아침에 집 나가기 전 자가진단키트 해보니  음성 나왔어요  근데 이게 휴우증인지  격리할때도 괜찮았는데 어제 밤부터 목이 근질근질하더니 잔기침이 계속 나오네요  음성 나와서 괜찮긴 하죠   이제 밖에 나갈건데 좀 걱정돼서요,호흡기내과,백신  차 화이자 감기,지금 감기걸렸는데  차 내일맞는데   감기걸리면 백신 못맞나요  ,호흡기내과,잠복결핵약 복용중인데 알레르기약 먹어도 되나요  ,잠복결핵 아이나  개월째 먹고 있는데요   몸에 두드러기가 최근에 생겨서 피부과에서 두드러기 약 베레스틴정  알레즈트정  레바진정 을 받았는데 먹어도 되나요   처방받은 피부과가 휴가 연락이 안되서요,호흡기내과
오빠 코로나   일차,오빠가 코로나 걸린 지   일 지났는데 아직 기침하고 목이 아프다고 해요 마스크도 안 끼고 돌아다니고 전 걸린지  일 됐는데 전염이 될까요  ,호흡기내과,생리 중에 테라플루 먹어도 되나요 ,지금 생리 이틀째고 양도 많은데  목통증 침삼길때   기침 증상과 미열이 있어서  테라플루 나이트타임  먹고 자려고 하는데 괜찮을까요 ,호흡기내과,코로나 공기감염,천장 뜷린 독서실 내에서 마스크 벗고 공부중입니다   코로나 공기감염 되나요 ,호흡기내과
폐렴인가요 ,며칠전에 갑자기 고열이 나고 두통에 근육통도 있고 목이 엄청 아팠어요 한 번씩 가래에서 피도 나구요 그러다 감기약 먹으니 다른 건 다 나았는데 아직 목이 따갑고 아침에 일어나서만 가래에서 피가 나요 이거 폐렴인가요     폐렴이면 엄청 위험한가요   치료는 될까요,호흡기내과,우한폐렴 부스터샷 접종 문의,안녕하세요    차 접종 후   일이 지나 부스터샷 접종 안내 문자를 받았습니다   우한폐렴 백신 접종 이후 몸에 이상을 느끼고 있어 부스터샷 접종이 꺼려지나 정부에서 강행하는 백신패스 때문에 어쩔 수 없이 맞아야 한다는 건 알고 있는데요   그렇다면 부스터샷은 언제까지 접종을 완료해야 하나요   지금 접종 상세정보에 D    이라고 뜨는데  백신패스 연장 가능 시점이 D     인지 D     인지 궁금합니다   번거로우시겠지만 답변 부탁 드립니다 ,호흡기내과,폐렴을 앓았었는데 백신 맞아도 되나요 ,안녕하세요 저는 백신 예약을 앞 둔   대입니다   달 전에 폐렴에 심하게 걸려서 대학 병원에서 한 달 동안 통원 치료했고  주 동안 항생제 먹고 나았습니다  한 달 전까지는 숨이 차면 폐에서 색색거리는 느낌이 있었는데 요즘은 괜찮습니다   참고로 코로나 때문에 폐렴에 걸렸던 건 아닙니다   저 같은 상황에서 백신을 맞으면 예상되는 부작용이 있나요  백신 맞는 걸 좀 더 미루는 게 좋을까요 ,호흡기내과
어디가 문제인걸까요,저번주부터 감기를 앓기 시작했습니다 미열과 콧물 두통과 어지럼증 증상이었습니다 혹시나해서 코로나 자가키트를 사용했는데 음성이 나왔습니다 그 뒤로 약을 복용하는데도 몸이 낫지않아서 병원에 갔고 병원에서 신속항원검사 결과 음성이 나왔습니다 병원에서 약을 받아 먹기 시작한뒤로 청각이 예민해지기 시작했는데 제가 원래 먹던 정신과약이있어서 먹으며 버텼습니다 그런데 이틀정도 병원약을 복용했는데도 잠만 오고 낫질 않아서 병원약 대신 약국에서 파는 종합감기약과 게보린을 먹었습니다 좀 낫는듯 하더니 약효가 다할때쯤엔 다시 미열과 두통 어지럼증이 심해졌습니다 심지어 청각은 점점 예민해졌고 발작까지 했습니다 글을 읽고 쓰는것도 버겁고 이게 코로나인지 감기인지 아니면 뇌쪽에 문제가 있는건지 모르겠습니다 물론 이 글만으로는 정확한 병명을 아실 수 없으시겠지만 제가 어떤 병원으로 가야할지  증상만 봤을때 대략 이런 병일수도 있겠다 정도만 알려주시면 감사하겠습니다,호흡기내과,지인이 코로나 확진자  ,지인이 코로나 확진이 되어서 현재 병원에서 치료 중입니다   상태는 폐가 굳어간다고 합니다   폐가 굳으면 생존이 힘들까요 ,호흡기내과,신물이 조금있어도 왜   기침이나요 ,왜 기침이나나요    속도 너무 안좋아요   지금 나아지고 있나요  대변은 하루에  번씩나오는데 적게 나와요   ,호흡기내과
인후통 질문,열은 없고 침 삼 킬때 조금 따끔따끔한데 물이나 음식 먹을 땐 괜찮거든요 코로나 아니겠죺      이것도 인후통인가요    ,호흡기내과,폐렴구균 백신이 궁금합니다 ,일단 저는   년생입니다  폐렴구균백신을 맞으려는데 예방접종길잡이 사이트 상에선 위험군에 속하지 않습니다  이런 경우에 맞아도 되나요  맞는다면   가와   가 중에서 어느 것이 좋을까요 ,호흡기내과,얼마전부터 숨쉬기 힘들어요, 일전부터 가끔씩 가슴이 답답하고 숨쉬기가 힘들어요 완전 헐떡이는건 아니고 그냥 숨쉴때 답답해요  요근래에 걱정이 많았는데 그것때문일까요 ,호흡기내과
코로나 확진인데 인후통 언제까지 갈까요,증상 나타난지  일짼데 인후통이 오히려 더 심해지기만 하고 나을 기미가 안보이네요 밥먹는거 자체가 고통이고 침을 못삼키겠어요 물 마시는데 목이 타오르는 고통을 감내하며 한모금한모금 마셔야하고,호흡기내과,이런게 배꼽 육아종인가요  작년   살   월쯤 남친이 배꼽이 왜이러냐  돼게특이하네  이래서 태어나서 배꼽안 을 처음 봤습니다  근데 몇일전부,이런게 배꼽 육아종인가요  작년   살   월쯤 남친이 배꼽이 왜이러냐  돼게특이하네  이래서 태어나서 배꼽안 을 처음 봤습니다  근데 몇일전부터 신경쓰여서 몇번 봤는데 그뒤로 배꼽주변이 가렵드라구요  오늘 처음으로보니    꼭  고동똥 같이 징그럽네요   이게몬가요 ,호흡기내과,식사 후 가슴답답 숨쉬기 힘듬,몇일 전 부터 물빼고 뭐만 들어가면 가슴이 답답하면서 숨을 완전 크게 들이마셔야 숨쉰거 같고 너무 답답하네요 스트레스 받으면 또 그렇고 왜 그렇죠  이런건 어디 병원가야 하나요   ,호흡기내과
숨이 안쉬어져요,올해   살인데요 원래도 가끔 숨쉴때 답답한느낌이 있었는데 어제 혼자 걷는도중에 뛰지도않았는데 숨이 안쉬어졌어요 완전 끝까지 들이마쉬고 내뱉어야 쉬어지는 정도   진짜 쓰러질거같아서 음료수사마셨더니 진정되더라구요 뭐죠   제가 전에 심박수검사햇을때     인가 나왔는데 그거때문인가요,호흡기내과,기침이 계속 올라와요,옛날부터 기침이 날 때는 잘 멈추지 않았습니다  몇일 전에는 몸에 기력이 떨어지고 입맛도 없었습니다  그러더니 몇일 후 기침이 계속 나기시작하고 기침을 조금 참으면 목 안에서 기침이 나올려고 간질간질합니다  특히 차가운 것을 먹으면 더 기침이 나는데 이건 또 왜 그럴까요 ,호흡기내과,폐 CT 결과지 해석부탁드립니다,CT해석좀 해주십시요  ,호흡기내과
코로나 같은데 음성판정이 나왔어요  ,안녕하세요   살 남자입니다    일 전  월   일 일요일 아침에 일어났는데 춥게 자서 그런지 목안에 이물감도 있고 기침이 났어요 그날 속도 메스껍고 두통도 엄청 심하고 어지럽고 기침도 나고 여러 증상이 굉장히 심했습니다  그 전에 외출은  월   일 화요일이 마지막 외출이었습니다   그 다음 날 월요일 증상들은 좀 나아졌는데 누워있다가 일어나면 숨이 엄청 가파르고 잘 안쉬어졌어요  조금 지나면 나아지긴 한데 숨을 얕게 들이쉬는 건 괜찮은데 깊게 들이쉬면 기침이 나는 게 모래 운동장에서 놀고 흙먼지 많이 들이마셨을 때 느낌과 비슷하더라고요  그 다음 날 화요일에도 비슷한 증상이길래 코로나인가 의심이 들어서 근처 병원에서 신속항원검사를 받았고 음성이 나왔습니다   그 이후로  일이 지난 지금 다른 증상들은 없고 약간의 기침과 숨을 깊게 못들이쉬는 약간의 호흡곤란 증상만 있습니다  그런데 일반 목감기 같은 경우에는 호흡곤란같은 증상은 없는 걸로 아는데 코로나인 건가요  제 증상이 폐렴의 증상과 유사한 것 같은데 별도의 치료 없이 그냥 자연치유될 때 까지 기다려도 괜찮은 건가요 ,호흡기내과,코로나 백신주사 맞은 수 항체가 제대로 생겼는지 확인하는 방법,항체 생성여부를 알려면 현재 어떻게 해야 알 수 있나요    검사는 어디서   대략적인 검사법은  피검사  침검사  콧물검사   검사후 결과나오는데 까지 걸리는 시간은   궁금하여 문의 드립니다,호흡기내과,동생이 폐렴 인데,동생이 폐렴인데 같이 뭐 먹고 쓰고하면 저도 폐렴 걸릴 수도 있나요   ,호흡기내과
이거 호흡곤란 인가요   ,제 동생 친구가 코로나에 감염되서 동생도 자가격리 하고 있었어요 근데 목요일 저녁에 약 먹고 일찍 잤는데 일어나보니까 목도 마른 느낌이어서 자가진단키트로 검사를 했어요 원래 가슴이 쿵쾅되고 두근거림이 크게 없었는데 자가진단 키트 하면서 혹시나 코로나 일까 두려워서 그런디 갑자기 심장이 두근두근 하더라고요   잘때도 너무 불안해서 눈물 나오고 심장도 목요일 저녁에 쿵쿵 뛰어서 잠도 세시간 자고 깨고 이랬네요     지금도 가슴이 좀 답답하고 쿵쿵 대는  이거 호흡곤란 인가요   원래 이런적이 많이 넚었어요    숨쉬기도 답답하고,호흡기내과,백신 접종 후 감기증상,제가 백신 접종을한지  일이 지났는데도 감기증상이 아직도남아있어서 불안하네요 병원을가야하나요 백신 접종  일후부터 목이 많이 아팠고 약국가서 약먹고 이러다보니까 어느정도 괜찮아졌는데 문제는 기침을 좀 많이 해요 목이 간질간질한 느낌이 계속 들고 기침을 하는거같아요 점점 나아지는거 같은데 코도 막히고 가래도 있는거같고 저번주 토요일에는 머리가 하루종일 아프고 어지러워서 계속 누워있었어요 지금은 괜찮은데 단순 감기가 온걸까요 아직까지도 아침에 일어나면 목이 조금 아프고 근데 바로 괜찮아지기는해요 코도 점점 괜찮아지기는하는거같은데 괜찮겠죠   이거 백신 부작용인가요 어디가 크게 문제있는건아니겠죠  ,호흡기내과,결핵성흉막염 흉수 전염되나요 ,아는분이 결핵성흉막염환자이고 흉곽배액관으로 배액중인데 그 배액액을 만졌습니다  배액액이 관 옆 피부로 oozing되어 자주 접촉했는데  결핵전파가능성이 있을까요  저희집에서 며칠 계시다가셔서 걱정이 됩니다,호흡기내과
코로나후유증,가슴답답숨참호흡곤란힘빠짐  이걸다겪고잇는데  저같은사람있나요   폐심전도가정상인데  검사멀할까요    개월뒤면사라질까요 ,호흡기내과,백신 접종후  일 비뇨기과 약복용,비뇨기과에서 발기가 잘안되 카마라필  약을 처방받았는데요  일전에 화이자  차 맞았는데  약복용해도 될까요   후유증 아픈건  도 없습니다   오늘,호흡기내과,코로나 검사로 독감도 진단 나올 수 있나요 ,아니면 독감검사는 따로 해야하나요 ,호흡기내과
코로나 확진 후 격리해제 ,친구가 코로나 확진 후 내일 격리해제됩니다  그런데 아직 기침  콧물 증상이 안멈췄습니다  밖으로 돌아다녀도 괜찮은걸까요  그리고 친구가 너무 심심했다고 만나자는데   솔직히 전염될까 무섭습니다 ,호흡기내과,천식 헌혈,제가 지금   살인데 초등학생때 천식이있었는데    년전에 마지막으로 병원가고 그이후로 병원간적도없고 천식 증상도 없고 약먹은적도 없는데 헌혈해도 되나요 ,호흡기내과,목감기  ,저번주 금요일부터 목이 아프고 기침 가래가 나오는데 목감기일까요 ,호흡기내과
코로나 오미크론,코로나 또는 오미크론 양성자와 같은 공간에 오래있어도 전염되나요 ,호흡기내과,백신패스 예외인정 문의,안녕하세요    년 추석에 모더나 백신  차 접종 후 가슴통증  호흡곤란으로 대학병원 응급실 다녀온 내역이 있습니다   당시 피검사  심전도 검사  흉부X ray 검사 후 이상없다는 소견 받고 더 자세한 검사를 위해서는  심장 초음파 촬영이 필요하다고 얘기했습니다  이후 응급실 나와서 추석연휴 연차  일 내내 통증 심하여  누워만 있다가 회사출근했고  이후 한두달 동안 내내 힘들었던 기억입니다   이후에 금전적으로 힘든 상황이라 심장초음파 사진 찍을 여력이 없어 진행하지 못하였습니다   백신  차추가 접종하게되면 가슴통증과 호흡곤란증상 걱정되어 미접종한 채 지내고 있는데  이런경우에는 앞으로 쭉 예외인정 받기 힘든건가요  ,호흡기내과,코로나 증상인가요 ,설사나 열은 없는데 콧물이 많이 나고 기침하면 가래나옵니다  감기기운이 좀 있는거같긴 한데 목감기인가요 ,호흡기내과
코로나증상,이틀전 편도염과 두통 어제 편도염 오늘 편도염 인후염 어제 자가키트 검사로 음성 확인했는데 양성으로 바뀌거나 양성인데 음성으로 나온 확률 높은가요 ,호흡기내과,감기약 같이 먹어도 되나요 ,친구가 먹던약인데 같이 먹어도되나요 ,호흡기내과,화이자 접종 전 음주,오늘 오후에 접종 하는데 전 날 술을 좀 먹었습니다 숙취나 힘든 부분은 없은 없으니 괜찮을까요    ,호흡기내과
코로나 완치후 마른 기침이 지속 되네요, 월 말에 코로나 델타 완치가 되었지만 약한 마른 기침이 계속 남아 있었습니다   그런데 지난주 저와 회의를 하루종일 한 직원이 그날 저녁 코로나 오미크론 확진되었고 저도 인후통과 기침이 좀 더 심해진 느낌입니다   코로나 확진 완치자는 PCR 검사시 양성이 나올수있다고해서 다시 PCR검사를 해볼수가 없을거 같은데 재감염일까요   이경우엔 어떻게 해야 할지 모르겠네요  자가격리를 하려면 진짜 재감염인지를 확인해봐야 할텐데  ,호흡기내과,겨드랑이 임프절염,  대 여성입니다 건강검진으로 유방초음파 보다가 왼쪽겨드랑이에 임파선이 부었다고 해서 총생검해서 괴사성육아종림프절염 이라는 결과를 받았습니다 결핵검사도 했는데 아닌걸로 나왔고 피검사도 정상입니다 크게 통증도 없었습니다 화이자 접종한지  개월 되었고 독감접종한지  개월 되었습니다 일주일 약 먹고 병원에서는 한달후 초음파보자고 하는데요  괴사성육아종림프절염은 무언가요  애매하게 말씀하셔서 이렇게 추적검사만 해도 되는지 걱정입니다,호흡기내과,임파선 결핵 어디 병원 가야하나요 ,큰병원에서 동네병원에 일주일에  번씩 소독받으라는데 어디로 가야하나요 이비인후과가면 될까요 ,호흡기내과
코로나 질문, 월   일에 코로나 확진 판정받고 자가격리도 이미 끝났는데요    인후통은 사라졌는데 기침이랑 가래가 안멈춰요 그리고 자가격리 전엔 안그랬는데 인후통 사라지고 나서 기침할땐 기침을 더 심하게 하고 쇳소리  같은것도 나는데 그냥 후유증인지 폐렴 증상인지 궁금해요   내공     드립니다   ,호흡기내과,빨리 알려주세요 급해요,제가 요즘 몸이 뜨거워지면서 숨이 안쉬어져요 그리고 숨쉴때 가끔씩 가슴이 아파옵니다 그래서 너무 괴로워요 화이자 접종  차만 맞은상태고  차를 맞게되면 어케될까 무서워요 근데 제가 집에 바퀴벌레가 나오는 꿈을 꿧어요  마리가 벽에 기어다니는꿈을 꿧는데 잡진않았어요 흉몽일까요 무서우 요,호흡기내과,폐결절에 관해 문의드립니다 ,    년도에 폐ct를 찍었고 아주 작은 싸이즈 하나  mm결절하나 이렇게 두개가 발생 하였습니디  일년후인     년 다시 ct를 찍었을때 두개다 싸이즈 변함 없었구요  년이 후     년  월 다시 ct를 찍었을때 작은것은 변함없고  mm였던 결절이  mm로 자란거 같다고  개월 후 다시 찍자고 하네요 대학병원이이나 큰병원이 아닌 일반 영상의학과에서 촬영만하고 판독 의사가 이렇게 얘기만 했습니다  그러면서 작년에 ct기계를 바꿨다는 얘기를 하면서 기계로 인해 좀더 크게 보일수도 있으니 일단  개월후에 찍자고만 하더라구요     시티 기계로 인해 약간에 오차가 생길 수 있나요      대부분 글을 보면 싸이즈가 작아서 지켜보는게 좋다 하는데 좀 불안한 마음이 들어서 큰병원 호흡기 내과로 가보는게 좋을까요 ,호흡기내과
코로나 증상,코로나 걸렸는데 어제랑 오늘 목 좀 아프고 기침하고 열은 살짝 있고 머리는 살짝 아파요 근데 이것도 코로나 증상이 맞죠    사람마다 증상이 다르나요    감기처럼 오는분들도 있죠 ,호흡기내과,급합니다    호흡질환 일반 내과  선별진료소 ,지금 신체적 증상이 있어서 병원에 내원해야 할 것 같은데 혹시 코로나일까  하는 생각에 고민이 되어 질문 올립니다   현재  목 간지러움으로 잦은 기침 자다가 숨이 컥 막히는 호흡곤란 증상 약간 메스꺼움 피로감 등 쪽이 살짝 으실거리는 느낌  이정도 증상이 있어서 내과로 가보려고 했는데 순간 코로나인가  하는 의심이 돼서요   발열 증세는 없는데 일반 내과와 선별진료소 방문 중 어디를 더 우선시로 가야할까요    ,호흡기내과,잠복결핵 약 복용중 A형간염 예방접종 가능한가요 ,튜비스투정 먹고있는데 예방접종 전에 여쭤보는걸 깜빡하고 접종받았어요   상관없나요 ,호흡기내과
코로나  관련,코로나바이러스는 잠복기를 거쳤다가 활동을 시작한다고 알고있는데  잠복기에도 코로나는 전염될수 있나요 ,호흡기내과,호흡곤란증상만 있는 천식도있나요   ,제목 그대로입니다    깊은숨을 쉬기가힘들어 폐기능검사를 받았는데 천식끼가 의심이된다고 애매하게 말씀을 해주셔서    다른 증상은 없는데 호흡이 재대로 안되니 정말 괴롭네요   답변부탁드립니다   ,호흡기내과,식도암일까요 ,    월 쯤에 엄청 뜨거운커피를 잘못마셔서 식도쪽이 엄청쓰라릴정도로 대였는데 그땐 흡연을 하고있었습니다 흡연할때 조차 목이 아팠습니다  목이너무 아파서  월쯤부터 금연했습니다  근데     월 이후부터 지금까지 목따가움이 있습니다  목따가움과 함께 요즘은 목이 계속 부어있어요  저녘되면 목이 아에잠기구요 피곤함도 자주느끼구요 이비인후과에서는 목이 조금 부어있는거라는데 그런거 치고는 너무  개월가량 넘 오래가는거같아서요 식도암일까요  아니면 그냥 인후두염일까요 ,호흡기내과
이거 뭔가요 ,오늘 자고 일어났더니 목소리가 엄청 잠겼고 쉬었다기 보다는 뭐가 걸린 느낌이였어요 그리고 그냥 있어도 이물감이 느껴지고 침이나 물을 삼키면 따갑고 칼칼해요 혹시 몰라서 사진 찍어놨어요 이 증상들이 코로나 증상은 아니겠죠   ,호흡기내과,코로나  백신 알레르기반응,안녕하세요 제가 고등학생인데 학원가려면 백신을 맞아야할것같습니다  그런데 제가 이전에 독감백신을 맞고 호흡곤란과 두통 어지럼증 구토가 있었습니다  조금 심각한 상태였는데 코로나  백신 접종해도 괜찮을까요    ,호흡기내과,목디스크 증상중에 대하여,목디스크가 있다고 합니다 그런데 요즘 가끔가다 가슴이 답답하고 숨쉬기고 좀 힘들때가 있는데요  목디스크가 있어도 이런증상이 나타나는지요 ,호흡기내과
폐렴 치료,코로나 양성이후로  주간 계속기침을하는데 폐렴이의심됩니다 병원 어느 과로 가야 검사할수잇을까요 약국에서 파는약으로도 치료가 가능한가요,호흡기내과,코로나 증상일 수도 있을까요  ,일주일 전 몇 달만에 크리스마스 기념으로 강남가서 놀았는데 지금 몸살 기운이 있어 연휴라 병원도 보건소도 휴무라 걱정되는 마음에 지식인에 질문 올립니다    어제 콧물이랑 가래가 끼기도 하고 기침 한 두번 정도 하긴 했는데 그냥 추운 날씨라 그런가 하고 아무렇지 않게 넘겼는데  갑자기 오늘 코로나 백신 때 맞은 후 느꼈던 어깨 쪽 근육통과  아침에 마름 기침 여러번   현재 오후는 안 합니다   그리고 가끔씩 가래가 끼기도 합니다  일단 씨유가서 판콜 사서 점심먹고 약 먹은 후에 자고 일어나니 어깨 쪽 근육통은 좀 사라졌지만   아직 근데 무거운 느낌은 들어요  목이 아예 나갔는데  목에 통증은 없습니다  코로나 증상이라고 봐도 될련지요    열은 전혀 안나고 계속  정상입니다  ,호흡기내과,폐 xray 질문합니다,오늘 찍었는데 왼쪽오른쪽 이 다른데 아무이상 없는거죠  의사는 아무이상없다는데,호흡기내과
숨쉬기가 힘들어요,의사분들에게 답변 받고싶습니다    숨쉬는게 답답합니다  잘쉬다가도 답답해서 크게 들이쉬어야합니다 크게 쉴려고 하품을 하면서 크게 호흡 합니다 그래서 그런가 며칠전에는 오른쪽 가슴이 숨쉴때 마다 아팠습니다 꼭 담 들은거처럼요 답답한지 일주일쯤 됐습니다  내과  군데 방문해서 심전도 검사 폐검사 폐활량  검사 했는데 멀쩡하다고 합니다   예전에 다이어트약 장기복용 부작용으로 공황장애를 앓은적이 있는데 그때 증상과 비슷하지만 그때처럼 우울하지도않고 잠도    시간은 잡니다 업무스트레스가 있긴합니다만 막 엄청 크진 않아요 회사에 만족합니다  다시 정신과에 가보기에는 진짜 조금도 티끌만큼도 우울하지가않아요  요즘 전과 다른점이 있다면 아침 시 저녁 시까지 식사는 안하고 감자나 과자 과일 같은거를 진짜 완전 조금만먹고 저녁에  시쯤 식사를 한번 합니다 식습관이 문제일까요     근데 진짜 숨쉬기가 너무 불편합니다   고치고싶습니다   어느과에 가서 검사를 받아봐야할까요 ,호흡기내과,코로나 완치 이후 기침,제가   일날 확진판정을 받고   일날쯤 기침이심해져서 대학병원과 연락해 기침과 가래약을 처방받고 그약을 복용한이후부터는 계속 기침이없었습니다 그러다가   일날 격리해제받고 약복용이 끝나면서 지금까지 계속조금씩 잔기침과 가래를 하는데 혹시 폐렴인가요   종합 감기약을 먹으면 기침증상이 가라앉기는합니다 숨쉴때 아프거나 그런증상은없습니다 ,호흡기내과,기저질환자 백신접종 ,올해 만  세로 오랫동안 기저질환 천식 을 가진 주부입니다 꾸준히 약을 복용을 하고있고 심하지는않은데 가끔씩 심하게 기침을 할때면 살짝 가슴통증도 같이 오더라구요 약을 처방받고있는 병원의사선생님은 백신을 맞아도되는지 맞지말아야되는지는 자기한테 묻지말고 본인이 알아서 하라고만하고 호흡기와 연관된거여서 백신을 맞긴해야되는데 부작용우려때문에 요즘은 잠도 잘 못잘정도로 걱정이    의사와 상담후 백신을 맞을거라지만    괜찮을까요 ,호흡기내과
코로나 증상인가요 ,아프기 시작한 건  일 정도 되었는데요  일차에는 그냥 목이 조금 칼칼하다가  일차에 목이랑 귀도 아파서 이비인후과를 가니 귀와 코에 염증이있다고 하시고 약을 처방 받았어요 그리고 그 날 저녁에 숨 쉴 때 마다 목이 간질  따끔  거려서 간헐적으로 기침을 했어요  일차에는 귀 고막 이 전날보다 더 아팠고 목은 전날보다 덜 아파졌어요 불편한정도  기침도 전날에 비해 횟수도 줄고 가끔했어요  일차에는 기침은 거의 안했고 건조한 실내 들어갈때만 재채기를 자주 했었는데 재채기를 자주해서 그런지 콧물이 엄청 자주 많이 났어요 색은 투명하고 엄청 묽었어요 귀랑 목통증은 거의 완화됐습니다      일차에는 가래가 껴서 자주 기침한 것도 있고   일동안 다 정상체온이었습니다  이비인후과 갔다와서 염증때문에 그런 줄 알았는데 코로나 변이일 수도 있겠다 싶어서요    코로나거나 변이 중 하나를 의심할 수 있을까요  ,호흡기내과,계속 기침,저는 현재   살이고 담배도 피지않습니다  그런데 계속 기침이랑 가래가 나와요    이 증상이 거의 고 때부터 시작됐어요 거의  년에서  년되가요  기침 안할때도 있는데 거의 매일 기침을 하는것같아요 특히 밤만되면 더 심해져요  뭔가 목이 막혀있는 느낌도 들고 어떨땐 숨쉬기도 힘들때도 있어요  계속 기침하고 목이 간질간질하고 기침하면서 가래도 나오고  그러다가 목이 간질거려서 기침 계속 하다보면 뭔가 속이 울렁걸려서 토할따도 있어요 이건 정말 아주 가           끔 어쩔때 한번   왜 그런걸까요   ,호흡기내과,목이 이상하게 아파요,목이 너무 아파요 먹을 돌려도 아프고 침을 삼키면 목구멍이 정말 꽉찬 느낌이 들고 숨을 들이쉬면 가슴에 뭔가 낀거처럼 느껴져요 어떻게 해야해요 ,호흡기내과
폐렴 증상 질문,코로나 걸렸는데요 계속 가슴이 답답하고 기침도 하고 그러는데 폐렴인가요  숨이 안 쉬어지지는 않는데 너무 답답해요,호흡기내과,음주후 백신접종  ,미접종자인데 오늘  차 접종 예약입니다  어제 일이 있어서 술을 꽤 마셨는데    맞아도 괜찮을까요  ,호흡기내과,흉부ct 판독결과 해석부탁드려요,안 좋은 내용인가요  해석 부탁드립니다 암일수도 있고 아닐수도 있단건가요 ,호흡기내과
목부었을때 목따가울때 낫는법 알려주세요,목에 염증나면 따뜻한거 부으면 차가운거 먹는게좋다고 들었는데 염증난건지 부은건지 모르겠어요  코로나가 양성이 나온뒤로 기침이 심해졌는데 가래도 나오고 그 뒤로 침삼킬때  물마실때  밥먹을때 다 따갑고그래서 힘들어 죽겠어요  따뜻한물을  일째 마시고있는데 어떡하죠 차가운물로 갈아타볼까요  코로나 양성 나왔다고 진료 받아주는 병원도없어요   어떡하죠,호흡기내과,헬리코박터균 검사 물도 먹으면 안되나요,헬리코박터균 검사가  시간 금식이라 들었는데  물도 먹으면 안되나요 ,호흡기내과,펫ct 결과지인데 해석좀 부탁드릴수잇을까요 ,     무엇을뜻하는건가요 ,호흡기내과
숨 쉴 때 폐아픔,그냥 숨 쉴 때는 괜찮은데 조금이라도 숨을 들이 마쉬면 왼쪽폐가 아파요 일시적인거겠죠   ,호흡기내과,기침이 너무 많이 나와요,코로나는 아니겠죠 뭐 별다른 코로나 증상은 없고 기침이 너무 많이 나와요 특히 밤   시 넘어서 새벽에 심하게 나오네요 마른기침이 막 너무 많이 나오고 헛구역질이 나올때까지 나오고 기침이 자연스럽게 나온다기 보다 딱 기침이 계속 나오는 그런 때 가 있어요 목 안쪽에 어디쯤이라 하지   할튼 목젖 밑에 안쪽에 무슨 뜨거워진다해야하나 따가워진다 해야하나 그런 느낌이 들면 그 느낌이 없어질때까지 헛구역질이 나올때까지 기침이나와요    기침을 그렇게 하고나면 가래도 좀 끼고 그러네요    집에서도 기침 너무 심하게 한다고 걱정해서 얼마전에 병원가서 증상 말했더니 일단 감기약을 주시더라고여 알약이랑 물약  개 같이 먹으라고    먹고 한  틀은 기침이 안나왔는데 약은 계속 먹는데  틀 지나고 나서는 또 그러네요 이거 뭔가요 갑자기 기침이 왤케나오죠     힘들어도 집에 있을때 한번 그러면 어떻게 기침 막 할수는 있는데 시국이 시국인지라 밖에나가서 이렇게 기침 심하게 나오면 저나 다른사람들도 불편 할거같아서,호흡기내과,결핵검사 엑스레이 가슴성형 질문,회사에서 한분이 결핵이 걸려서 전 직원 다 결핵 엑스레이를 찍어야 한다는군요   그런데 저희회사에서 다 같이 찍는데 폐결핵 엑스레이 찍으면 다른사람들이 알아볼수 있나요   티가 많이 나나요      ,호흡기내과
저희 아빠가 몇주전부터 계속 기침을 하세요  ,저는 올해 중 입니다  저희 아빠가 아침  점심에는 기침을 잘 안하시는데 밤만되면 기침을 계속 하시더라고요 그리고 주무실때도 기침을 하시고요 저희 아빠가 역류성 식도염이 있으시긴 해요 술은 드시고요 담배는 몇년전에 끊으셨어요 그리고 정확한 병명은 모르지만 만성병이 있고요 한번 기침을 하시면 몇번 안멈추고 계속해요 폐에 증상이 있는건가요  아님 그냥 단순한 기침인가요  그리고 아빠가 병원을 자주 안가시려고 해서   그래도 이번엔 병원 꼭 보낼 예정이에요 빠른 답변 부탁해요   ,호흡기내과,숨 들이쉴때 명치 심장 통증,안녕하세요 저는 원래  년째 폐동맥색전증이라는 병을 가지고 있습니다   년전쯤 급성심부전도 왔었구요  저번달에 심장초음파에서 깨끗하다는 결과가 나와서 안심하고있었는데  이번달쯤부터 가끔 숨쉴때 심장이 움직일수없을정도로 아프거나     분정도   숨들이마실때 명치가 계속 아픕니다 이건 못버틸정도는 아니고 욱신정도        분   매일 계속 이런 통증있는건 아니라서 병원가기에도 어설프네요  위험한걸까요 ,호흡기내과,고열 설사,며칠 전에 전날 좀 무리해서 자고 일어나니까 몸살이랑 열이 많이 나고 설사도 했어요  그래서 약 먹고  일 지나니까 다른 증상은 다 나았고 화장실을 자주 가고 설사를 계속하는데 혹시 무슨 병인가요   기침 코막힘 목아픔은 없어요,호흡기내과
어떤 증상인가요    ,요즘 몸이 안좋아요 근육통 오한 식욕저하되고요 피로도 쌓입니다 그래서 병원다녀왓는데 약이랑 주사맞더니 괜찮아졋는데 또 다시 이래요    그러다가 목에 혹이 잇더라구여    그래서 다시 병원 갓는데 결핵이라고 햇는데 목에 혹 눌럿을때 아프면 결핵이 아니라고해요 근데 목에 혹 눌럿을때 아팟거든여 어떤증상인지 알려주실수잇으신가요 ,호흡기내과,감기 백신,안녕하세요  중 학생입니다  제가 백신을 맞고는 싶은데 일교차가 심하다보니 감기가 걸렸는데 병명이 축농증이라고 하더라구요  근데 축농증이 빨리 호전되지 않아 백신을 못 맞고 있는데 감기증상이 있어도 백신 맞아도 되나요 ,호흡기내과,어린이집 잠복결핵,어린이집에 제출해야하는 잠복결핵이 이거 맞나요  검사지 ,호흡기내과
숨이 답답하게 쉬어져요,작년에 자다가 갑자기 심장이 빨리뛰고 숨이 잘 안쉬어지는 기분에 잠에서  깬 적이 있는데 몇 분 그 상태가 계속되다 다시 잠에 들고는 했습니다  그 이후로 몇개월 동안 가끔 그런 증상이 있다가 어느날은 일상생활을 하거나 버스를 타면 숨이 답답하게 쉬어지고 어지러움을 느끼는 경우가 종종 생겼습니다    그러다 한동안 그러지 않길래 괜찮아진 듯 싶었는데 어제 갑자기 버스를 타고 가는 도중  다시 답답하고 어지러움이 왔습니다  가끔 이럴때마다 무서워서 어떻게 해야할지 모르겠습니다    병원을 가도 어디에 가야하는지도 모르겠고 어떻게 해야할까요   ,호흡기내과,감기기운 백신,목이 살짝 간지럽고 마른기침 나오는데 백신 맞아도 될까요  ,호흡기내과,장결핵 전염력있나요 ,폐결핵 말고 장결핵이어도 다른 사람들에게 전염시킬 수 있나요  잠복결핵 말고 일반 장결핵 환자 관련 질문입니다,호흡기내과
코로나에걸리고 음성판정받은지  주가 지났는데도 불구하고 가래와 잔기침이 멈추지않아요 심할때는 가슴에서 가래가 그렁그렁 소리도 나고 가래도 뱉을만,코로나에걸리고 음성판정받은지  주가 지났는데도 불구하고 가래와 잔기침이 멈추지않아요 심할때는 가슴에서 가래가 그렁그렁 소리도 나고 가래도 뱉을만큼 나올때도있어요 하루는 느끼지못할만큼 기침을 많이안하다가 다음날은 심하게하고 주로 낮에 많이해요 저녁오후가되면 거의 안해요,호흡기내과,독감  폐렴 예방접종 같이 맞고 모더나  차 맞아도 되나요,독감 폐렴 예방접종 같이 맞고  달 뒤에 모더나  차 맞아도 되나요  아니면 독감만 맞고  달 뒤에 모더나  차 맞는게 더 나을까요 부작용 날까 고민이 됩니다,호흡기내과,결핵완치 후 피가래,결핵판정후 육개월 한번도 빠지지않고 한달마다  대학병원에서검사후 지난  월 완  판정받았습니다  술담배 절대안하구요 완치후 삼개월정도욋는데  양치할때세게 가래를 끌어서뱉는데 피가 두번정도나오더라구 양은 많지는 않은데 확실히 피가래  구강상태는문제없어서 가래에서 나오는피가확실한데 혹시재발일까요   세게 가래뱉을때 나오고 또 몇번 뱉으면 다시투명한가래로 돌아옵니다,호흡기내과
가슴이 답답하고 숨이 깊게 안 쉬어져요,제가 일 년 전  부터 가슴이 계속 답답하고 숨이 깊게 안 쉬어졌는데 우울하거나 컨디션이 안 좋을 때마다 이러는 것 같다고 생각을 했었거든요 근데 어제부터 지금까지 컨디션이 안 좋지도 않고 우울하지도 않은데 계속 숨이 깊게 안 쉬어지고 답답해져요 커피를 잘 안 마시다가 공부 때문에 어제 오늘 커피를 좀 마셨는데 혹시 커피 때문일까요  심할 때는 누가 제 목을 잡고 조르는 기분이에요   ,호흡기내과,곧 코수술 예정인데 설사 괜찮나요,전신마취 들어가는데 설사 중이라서요    설사 중이면 전신마취 못한다는 소리가 있던데 정말인가요,호흡기내과,천식인데 플루테롤 하루 번 해도될까요 ,천식이라 기침이 심해서요 플루테롤 하루 번 해도될까요  아침 점심 저녁으로 해도 될까요  그리고 플루테롤하면 심장이 빨 리뛰는데 왜이럴까요  고혈합 심장질환 없고 비만 있습니다  제발 빨리 답변 부탁드려요,호흡기내과
음식 잘못 삼킨뒤로 가슴이 아픔,공차에 있는 딸기룰 잘못 삼켜서 한번에 넘어갔는데 기도로 들어갔다 이런 느낌은 아닌데 삼킨 뒤로 가슴 오른쪽 아프고 머리도 좀 아픈거같아요  혹시 무슨 문제있을까요 ,호흡기내과,어머니가 자주 기침이 나와 폐사진을 찍었는데 폐가 하얗게 나왔어요   큰병원 가셔서 정밀검사 하시라 하는데 폐암 가능성 있을까요 ,어머니가 자주 기침이 나와 폐사진을 찍었는데 폐가 하얗게 나왔어요   큰병원 가셔서 정밀검사 하시라 하는데 폐암 가능성 있을까요 ,호흡기내과,숨쉴때 아파요,   흡연즈 인데요  제가 어제부터 숨을 크게쉴때 왼쪽 아래 가슴이 뭔가 막혀잇는것처럼 턱턱막히고 아픕니다  혹시 폐암 초기 증상은 아니겟죠 ,호흡기내과
독감의 증상이 궁금합니다 코로나일지 혹시몰라 자가키트로 번 병원가서 검사 해보니까  번다 음성판정 나왔습니다 증상첫번째는 무기력하고 몸에 힘이,독감의 증상이 궁금합니다  코로나일지 혹시몰라 자가키트로 번 병원가서 검사 해보니까  번다 음성판정 나왔습니다 증상첫번째는 무기력하고 몸에 힘이 안들어갑니다  번째는 기침과 코막힘 증상이 시작돼었고  번째는 입맛이 없습니다  번째는 후각과 미각은 이상이 없습니다,호흡기내과,SGTF가뭔가요,https   assets publishing service gov uk government uploads system uploads attachment data file                  OS Daily Omicron Overview pdf 이글에서    SGTF cases in the above table excludes persons ruled out as other variants Changes in case definition have been applied and are reflected in the appendix   이 부분을 해석하는데 sgtf가 뭔지모르겠습니다,호흡기내과,B형 간염예방주사 간격, 차 접종일이 다음주 월요일  일 남았음 인데   깜박 잊고 오늘 코로나백신 접종을 했습니다  원래 일정 대로 간염 차접종을 해야하나요  아니면 얼마나 미룰수있는지요  ,호흡기내과
자가검진키트 양성,코로나 자가검진키트 양성이떠서 오늘 아침 pcr검사 받고 왔는데요    결과는 내일 나올텐데  지금 너무 아프네요    두통 너무 심함   미열     도   기침  코막힘  가레  오한 때문에 미치겠어요    밤에 더 심해질 것 같은데 대처법 있을까요  타이레놀은 이미 복용 했습니다 ,호흡기내과,감기 걸렸을때 백신,청소년이라 내일 백신 맞으러 가기로 했는데 일주일 전에 감기 걸렸거든요  지금은 많이 나아서 가래 조금 끼는거랑 콧물 아주 조금 있어서 감기약 먹고 있는데 백신 접종 미뤄야 하나요 ,호흡기내과,천식과 기도개형 COPD,  대 중반 남성입니다     살때부터 천식을 심하게 앓았고 흡입제를 지금까지 사용하고 있습니다   흡입제 치료를 시작하고부터 심각한 천식발작은 없었고 가끔 기침과 숨쉬는데 저항감을 느끼지만 조절을 하면서 정상적으로 생활하고 있습니다   다만 군대에서 담배를 시작했고 약  년정도 흡연력이 있습니다   지금은 금연하고 있습니다    금연하면서 천식이나 폐질환에 대해 알아보게 되었는데  천식환자가 관리를 안하고 동시에 흡연을 하면 높은 확률로 기도개형이 일어나고 COPD로 진행한다는 말을 들었습니다   여기서 궁금한 것들이    가역적인 천식환자와 비가역적인 기도개형 환자의 어떤 증상적인 차이점이 있는지 궁금합니다     기도개형이 이루어졌다고 판단하는 근거가 무엇인지  X ray나 CT같은 영상검사로도 진단이 가능한지 궁금합니다      제 증상을 말씀드리겠습니다  금연을 하고 나서 오히려 기침과 가래가 늘었습니다  소량으로 끈끈하고 진한 노란색 가래가 나옵니다  가래를 보면 찌꺼기가 껴있는 듯한 가래가 나올 때가 있습니다   기침을 엄청 많이 하는것은 아닙니다  대부분 가래를 내보내려고 하는 기침입니다  또한 쉰 목소리가  주정도 지속되고 있고  목이 건조하고 가래가 계속 붙어있는 듯한 느낌이 듭니다  천식발작은 없습니다   빈번하게 가슴답답함을 느끼고 숨이 끝까지 안쉬어지는 듯한 느낌을 받아 큰 숨을 쉴 때가 있습니다  체중이   정도 줄었고 입맛이 없습니다  최근 폐기능검사 수치는    입니다  이러한 증상으로 기도개형이나 COPD를 의심해볼 수 있는지 여쭤봅니다   전문의의 답변이 필요합니다 ,호흡기내과
한달 넘게 기침 증상인데 코로나검사 시 음성, 월 일인가   일부터 기침이 나오기 시작했어요  목도 간지럽고 그래서 목감기인가했어요 전날 전기장판이 자던 도중   시간이 지나 자동으로 꺼졌고 자기 전 더워서 문을 열고잤어요   새벽에 오돌오돌 떨며 일어났는데 이때 감기걸리겠구나했죠   얇은 긴팔원피스잠옷이라    그러다 회사에서 PCR검사를  회사에 같이 일하는 동료 두명이 확진이 됐고 전 이야기도 한적도 없고 얼굴도 거의 못 봐서 밀접은 아니었는데 휴무날 혹시모르니 검사받으라했어요 하라했어요  거기서 전 음성이 나왔구요   기침은 계속 됐고   그 이후에도 확진자가 늘어나서  번인가 자기키트로도 검사했는데 전부 음성이었어요  이번 설때도 했는데    기침만 나오고 열도 없고 두통도 없고 식욕은 넘치고           자기키트는 불안해서 계속해보지만 음성이에요    이게 뭘까요   지금까지    그래도 많이 호전은 됐는데   ,호흡기내과,대상포진 걸렸었는데 완치 안되고 년째 진행중입니다 그 후에 독감 백신 맞고 온갖 감기증세를 두달간 앓다가 병원가니 분명히 의사가 대상포진 다 안,대상포진 걸렸었는데 완치 안되고 년째 진행중입니다 그 후에 독감 백신 맞고 온갖 감기증세를 두달간 앓다가 병원가니 분명히 의사가 대상포진 다 안나았는데 백신 맞으면 안된다 했거든 그래서 무서워서 지금 코로나   백신도 못 맞고 있는데 오늘 그 병원가니 이제와서 상관없다,호흡기내과,폐 씨티 질문드립니다,갈비뼈골절로  개월 전 폐 씨티 찍었었는데 별다른 소견이 없었습니다 현재 기침 증상으로 대학병원에서 폐기능검사와 엑스레이 피검사를 했는데 혹시 암이아닐까 불안에 너무초조합니다  개월전없던게 갑자기 생기고 증상이 발현될수있을까요 ,호흡기내과
일시적인 쎅쎅거림,코로나 폐렴 완치 후 일시적으로 쎅쎅거림이 생겼다가 사라졌으면 천식은 아니죠   천식은 소리가 계속 나야하죠  ,호흡기내과,숨 내쉴 때 아픈데 이게 뭘까요  ,아침에 일어나서 비몽사몽했을 때인데요 숨 내쉴 때 오른쪽 갈비뼈 안 쪽이 막 누가 쥐어짜난 것처럼 아렸는데 오늘 처음 그런 거거든요   이거 왜 이러는 건가요     성의 있게 대답해주세요 모르면 지나가시구 ,호흡기내과,CT판독좀 부탁드립니다 ,Clinical information   외부CT에서 촬영한 RUL nodule 크기 커져 R O  lung cancer  campared with                      outside chest CT  Conclusion     NO significant interval change of irrefular and elongated nodule with adjacent peribronchial and perinodular micronodules  peribronchovascular interstitial thickening  irregular pleural thickneing  and mild traction bronchiectasis in RUL posterior segment 이병변은           chest CT와 비교시 size증가하였음   Still noted pleural fissural centrilobular located micronodule in both lungs  predominantly in BUL   Underlying paraseptal and centrilobular emphysema in both lungs  predominantly in Rul      R O  pmf with pneumoconiosis  d dx lesslikely malignant lung nodule  rec  pet ct or f u chest CT in  months     No change of multiple borderline to large sized both mediastinal hilar interlobar lymph nodes with duffuse calcified foci     reactive hyperalsia  rather than metastasis     mild fatty liver small both renal cyst,호흡기내과
코로나 가래에 피,코로나증상이 나온지  일째입니다 증상은 심한인후통과 가래와 콧물뿐입니다  열도 나지않고 기침도 나오지않는데 아주가끔씩 가래를 끌어모아 뱉으면 점만한 선홍색 피가 콧물과 함께 섞여나옵니다 폐에 이상이 생긴건가요  코로나가 폐를 많이 망가뜨리나요  망가뜨린다면 치유가 가능한가요 아니면 영구적인 손상인가요  쓸떼없는 말 복붙하지마시고 묻는 말에 답해주세요 내공   겁니다,호흡기내과,대상포진 걸렸었는데 완치 안되고 년째 진행중입니다 그 후에 독감 백신 맞고 온갖 감기증세를 두달간 앓다가 병원가니 분명히 의사가 대상포진 다 안,대상포진 걸렸었는데 완치 안되고 년째 진행중입니다 그 후에 독감 백신 맞고 온갖 감기증세를 두달간 앓다가 병원가니 분명히 의사가 대상포진 다 안나았는데 백신 맞으면 안된다 했거든 그래서 무서워서 지금 코로나   백신도 못 맞고 있는데 오늘 그 병원가니 이제와서 상관없다,호흡기내과,A형간염  차 접종 후 항체생성여부,안녕하세요   대 후반입니다  A형간염 항체가 없다고 하여 A형간염     차 예방접종을 맞았습니다      항체가 생성됐는 지 검사받아야 하나요     만약 항체가 생성되지 않았더라면 또 예방접종을 맞아야 하나요   감사합니다,호흡기내과
코로나 증상,어제 나갔다 왔는데요 어제 너무 추워서 놀 때 저혼자 덜덜 떨면서 가게 안 에 들어가있는데도 덜덜 떨면서 놀았는데 밤에 집에 오니 열 기침 오한 이런 증상들은 없었고 그냥 입이 너무 건조하고 약간 기관지 쪽에 불편함을 느끼고 오늘은 열 오한 기침 증상은 하나도 없고 식욕부진에 기관지 쪽만 불편하네요 코로나 증상은 기침 고열이 온다는데 코로나 일까요   ,호흡기내과,코감기인데 코로나백신 접종 가능할까여,코막힘 너무 심한데 백신 맞을 수 있을까요          오늘   시에 맞음     ,호흡기내과,폐 엑스레이 음영,  대 여성 흉부 엑스레이를 찍었는데 약간 음영이 있어 검사가 필요하다고 합니다  이에 해당되는 질병은 어떤게 있을까요  비흡연자입니다,호흡기내과
목감기 몸살,이틀전에 목감기로 시작해서 오늘 몸살기운하고 미열이 있습니다  오늘 집에서 자가진단키트로 검사해봤는데 음성나왔고요  단순한 감기인가요 ,호흡기내과,천식인가요  아니라면 무슨 질병인가요 ,갑자기 기침이 참을 수 없을 정도로 막 눈물나게 나다가 억지로 참고 숨을 막 쉬다가 보면 입에 가래가 생겨있더라고요  혹시 몰라서 증상이 생기고 선별검사를 했는데  음성 이 나왔습니다   년 전부더 이러긴 했는데 뜨문뜨문하게 반년 증상이 있다가 또 반년은 증상이 사라지고를 반복해서 그냥 목이 건조한가보다 했는데 코로나 때문인지 이번 증상은 좀 낫고싶다는 생각이 많이 들어서요  근데 딱히 무슨 질병인지를 모르겠어서요   천식이라기엔 하루종일 기침만 하는 건 아니고   무슨 질병일까요   ,호흡기내과,늑막비후에관한건,    년건강검진에서 X ray에서 흉막유착의심 이라해서 CT촬영확인하니 아무것도 아니라했는데     년 건강검진 Xray상 늑막비후 의심 이라하는데 다시 Ct확인해야 되는지요 회사건강검진 차에서 xray촐영 입니다 동일한검진기관 입니다,호흡기내과
코로나 양성인데 가래에 피가 나와요,코로나 양성이 뜬 후 자가격리한지 오늘로  일째 입니다  전보다는 기침도 많이 줄어들고 열나는 것도 없어요  그런데 가끔씩 코를 풀거나 가래를 뱉으면 피가 섞여서 나오는데 이 증상은 자연스러운 증상일까요  곧 격리해제되는데 심각한 건 아니죠    ,호흡기내과,디에타민 부작용,제가 이틀 전부터 디에타민을 먹기 시작했습니다 오늘이  일째인데 이틀동안은 한알 먹다가 내성이 빨리 생긴다는 얘기를 듣고  일째인 오늘 반알을 먹었습니다 그러다가 약 먹고  시간 후인가  밖에 있었는데 갑자기 심장인지 폐인지 명치 조금 위라고 해야되나  거기가 아프진 않았는데 갑자기 뭔가 헉 하는 느낌이 들었습니다 이것도 디에타민 부작용인가요  저런 느낌을 오늘 처음 느껴봤는데 약 끊어야되나요 ,호흡기내과,요즘 목이 간질거리고 기침이 나며 가래가 생겨요     , 담배안핌  저 고등학생입니댜  언제부터인지는 정확히 기억안나는데 최근 들어서 목이 너무너무 간질거리고 기침이 자주 나요   근데 학교에서 기침 자주하기 눈치보여서 온 몸에 힘주고 기침 참으면서 침 계속 삼키는데 그러다 보면 어느새 가래가 생겨요    제 자리가 에어컨 바로 옆이라 머리카락 휘날릴 정도로 에어컨 바람이 직빵으로 오는 자리입니다   목이 건조해서 그러는 걸 까요    수업시간마다 넘 지옥입니다   기침참느라고요    콧물이나 다른 증상은 없어요 쇄골에서 손가락 한마디  위쪽 그니까 목 아랫부분이 간질거려요 여기 누르면 기침 자동적으로 나오고요    네이버에 찾아보니까 기침  주이상 지속되면 병원가라고 한 거 같은데     주동안 어케 참지요       물많이먹으면괜찮아지려나요                     ,호흡기내과
결핵 검사지 발급,기숙사 입실하려면 결핵 검사지 X선 촬영 이 필요한데  토요일에 검사 받아도 검사지 당일날 발급이 가능한가요  ,호흡기내과,독감접종후 펌,초등 학년아이 독감접종후 당일 펌이나 염색해도될까요 부작용이 있을까요,호흡기내과,백신 접종후 감기약은 언제 먹을수 있는건가요,백신 접종 전에 목감기 왔는데 그냥 백신 접종했어요  백신접종하고 여러증상들 왔었고 다 괜찮아졌는데  목감기는 아직도 있어요  언제 아무약이나 먹어도 되는건가요 ,호흡기내과
만성 폐쇄성 폐질환 인가요 ,올해 나이는   살이고 흡연은 중 때부터 했습니다 고 때부터 호흡을 인식하고 편해지려면 숨을 크게 들이쉬어야 했고 요즘들어서는 숨을 크게 들이쉬어도 뭔가 막힌 느낌이들고 크게 쉬는걸 몇번 반복해야 편해집니다 검생을 해보가 만성 폐쇄성 폐질환과 증상이 비슷 한거같아 질문 드려봅니다,호흡기내과,너를 앓고싶다,앓고싶다 라는게 아프다 라는 뜻으로 알고있는데 너를 앓고싶다 라고는 말의 뜻은 어떻게 해석이 되는건가요  ,호흡기내과,C형 간염이 침을 통해서 전염 될 수 있나요 ,아버지가 c형간염에 걸리셨는데 평소에 반찬이나 간장을 각자 따로 덜어먹지 않고 먹는데 감염 될 수 있나요  ,호흡기내과
숨을 깊게 마시면 명치와 쇠골 사이가 막힌 기분 기침 가래가 나옵니다 ,숨을 깊게 마시면 명치와 쇠골 사이가 막힌 기분 기침 가래가 나옵니다   기침이 계속 나오고 가래가 코에서부터가 아닌 목에서부터 올라옵니다  숨을 깊게 마시거나 하품하면 쇠골사이가 확 막히는 느낌이나고 명치가 꽉 막힌 느낌나면서 기침이 나옵니다   노래부르기 위해 숨쉬면 바로 기침합니다   거의  주째인데 왜이러는지를 모르겠습니다  병원을 가야한다면 내과를 가야하는걸까요    너무 걱정되고 힘드네요   ,호흡기내과,코로나와 독감은 같이 맞아도 되나요,독감과  차 코로나 접종은 같은 날 접종가능한가요  아니면 어떤 순서로 얼마나 차이를 두고 맞나요 ,호흡기내과,허리피고 숨쉬면 현기증이 나고 눈앞이 깜깜해짐,왜이럴까요,호흡기내과
호흡이 힘듭니다 ,모더나  차 맞은지    일째 입니다   모더나  차를 맞고 대략 한달 정도 지난 후 부터 약간의 이상함을 느꼈고요  어느 날 이후 부터 버스를 타고 출근하는데 그냥 서서 버스를 타고 가는데도 호흡이 힘들더라고요  요새는 버스를 타서 서서 가면 호흡이 힘들어서 주저 앉고 싶을 정도 입니다  견딜만은 하지만요  숨을 크게 들이쉬어도 만족스럽지 못한 느낌이 들고요  요새는 그냥 걷거나 서있어도 힘듭니다  앉아있으면 괜찮은데 또 요새는 앉아있어도 살짝 힘든 느낌이 들고요   아침 출근 길에 특히 심합니다  출근하고 시간이 좀 지난 후부터는 괜찮구요 통증이나 발열 기침 가래 현상은 없습니다 ,호흡기내과,코로나  차백신, 월에 화이자  차 맞고  차는 안맞았습니다 시간이 꽤 많이 지났는데  차접종은 화이자 잔여백신 잡아서 접종하면 되는건가요 ,호흡기내과,항상 말할때나 노래부를때마다,쇳소리나고 갈라지고 삑사리나요    왜이런거죠 계속그럼,호흡기내과
코로나 감염 후 접종, 월  일 월요일 양성판정 받았습니다  격리해제는됐고 일상생활은 하지만 아직까지 감기처럼 가래및콧물증상은있습니다   차 맞은지   일이 경과해서  차를 맞아야하는데  코로나 양성판정받은 사람은  차 맞을 필요없나요   차 맞아야한다면  감기증상이 있는상황에선 맞으면 안되나요 ,호흡기내과,Mmr B형 간염 t dap 독감 백신,Mmr b형 간염 백신주사 맞았는데 일주일 후에 t dap이랑 독감 백신을 맞아도 될까요 ,호흡기내과,입사전 잠복결핵 검사 받아야 하는데 어디로 가야하나요,그냥 아무 병원이나 전화 해봐야 하나요,호흡기내과
기침 오랜 지속 폐아픔 숨쉴때도 포함,자가격리때 기침만 했었는데 자가격리 해제 후에도 기침 오랜 지속 폐아픔 숨쉴때도 포함해서 기침이 나아질 기미도 안보이고 기침할때랑 숨쉴때 폐가 조금씩 아픕니다,호흡기내과,cyfra    수치 질문이요  폐암 질문입니다 ,  세 남성 대학생입니다     월 중순에 폐 CT를 한 번 찍어봤는데  정상이 나왔습니다   그 후    월   일에 피검사를 받아 봤는데  cyfra    수치가 정상보다 높은    이 나왔습니다   추가적으로 다시 CT를 찍어 봐야 할까요   최근에 기침 심하진 않아요   가래 가 좀 끼긴 합니다  전자담배 액상형  흡연합니다 ,호흡기내과,폐결절이 나와서 걱정이네요,CT촬영에서 폐좌우로 결절  mm 두개  mm 두개 총  개가 발견이 되었구요  흡연은 대략   년 정도 한 상태구요  동네 병윈서 CT 찍었는데 의사가 큰병원 가서 진찰을 받을거냐 아니면  개월 단위로 CT 찍어 크기 변화를 볼건지 저보고 결정 하라고 하네요     크기가 크지 않아 변화 유무를 보려고 하는데 대학 병원가면 크기에 상관없이 조직 검사를 받을 수 있나요  흡연으로 폐암이 걱정이 되네요  폐암 가족력은 없구요  아버지가 췌장암 가족력이 있어요  복부 CT도 같이 찍었는데 정상이라고 하고 폐어서만 결정이 나왔네요,호흡기내과
폐 ct판독 부탁드립니다,판독 부탁드립니다  ,호흡기내과,폐렴검사 X ray로 하는데 흡연자 폐인지 확인할 수 있나요 ,안녕하세요 병원에서 한  주일 정도 더 있다가 X ray로 폐렴인지 확인해보자고 하는데 X ray로 찍힌 사진으로도 흡연자인지 구별 가능한가요  만약 가능하다면  주일동안 금연한다면 사진 상으로 구별하기 힘든가요 ,호흡기내과,왼쪽 갈비뼈 아래 통증,일어나서부터 갑자기 숨을쉬면 찔리는거 같은통증이 느껴지고 숨을 깊게 들이쉬면 더 아프네요 이거 어떻게 해야하나요,호흡기내과
오미크론 목아픔,다 괜찮고 목만 좀 칼칼한 느낌인데  기침도 안나요 혹시 오미크론일까요,호흡기내과,중  코로나 확진 혈전,중  남학생이고 어제부터 왼쪽 가슴부분 아프고 심장박동수 빨라지고 호흡곤란 증상있는데 찾아보니까 혈전증상이라 비슷해요  소화도 잘안되는거 같고 혈전 맞죠    코로나 확진으로 자가격리,호흡기내과,감기인지 코로나인지 모르겠어요  ,안녕하세요 제가 감기인지 코로나인지 구분이 안돼서 여쭤봅니다 목이 따갑고 콧물도 나오고 열도   도인데 코로나 인가요 독감이나 감기인건가요   ,호흡기내과
기관지염증상,명치 명치윗부분이 간질간질하고 기침이 나오려는 느낌이 들어요 열은 없고 가래는 평소에도 계속 조금씩 있었어요 만성 기관지염같은건가요 ,호흡기내과,운동 후 복통에 관해 질문 있습니다,저체중이라서 체력도 키울겸 살도 키울겸 이틀째 운동을 다니고 있습니다  근력 운동은 하체 운동만 했고요    유산소 운동을 좀 많이 했는데 하고 난 다음날 아침마다 배가 너무 아픕니다  뱃가죽이 등에 달라붙은 느낌      배고파서 그런 건 줄 알고 밥을 먹었는데도 여전히 아픕니다 괜찮다가도 숨을 들이쉬면 윗배가 아프고요     몸 안쪽이 아픈 거라 근육통은 일단 아닌 것 같은데 뭐가 문제일까요,호흡기내과,천식이 있는데 백신 맞아도 괜찮을까요 ,화이자 신청했는데 괜찮을까요 ,호흡기내과
기침 잠깐이라도 멎게 하는 법,동생이 심한 목감기랑 코감기가 걸려서 하루종일 가래 섞인 기침하는데 밥먹일때 입 안에 음식이 있을 때도 자꾸 기침을 해서 미치겠어요   거의 토할거처럼 기침을 해서    따뜻한 물 마시면서 먹이고 있는데 다른 방법 없을까요,호흡기내과,명치아프고 눈 황달,숨 들이쉬면 명치쪽통증이 심합니다 숨 쉬기가 불편하구요 걸을때도 아프구요  어제 초음파검사 x레이 검사 다 해봤는데 아무이상이 없다고 하구요  어제는 많이아팠는데 오늘은 어느정도 참을만 하구요 하지만 아파요  근데 오늘 얼굴이 노란빛으로 보이고 눈에 황달도 눈에보이게 선명하게 보입니다  뭐가문제일까요  ,호흡기내과,아스트라제네카 백신과 세파제돈 알러지,다음주에   세이신 아버지께서 아스트라제네카 백신 접종 계획이신데요 예전에 세파제돈 주사인지 약인지 투여하고 나서  구토  호흡곤란이 오는 부작용이 있었다고 합니다  그리고 고지혈증과 당뇨경계 단계에 있으신데   백신 맞아도 괜찮을지요     세파제돈에 대한 알러지랑 아스트라제네카 백신이랑 크게 연관은  없는 것인지가 제일 궁금합니다   답변 부탁드려요    ,호흡기내과
코로나 양성 판정 받고,지금 코로나 양성 판정 받았는데요 어제부터 열은     에서 안떨어지고 기침도 소리가 심각하고 목은 숨쉬기 힘든데 새벽일때 그런거면     불르라고 하는데     와서 뭐하는건가요 ,호흡기내과,건강검진 결과,숨이 쉬기 힘들때가 있고 심장이 딱 흠칫하면서 멈출것 같은 느낌이 있어 건강검진 받았는데 이렇게만 오고 다른 연락은 못받았는데 더 정밀검사를 받아야 할까요   검사를 받는다면 어떤 검사를 받아야할까요,호흡기내과,콧물 재채기 기침     도     도 정도 온도인데 코로나 검사를 받아야할까요 ,콧물 재채기 기침     도     도 정도 온도인데 코로나 검사를 받아야 할까요  후각 미각 상실 근육통 이런건 아예 없었어요,호흡기내과
자가격리 끝났는데 기침을 계속해요 병원가면 안 되겠죠 ,제목 그대로 입니다 양성판정을 받고 자가격리  일 끝났습니다  근데 기침이 멈추질 않아요   마른 기침을 계속하니 당장 다음 주 부터 출근해야 하는데 불안하고 시판 약은 정말 이렇게 많이 먹어도 될꺼 싶을 정도로 먹고 있어요 확진된 날 부터 시럽약 알약 다 먹고요 쌍화탕도 먹어봤어요 근데도 안 나아요   ,호흡기내과,숨이 답답하고 한숨을 크게 하면 숨을 잘 쉬어지는것 같아요,안녕하세요  전 고 이고 이제 한달만 있으면 고 가 되는 여학생 입니다  저가 어릴때 심장 수술을 한적이 있었는데요  진짜 어릴때  살   살때 한적이 있는데요  갑자기 이번에 숨쉬는게 답답해서 한숨을 크게 한번 쉬면 다시 숨쉬는게 괜찮아 지는것 같고 앉아 있던가 아님 누워있다가 일어나면 어지러워요  잠깐 걷고 침대에 눞던가 앉으면 숨이 너무 차 있어서 한숨을 크게 한번 하면 또 괜찮아지고 그게 하루에 왔다갔다 해요  그냥 누워만 있어도 답답해서 한숨을 크게 쉬고 한번이 아니라 한숨을 연달아    번은 합니다 이걸 어떻하죠   작년 겨울까진 시술도 하고 병원도 자주 갔는데   그리고 겨울에 계속 입원도 했었고 지금은 요즘 많이 안아프면 안가거든요   갑자기 이러네요   병원에선 호흡기를 하고 있어서 호흡기 때문에 습관이 된거 일까요    지금 누워서 폰하는데 숨 쉬는데 코로 숨쉬는데 답답하고 숨 소리가 크게 들리네요   학교에서 뛰어다니고도 숨소리가 넘 크고   요즘은 마스크를 껴서 더 그러네요   학교도 계단 오르막길이고  학년이라  층이여서 걸어서 계단으로 올라가요 ,호흡기내과,천식환자 코로나 백신 접종 질문드립니다,저희 어머니께서 천식을 앓고 계시며 평소 몸이 많이 피곤하시고 면역력이 약하십니다  알레르기 주사를 맞고 온몸이 빨개져서 응급실을 간 적이 있으며 곧 정상으로 돌아오긴 했습니다  멘소레담 같은 일반의약품에도 과민반응을 보이는 등의 경험이 있습니다  나이는   대 초반이십니다   이런 상황일 때 코로나 백신을 맞아도 되는지 전문가의 의견을 여쭙고 싶습니다  맞게될 백신은 아스트라제네카입니다  도움주셔서 감사합니다 ,호흡기내과
코로나 증상,제가 기침도 나오고 가래도 끼는데 증상에 설사도 있더라고요  제가 설사똥 잘 안 싸는데 공복에 불닭 우유 개 먹어서 그런걸까요      아니면 코로나 증상인가요 열도 살짝 나는 거 같아요,호흡기내과,Pseudomonas aeruginosa균에 쓰는 권장 항생제,Pseudomonas aeruginosa균에 쓰는 권장 항생제가antipseudomonal   lactam   aminoglycoside or FQ 인데 중간에   는 무슨 뜻인가요 ,호흡기내과,왜이럴까요  ,초 인데요   어제부터 머리가 아팠어요 가끔 편두통이 와서 그런가보다 하고 있었는데요 원래 약먹고 쉬면 괜찮아지는데 오늘까지도 아파요 지금은 가만히 있어도 멀미나고 목구멍을 혀로 막은 듯한 느낌이 들고 숨이 잘 안 쉬어져요   근데 혼자 있으면 괜찮아지는데 왜그런지 좀 빨리 답변부탁드려요  ,호흡기내과
코로나 확진 후유증,  일에 검사를 하고   일에 코로나 양성 판정이 나왔습니다        일  일간 피로감과 약간의 미열과 근육통  꽤 심한 두통과 콧물  가래가 있었고 기침도 심하진 않았지만 약간씩 있었습니다   그리고   일에 점차 완화가 되어갔으며   일 새벽인 지금은 코막힘을 제외하고는 거의 증세가 사라진 상태지만 코막힘이 심해질때만 약을 먹고 있는 상태입니다   약은 증상이 심한      일에는 점심 저녁 두번씩 먹었고      일에는 코막힘이 심할때만 한번씩 먹었습니다   현재 제 상태는 이러한 상황이고  이제부터 드리는 질문에 참고해주시면 감사하겠습니다   걱정되는건 탈모나 폐기능 손상  잦은 피로감같은게 후유증으로 남을지도 몰라서 따로 검사를 받아볼까 합니다   사실상    일정도만 코로나 감염에 시달렸던 것 같은데 코로나 후유증이 있을까요  앓는 기간이 짧을수록 코로나 후유증도 없다고 들었던 것 같아서요  현재 특별히 후각과 미각에는 이상이 없는 상태입니다   백신 접종은  차까지 모두 마쳤습니다  매크로나 광고성 답변은 하지 마세요,호흡기내과,헬리코박터균 효소 호기 검사를 음료수먹고하면,헬리코박터균  차 치료를 받고  위소화도잘되서  치료잘된것같아서   공복에 오랬는데   시간전에  미에로화이바를 먹고 갓는데     양성이 나왔는데    양성이 잘못나왔을수도 있나요   아니면 양성맞나요   헬리코박터균 효소호기검사 공복에 안하면 양성으로뜨기도 하나여    차제균  위가아프거나 소화가 안되진안는데 한  년뒤에 해도될까요 ,호흡기내과,결핵증상 관련 하여 질문 드립니다,제가 뉴스를 보며 결핵 관련하여 걱정 하게 되었는데 제가 그 전에는 감기에 걸려 비염하고 겹치면서 기침 가래 코막힘 코흘림 현상이 있었는데 이틀 후 기침 코막힘 코흘림 등은 사라 졌지만 지근 현재 일주일째에 가래와 약간의 코흘림 현상이 있는데 결핵 하고 관련이 클까요    물론 이번에 검사는 받아보려 합니다 그래도 불안한 마음에 이렇게 질문 드립니다  ,호흡기내과
오미크론 완치,오미크론 확진 후 완치가 돼도 양성이 계속 나온다는데   안 옮기는 게 맞나요  완치의 기준은 뭔가요  안 아프면 완친가요 ,호흡기내과,감기인가요,목 좀 많이 아프고 콧물 오지게 나오고 기침은   많이 없는거같음 설마   아니죠 ,호흡기내과,일반 감기인가요,일주일째 기침이 계속되고 목도 계속 아프고 이러는데 코로나는 아니겠죠  열은 계속 정상 체온이였습니다,호흡기내과
이건 코로나인가요 오미크론인가요  몸살일까요  ,아침에 일어나자마자 침삼킬때마다 목이 따갑더라고요 그래서 따뜻한물을 마시고 목을 따뜻하게 해놨거든요 목은이제 침을 삼킬때마다 별로 안따갑지만 몸이 막 오한이라고해야하나  너무 춥더라고요 그때부터 열이        을 오르락내리락하더라고요 잠바까지입고 매트에 올라 이불을 덥어야지 조금 살것같더라고요 해열제를 먹고나니 열이   도가 되었는데 지금은 또 춥기만하고 머리도 어지러운것같아요 기침은 나지않았고 콧물이 조금 나요   어제랑 그저께 코로나 키트해봤는데 음성이나왔거든요     정말 몸살이면 좋겠네요    ,호흡기내과,어깨쪽에 숨쉴때 마다 아픈데 왜 아픈가요  ,빠른답변 부탁드려요  ,호흡기내과,잠복 결핵검사,잠복 결핵 검사를 받았어요 비용은       원 들었고요 이런식으로 진단이 나왔는데 맞는 건지요  취직을 해야 해서 받았는데 정말 뭔가 좀 아닌 거 같다는 생각이 들어서 올려봅니다 답변 부탁드립니다 검사결과에 보면 네거티브 라고 적혀 있는데 이건 뭔가요  다른거는 없고 이렇게만 있어요 이렇게 제출하면 왠지 다시 해야 되지 않을까 해서요 답변 주시면 감사하겠습니다,호흡기내과
이것도 코로나일 수도 있나요 ,며칠 전에 아빠가 좀 아파하시다가 약 먹고 금방 나았는데 하루 이틀 정도 간격으로 오빠  엄마  제가 순서대로 아팠는데 그냥 열도 하나도 안 나고 단순 목감기 증상같이 목아프고 기침만 조금 나서 종합감기약 먹고 또  일 정도 지나니까 이번엔 목은 안 아픈데 코감기가 걸려서 콧물 나고 그러네요 보통은 감기걸렸다고 해서 이렇게까지 빨리 전염되지 않을텐데 전염이 빠르니까 오미크론인지 먼지 모르겠네요 오미크론이 듣기로는 증상이 가지각색이라 많이 아픈 사람도 있고 아예 무증상인 경우도 있다고 하니 헷갈리네요 참고로 저희 가족 전부 백신  차까지 다 맞았어요,호흡기내과,코로나 검사,제가 감기에 걸려서 콧물도 나고 코도 헐고 목도 헐고 했는데 열은 안 나거든요 코로나 검사를 받아야 할까요 제가 받으면 가족들까지 받아야 하나요 ,호흡기내과,결핵진단서,잠복결핵진단서와 폐결핵진단서는 다른건가요 ,호흡기내과
미국에서 효력 있는 백신,노바백스 부스터샷도 포함인가요 ,호흡기내과,x ray 페 좌상엽 음영 증가,건강검진에 저렇게 나와서 CT 찍을 예정인데요  그때까지 너무 무서워서 질문 올립니다  혹시 어떤 진단을 받게 될 수 있나요  막상 ct 찍었는데 괜찮은 결과가 나올 수도 있나요     ,호흡기내과,독감백신이랑 AZ 백신  ,저는 독감 주사를맞으면 반응을보여서  번이나 주사맞은뒤 독감을 앓았는데 AZ 백신 맞는건 괜찮을지 걱정입니다   연관성은 없을까요 ,호흡기내과
심각한 병인가요   ,할아버지께서 한달정도 전부터 기침 자주 하시는데 병원가서 폐 찍어보니 폐가 하얗고 코로나가 살짝 붙어있다고 검진결과가 나왔는데요 코로나 검사는 계속 음성 나와서 코로나는 아닌거같구요  계속 기침하시고 가래 살짝 있으신거같고 잠 잘때 숨소리는 괜찮아요 동네 병원에서 폐 사진 찍고 큰 병원 가보라해서 예약하고 오늘은 상담만 하시고 오셨고 이제 하나씩 검사 예정입니다  대충 어떤 병인지 미리 알고싶어 물어봅니다   그리고 전에 위암 수술로 위가 없으신 상태로 알고있습니다,호흡기내과,폐렴예방접종,  년생 만   세   년   월 폐렴  다당질  보건소에서 무료 접종을 하셨습니다 혹시 추가 접종 해야 될까요  폐렴 다당질 은 추가 폐렴    맞아야 되는 건 아닌지    궁금합니다 꼭 정확한 답변 부탁 드립니다,호흡기내과,코로나 기침 질문,얼마전부터 한두번씩 기침하더니  일쯤 지난 지금은 가레가 목에 들러붙은 기분이고 말을 많이하거나 목이 건조하면 기침이나고요 말을 안하면 잘 안납니다 지금도 코랑 목쪽에 가레가 들러붙은 느낌이네요 열은 없고요 똥도 잘나오고 턱걸이를 해서 그런지 팔이아프긴합니다 밤에 입을 열고잤는지   아닌지 모르겠고요 근데 그런 거같긴해요 코로나는 아니겠죠,호흡기내과
코로나 검사,여자친구 부모님이 양성이고 여자친구는 오늘 검사받았어요 여자친구랑 저는 저번주 토요일에 만나고 그 이후로는 안만났습니다 여자친구가 양성이면 저도 검사 받아야될까요  ,호흡기내과,기관지 내시경,흡연자가 기관지 내시경을 하게 됬을 때 검사하고 나면 흡연을 한 사람인지 아닌지 내시경만으로 바로 구분 가능한가요 ,호흡기내과,류마티스와 폐섬유증에 대한 근로능력 질문이 있습니다,제 아버지가 현재 류마티스와 폐섬유증으로 산정특례 대상자가 되어 있습니다  폐섬유증에 경우 진행이 좀 되었다고 합니다  손에 쥐가 나는 경우도 있고 류마티스 관절염도 겹쳐 오랫동안 일하기엔 전 어려워 보이고 지금은 일을 못하고 누워계십니다  조금 걷다 보면 숨이 차시고 힘들어 하시구요  확실한건 의사 외래 때 의사가 판단을 내려주겠지만 류마티스와 폐섬유증으로 대학병원에서  개월 이상의 치료를 필요로 하고 근로능력이 없는 사람을 판정받는 경우가 있을까요 ,호흡기내과
모더나  차 백신 어제 접종 후 편도염이 올라왔습니다  이 약 먹어도 될까요 ,지난주에 편도염이 올라와 병원에서 처방받아서 반쯤 먹고 남은 약입니다  어제 백신 맞았더니 다시 편도염이 올라왔는데 이 약 먹어도 될까요    코로나 검사는 수차례 하였고 모두 음성입니다 ,호흡기내과,산소포화도가       밑으로 떨어지는 경우도 있나요  ,   이하면 위험하다던데,호흡기내과,숨 쉴때 왼쪽 폐  안쪽이 아파요,숨 쉴때 왼쪽폐가 다 안펴지는 느낌이 나면서 폐  가장 밑부분쪽이 아픕니다   어느 병원에 가서 진료를 받아야 하나요  ,호흡기내과
천식 관련 질문,강아지를 씻길 때마다 숨이 턱턱 막히면서 천명음이 심하게 나고 평상 시에도 숨을 크게 쉬고 내쉴 때마다 천명음이 나요 천식인가요  어디 병원 가서 어떻게 진단 받아야될까요,호흡기내과,왼쪽 가슴 밑 갈비뼈 안쪽 통증,왼쪽 가슴 밑 갈비뼈 안쪽이 폐 인지는 모르겠는데 갑자기 너무 아픕니다 쿡쿡 쑤시는거 같구요 숨을 들이 쉴때도 그렇고 가만히 있어도 아픕니다   몸에 이상이 있는걸까요  중 인데 너무 걱정 됩니다  ,호흡기내과,폐렴주사 접종 후 아스트라제네카 백신 맞아도 괜찮을까요 ,약   일전 폐렴주사를 접종했는데 아스트라제네카 백신을 맞아도 괜찮을까요   너무 근접하게 섞어 맞는것 같아서 불안해서요   ,호흡기내과
코로나 양성 판정 받고 격리해제됬는데 궁금한게 있습니다 ,   격리해제 됬는데도 계속 기침 및 콧물이 많이 나는데 전염성은 없는건가요      기침 증상이 심해서 대중교통 이용하고 회사 출근하니깐 사람들이 계속 째려보는데 이러한 증상 완화를 위해서는 뭐가 좋을까요      코로나 후유증으로 기침 증상이 남을 수가 있나요 ,호흡기내과,티비 예능에서 밀가루놀이 호흡기유해성 질문,TV 예능에서 밀가루를 벌칙 게임으로 사용하는 방송들이 많은데  밀가루도 호흡기로 들어가게 되면 호흡기건강에 많이 안좋지않나요 ,호흡기내과,   일 동안 기침이 계속 나와요,처음에는 목감기 증상이 나타났었는데 원래 제가 이맘때 목감기 증상으로 목이 부은거같은 증상이 나타나서 아무렇지 않게 약먹고 그랬어요  근데  일 정도 지나니까 목이 부은 현상은 나아졌는데 기침이 계속 나오더라고요    목감기 증상있었을 때도 열은 없었고 지금도 열은 없는데 이거 혹시 코로나 증상 의심해봐야하나요    ,호흡기내과
궁금한거 있는데요,제가 목감기랑 코감기가 동시에 와서 목 따갑고 코 막히고 기침하고 머리 어지럽고 가래까지 있는데 어느 병원에 가야될지 고민이여서요    목감기랑 코감기 약을 먹고는 있는데 소아과에 가서 지은 약이라 효과가 있는지 모르겠네요 나이는 올해   살 되는 여학생입니다 제발 어느 병원 가야되는지 알려주셍 요,호흡기내과,폐렴에방접종에관해,병원에서   세 이상 노인에게 폐렴 예방접종을 한번은 무료로 하고 다음부터는 유로 라고 하는데 코로나예방 접종처럼    차례 맞아야 하는것인지  아니면 독감백신처럼 매년 맞아야 하는데 올 한해에 한해서는 무료라는 의미인지  그리고 폐렴 구균    다당   를   세 이후 접종한 사람은 새로 접종 할 필요가 없다는 건 무슨말인지 알 수없어서 문의드립니다,호흡기내과,흉부 xray관련 질문,그냥 일반 동네 내과가서 xray찍어도 폐암 폐렴등을 확인할수있나요 ,호흡기내과
폐 ct 결과해석 부탁드려요 ,별이상 없다는것 같은데 맞나요        월에도 찍었었어요 해석 부탁드립니다,호흡기내과,레진아트먹음,레진아트 하다가 음식이손에뭇어서먹었는데 입에레진이 같이 들어간거같아요   쓰고요    괞찮겠죠   죽거나그러진않겠죠  아직 굳제않은상태인데  ,호흡기내과,잠복결핵 양성이 나왔어요,신검 받고 잠복결핵 양성이 나왔는데 치료를 받으면 약을 먹어야 하잖아요  약을 먹은 상태에서 막 운동이나 알바 등 이런 활동들을 해도 되는건가요 ,호흡기내과
딸꾹질 하고 나서 폐가 너무 아파요,어제 딸꾹질 너무 심하게 하고 오늘 일어났는데 숨쉴 때 마다 폐가 너무 아픕니다   빨리 낫는법 있나요 ,호흡기내과,폐렴 예방주사 접종효과 및 간격 문의,독감 예방주사를 맞으러 가니 폐렴 예방주사도 동시에 맞으면 좋대서 독감 예방주사   폐렴구균백신   가  프리베나    를 맞았습니다   사전 지식 없이 얼떨결에 맞고  지금 찾아보는중인데 어떤분은 건강한 성인  나 은 가격대비 효과가 높지 않아 권고사항이 아니라는데 뭔가 병원에 영업당한 기분이고요        싸지도 않던데         현재 건강한 성인  대입니다       가 맞았으니   가는 고령 만  세 이상 에 나라에서 시행하는 무료백신 맞으라던데  맞나요      아빠가 몇주전에 나라에서 시행하는 폐렴구균백신  가를 맞으셨는데 생전 맞은 적 없으심       주후에   가를 맞으랬다네요  그런데 인터넷엔  년후에 맞으라고 되어있는데        주후에 맞아야하나요   년후에 맞아야하나요   전문가의 답변 받고 싶습니다 ,호흡기내과,만약에 코로나 보균자가 ,만약에  옷가계 같은곳에서   코로나 보균자의  콧물등이 묻은  옷을 다른 사람이  접촉 햇을시에도   그 바이러스가  감염이 되는건가요     ,호흡기내과
위내시경 후 피나옴 답변부탁 ,저희 엄마가 어제 위내시경 후 너무 고통스러워 하셨는데 오늘 피가조금 나오셨대요    위내시경을 여태하셨지만 피가나온적은 이번이 처음입니다   혹시 이거 문제 있는건가요  주말이고 밤이라 해당병원에는 연락할수없어서 글올립니다 ,호흡기내과,독감접종 후,독감접종 맞은지 이틀이 지났는데 팔은 괜찮은데 겨드랑이 쪽 안에 혹같은게 느껴져요 왜 그러는 걸까요,호흡기내과,알려주세요,결핵검사 할때 땀나면 안돼요 ,호흡기내과
흉부전문의사 선생님들   제 엑스레이 사진 좀 봐주세요   ,결핵 앓은적 있냐고 들었는데   결핵 걸린적 없어요 폐가 많이 안 좋나요    가끔 양치하다가  운동하다가 갑자기 폐 쪽에서 폐포 터지는 느낌 나면서 아프거든요 순간적으로만 그래서 그냥   년째 살고 있어요  ,호흡기내과, 주동안 명치 쪽이 쑤시듯 아파요,아픈지는 한  주정도 됐구요   그때부터 뭔가 명치쪽이 답답한 느낌이 있습니다 특히 좀 허리랑 등 피면 그 느낌이 계속돼요 그리고 하루에   번 내외로 갑자기 확 아플 때가 있는데 누워있거나 숨 쉴 때 그 아플 때가 옵니다   어떤 느낌이냐면 누구한테 한 대 맞은 기분이에요   화이자 백신 맞은지는  달 정도 됐습니다  최근에는 역류성 식도염인가 싶어 건강검진 밑 위내시경을 하고왔는데 별 문제 없다고 하시네요     어디가 문제인 것일까요       집 근처  차병원을 가보려하는데 일단 어느 의료과를 가서 진료받아야 하나요  ,호흡기내과,결핵 양성   ,피검사해서 결핵균 양성이라는데 이거 폐결핵이라는건가여  예방하면 좋다고해서 약받긴했거든요,호흡기내과
코로나 확진자 재택치료 격리기간, 월  일에 pcr 받고  월   일에 확진판정 받았는데 자기격리 기준이 pcr 검체채취일로부터  주일이라 하셨는데 그럼 격리해제일이   일   시부터 인가요 아님   일   시부터 인가요   ,호흡기내과,백신 맞은 상태면 수액 못맞나요  ,감기가 심해서 기력 좀 회복하려고 수액 맞으러 병원에 갔는데 요새는 수액 맞으면 코로나 백신 부작용이 나타날 수 있다고 안놔주려고 한다고 안놔주려는 느낌이라 병원에서 나왔는데 맞나요    수액 맞으면 안되는건가요  ,호흡기내과,활동성폐결핵인가요 ,X ray 찍었는데 결핵의심된다고 나왔는데 그런가요 ,호흡기내과
산소포화도 폐,폐에 이상이 생기면 산소포화도 수치도 떨어지나요  산소포화도 정상인데 몸에 문제가 있을 순 있는건가요 ,호흡기내과,운동 유발성 천식,갑자기 뛰거나 그러면 숨이차올라서 과호흡등에 걸리는것인가요  그럴때 어떤 조치를 당장취해야 완화되나요,호흡기내과,코로내백신,결핵에 걸려서  개월 약을 먹엏는데 코로나백신 맞아도 될까요  궁금해요,호흡기내과
얼마전부터 숨이 심하게차고 철렁 내려앉는 느낌이심하게들어 불편하며 콩당콩당 뛰며 가래가 꽉차 답답한 느낌이 듭니다  그외에도 증상은 있는데 뭐라,얼마전부터 숨이 심하게차고 철렁 내려앉는 느낌이심하게들어 불편하며 콩당콩당 뛰며 가래가 꽉차 답답한 느낌이 듭니다  그외에도 증상은 있는데 뭐라 설명이 어렵네요   아   이러다 죽을거 같다는 공포감도 몰려오네요   세고        키로 나갑니다 ,호흡기내과,COPD환자에게서 적혈구 수치가 낮은 이유가 뭔가요 ,RBC  WBC  Hb  Hct 다 감소인데 이 중 COPD와 관련된게 있나요  이유도 같이 알려주시면 감사하겠습니다,호흡기내과,감기증상인가요,제가  일전부터 감기 증상이 있었는데 열은 지금까지 한 번도 안 났는데 감기일까요 코로나 일까요  ,호흡기내과
목아픔 기침,목은 어제부터 아팠는데 오늘은 좀 괜찮아졌고 기침도 막나오고 얼굴이 후끈해요 열나는건지 아닌지는 모르겠어요 컨디션도 안좋고요    감기증상인가요 ,호흡기내과,걸을 때마다 숨이 차네요  너무 차면 구역질도 나구요 실제로 토하진 않고 그냥 엑  엑 거립니다  허리를 굽히고 숨을 쉬면 좀 낫더라구요  평소,걸을 때마다 숨이 차네요  너무 차면 구역질도 나구요 실제로 토하진 않고 그냥 엑  엑 거립니다   허리를 굽히고 숨을 쉬면 좀 낫더라구요  평소에 생각이 많고 많은 시간을 앉아서 일합니다   그래서 운동도 최근에 다니고 있습니다   왜 그런지 도통 모르겠습니다 ,호흡기내과,호흡기 바이러스 PCR  폐렴,호흡기 바이러스 PCR 검사 결과가 음성인데 폐렴 확진인 경우는 어떤 폐렴인건가요  참고로 엑스레이는 폐 침윤이 나왔습니다 ,호흡기내과
결핵 B형 간염 검사 결과 얼마나 걸리나요 ,기숙사 들어갈 때 결핵 및 B형 간염 검사 결과를 제출해야하는데 결과 나오는데 얼마나 걸리나요 ,호흡기내과,백신  차접종 간격,제가  월  일날  차 화이자 접종을 하고 부작용으로 심근염이와 무서워서  차를 안맞았는데 요즘 백신패스때문에 너무 불편해서 다시 맞을까하는데 지금   주정도 지났는데  차 맞을수 있을까요     ,호흡기내과,열만 나고 기침은 안 해요,열은 아까     도까지 나다가 지금은       도 정도로 나고 콧물이랑 기침은 안 나고 그냥 근육통 조금이랑 열만 나요 그냥 감기인가요 ,호흡기내과
천식이 기도가 좁아지는거잖아요,좁아진 기도가 다시 정상으로 돌아가긴 힘든가요  ,호흡기내과,기침이 없는데 가래에 피응고된게 나와요,기침이없는데 가래뱉었는데 피응고된게 나옵니다 밤새 목이 엄청 말라잇었는데 쎄게 밷은 후 피가나왓어요   이거 왜이런거죠  어느병원을 가야하나요 ,호흡기내과,코로나일까요   ,제가 이틀 전에 열이   도까지 올랐다가 해열제 먹고 다음날에 바로 열이 내려 가긴 했는데요 어제 밤부터 마른기침이 계속 나와요 열은           이정도인데 열이 났다가 안나도 코로나일까요    ,호흡기내과
심한 두통  팔다리 집중적인 심한 근육통  울렁거림  심한 현기증  어깨근육이 찢어지는듯한 고통  콧물  한번씩하는기침  기침시에 폐통증  식은,심한 두통  팔다리 집중적인 심한 근육통  울렁거림  심한 현기증  어깨근육이 찢어지는듯한 고통  콧물  한번씩하는기침  기침시에 폐통증  식은땀 진통제도 듣지않는 통증들 진통제가 전혀 소용이없어요   왜이럴까요,호흡기내과,감기기운있어서 검진좀 받아보고싶은데 코로나검사 받고 병원가야 검진해주시나요 ,두통이랑 콧물  기침이랑 목아픈데 코로나 검사 받고 음성판정 나와야 검진해주시나요,호흡기내과,코로나검사,제가 오늘 방금전에 코로나 검사를 받고 왔는데요 거기서 쓰는 검사지 볼펜으로 쓰고 손 씻지도 않고 초콜릿을 먹었는데요 걸리지 않겠죠  그 볼펜이 코로나가 걸린 사람이 사용했던거면 볼펜으로 접촉한 후 그걸 입으로 들어갔다면 걸릴 확률이 있나요 ,호흡기내과
오한이 왜 생길까요,두통도 없고 기침도 없고 미열 동반한 근육통 오한이 가끔 발생하는데 왜 그럴까요        땀 진짜 많이나구요 추워요  주로새벽세시쯤 시작 아침이 되면 끝나서 약도 안먹고 끝내는 편인데 왜그런걸까요  저런 증상에 약국에서 구할수있는 상비약 있을까요 혹시 심해지면 이제 약이라도 구해놓으려구요,호흡기내과,세균성편도염인지 코로나인지 모르겠어용,오늘병원가서 약처방받았는데 기침 콧물증상은없고 목아픔 그리고 사진처럼 목이부었고 가끔 귀가아파요 푸  멀까요 요즘 시국에 이러니까 무서워요,호흡기내과,  살 폐렴예방접종맞았는데  년후 또맞아야되나요,  살에 폐렴예방접종맞았는데  년있다가 다시한번 맞아야되나요 ,호흡기내과
항생제 알러지 검사 후 가슴이 답답해요,항생제 알러지 검사 세파계열  검사 후 가슴이 답답한데요  갑자기 그러는데 왜 그런걸까요  아무래도 병원에 문의를 해야겠지만 약먹은적도 없고 항생제 검사를 한거밖에는 다른게 없는데 왜 그러죠  약물 알러지 때문에 백신은 아직 미접종했습니다 ,호흡기내과,중 이고      일날 독감을 맞고 백신,중 이고      일날 독감을 맞고 모레 화요일날 백신을 맞는데 괜찮을까요  참고로 독감맞고 아무 문제 없었어요,호흡기내과,토를 했는데 피인지 궁금해요,목요일 저녁에 오는 비를 맞고 안 그래도 감기였는데 기침이 더 심해졌어요  아까도 저녁  시  분경에 토 했을 때는 피 같은 게 보이지 않았는데   방금 토를  번 했는데 끈적거리는 핏빛 도는 갈색 덩어리가 계속 나와요  첫 토를 하기 전에 레스비 두 캔을 먹었는데 갈색의 물은 나오지 않았구요   첫 토를 하고 레스비 한 캔 마시고 지금 집에 있다가 토를 한건데 이게 피인지 커피인지 궁금해서 질문 올려요   만약에 피라면 어떻게 해야 하나요,호흡기내과
코수술  주차 찌릿함,코수술 한지  주차인데 코 안에 찌릿하고 숨을 깊게 들이쉬면 코 안이 쓰라리는데 원래 그런건가요  ,호흡기내과,독감 접종 질문,안녕하세요 저번주 수요일에 코로나  차 접종을 했는데요 내일 독감 접종을 해도 괜찮을까요  만약 해도 괜찮다면 독감 접종은 예약을 하고 가야하나요 아니면 그냥 가서 접종하면 되나요 ,호흡기내과,Pcr검사 음성 나온 이후에 열이 납니다  단순감기일까요 ,안녕하세요  어저께 pcr 코로나검사를 받고 당일에 음성 결과가 나왔습니다  밀접접촉자라 검사받은게 아니라 정기적으로 받아야 되서 받았는데요  오늘 갑자기 미열이나고 컨디션이 안좋네요  감기일까요  광고성 글은 무조건 신고하겠습니다 ,호흡기내과
날개뼈 밑 등통증 호흡곤란,   년 전부터 일상생활을 하다가 등을 갑자기 망치로 맞는 것 처럼 통증이 턱 오면서 숨이 잘 안쉬어지는 증상이 있었어요 그런데  년정도 그런 증상이 없다가 오늘 강아지랑   분  정도 산책하는도중   초 정도 전속력으로 달렸는데 갑자기 똑같은 통증이 느껴지면서 숨이 잘 안쉬어지고 등이 너무 아팠어요 그런데 전에는 이 통증이   분 정도 지나면 서서히 괜찮아 졌는데 오늘 온 통증은 거의  분째 안사라지고요 숨쉴때 등이 아파요 등통증이 계속 안 사라져요 왜 이런 통증과 호흡곤란이 있는 걸까요 ,호흡기내과,가래에 피가,안녕하세요   살 남성입니다 오늘 목에서 끌어올려서 칵퉤 하고 침을뱉는데 피가섞인 가래가나오네요  혹시 폐암이나 폐결핵일수도있을까요  걔네는 출혈양상이 어떤가요  기침없고 흉통없습니다 담배는 안피워요,호흡기내과,약  주간 계속 초록색 변을 싸요    설사를 하거나 건강한 똥을 쌀때도 계속 초록색 변입니다    담즙이 섞여서라는데 정확한 원인도 모르겠고,약  주간 계속 초록색 변을 싸요    설사를 하거나 건강한 똥을 쌀때도 계속 초록색 변입니다    담즙이 섞여서라는데 정확한 원인도 모르겠고 해결방법도 모르겠습니다   ,호흡기내과
자다가 숨이 안쉬어지는거 같아요,누가 목을 조르는거 처럼 숨을 쉴려해도 안쉬어집니다 안쉬어지면 손으로 목을 계속 긁어요 잠을 자는게 무서워 집니다 이게 무슨 증상인가요 ,호흡기내과,결핵 영양제 섭취 관련,결핵 약을 한달째 먹고있습니다   영양제를 먹지마라 먹어도 된다 말이많은데 지금 집에 먹다만 영양제가 종류가 다양해서요  유산균 가루형  프로폴리스 종합영양제 msm이 있습니다  먹어야할까요 당분간 보관해두어야할까요,호흡기내과,흉막 비후 완치 되는건가요 ,미세먼지 들이마시고 심한목감기 앓은뒤  숨쉬기가 약간답답하고해서  보건소에서 진단받았는데  흉막비후 관찰해야한다고 적혀있네요  평생 가는 질환인가요 아니면 완치나 치료가가능한지요  숨 편하게 쉬고싶네요,호흡기내과
감기 기운 있을 때 백신,오늘 목도 아프고 몸살처럼 힘도 없고 근육통도 있는데 토요일   시에 백신  차 예약이 되어있어서요  맞아도 될까요 ,호흡기내과,결핵 검사지,해석 부탁드립니다 의사선생님들,호흡기내과,소화불량 목콱믹힘,제가 요 몇일간 목이 콱 막히는듯한 느낌이들고 매스꺼운느낌이듭니다 작년에 위 십이지장 궤양이걸려 헬리코박터 치료를 해본적이있는데 딱 그니낌이랑 비슷한느낌입니다 그때는 목이 막힌다라는 느낌은 없었는데 이번에는 목이 콱 막힌다는 느낌이듭니다 찾아보니 역류성 식도염일수도 있다고하는데 증상이 비슷한가요 ,호흡기내과
화이자 백신 청소년,안녕하세요   년생인데 화이자 백신을  차  차도 다 맞고    차를 빨리 맞은 편이여서  차도 접종을 했는데      차 모두 발열 증상도 없고 근육통 몸살기운 팔통증도 없었습니다   그러면 항체가 생성되지 않은 건가요   ,호흡기내과,목감기 증상,목이 부은거같고 가래 뱉을때도 아프고 침삼킬 때도 아픈데 목감기 인가요,호흡기내과,먹는약중에 기관지확장제가 있는지 봐주세요 ,엄마가 월욜에 천식검사 대학병원 예약되어있는데 오늘 예약안내문자에 기관지확장제 이틀전부터 먹지말라고 하는데   전화해서물어보려고 하니 근무시간아니라고 전화안받네요  이틀이면 오늘부터먹으면 안되는건데 먹는약에 포함된건지안된건지 모르겠어요  약 안드시면 기침가래가 너무 심하셔서요,호흡기내과
피부과 곰팡이균 배양결과지,곰팡이 배양결과에  No yeast and mold isolated   라고 답변을 받았는데   효모 또는 곰팡이균이 발견되지 않음 정도로 해석 하면 될까요 ,호흡기내과,화이자 접종간격,잔여백신으로 오늘  차를 맞고  주뒤에  차 맞으러 오라고하셨는데 요즘엔 백신맞는분들이 다 맞아서 없는추세라  주보다 더 일찍 당겨질수도있다고 연락주신다했는데  주보다 더 일찍 맞게되도 상관없나요 ,호흡기내과,객혈 없는 결핵이 있을 수 있나요 ,활동성 결핵의 특징적 증상 중에 객혈이 있잖아요 근데 객혈이 없어도  주 이상의 기침  호흡곤란 등으로 활동성 결핵을 의심할 수 있을까요   친구가 자꾸 객혈 없으면 결핵 아니라고 해서요,호흡기내과
역류성식도염 기침,역류성식도염을 몇년간 앓고 살다가 약 한달전부터 심해져서 기침을 달고 사는데요    꽤 심합니다    겁이나서 저번주에 대장내시경 위내시경 검사 받았는데 아주 정상적이니까 걱정할거 없다고 하고  이비인후과에서도 역류성식도염때문인거 같다고 하더라구요  코로나도 아니고     근데 계속 심해서    혹시 다른 질병은 아닌가 겁이 납니다  추가적으로 받아봐야 할 검사가 있을까요  ,호흡기내과,도대체 어느병원을 가야 하는 걸까요 ,제가 숨을 들이마시면 한동안  한달 반쯤 전부터  등이 좀 아팠습니다   아파서 고통스러운 정도는 아닌데 계속 신경이 쓰이고   그러다 어제 오늘은  예전에도 한번씩 그렇긴 했습니다만   왼쪽 가슴 윗부분이 아프네요    숨을 쉬면 먼가 확 쪼이는 느낌 같은게 들면서             주전 내과를 가서 등이 아프다 했더니 폐위치 인듯 하다고 폐 엑스레이랑   심전도를 하자해서 했는데   다 정상 이었구요         그래도 계속 불편하고 왼쪽 가슴 윗쪽 까지 아프길래          오늘은 내과에 가서 위 내시경을 했습니다   결과는 식도는 괜찮고 위에는 위염이 살짝 있으나 문제될 정도는 아니라고 하시더라구요  저는 숨쉴때마다 불편하고     쪼이는 느낌에 살짝 아프기도 하고          빨리 원인을 찾아 치료를 좀 하고 싶은데            어느 병원을 가야 할지 도저히 모르겠습니다   어디로 가야 할까요     ,호흡기내과,CT 촬영 소견서 해석 원해요,폐렴 CT 소견서인데 해석해 줄 의사 선생님    제발 부탁 드립니다   번역기로는 이상하게 나오더라구요    급해요  No demonstrable masses in mediastinum and both lungs Collapsed consolidation in LLL superior segment No enlarged lymphnodes in mediastinum Unremarkable both pleural cavities and included abdominal organs Otherewise unremarkable Pneumonia  RLL superior segment,호흡기내과
몸이 답답해요,명치쪽이 답답하고 숨도 잘 안쉬어지는데 약간 숨을 크게 쉬어야할 느낌이고 속도 안좋고 미열도 나요   몇일째 계속 그러는데 이거 뭔가요  ,호흡기내과,백신 화이자,접종후 태닝 해도 무방할까요  ,호흡기내과,,,
음식먹다 사레들려 기침하다 호흡곤란,저녁에 강정하고 맥주를 먹다 사레들리고 기침하는 과정에서 목구멍이 조여오는 느낌이 들어 숨을 들이마시면 숨이 안쉬어져 숨넘어가는 소리가 나오면서 이러다 죽을것같아 심장이 급하게 뛰고 당황하였습니다 방에있는 물을 마셔도 기침이계속나오며 진정되지 않아습니다 목이 까실까실한 느낌이 들면서 기도가 조여오는 느낌 기침을 참고 침을 삼키다 보니 진정되었습니다 저번달에는 매운음식을 먹다가 그런적이 있었고 한 년전에도 비슷한 경험이 있습니다 작년에 식도염진단을 받고 그게 완치가 안되고 수시로 기침과 호흡곤란 증세가 왔다가따 해왔는데 식도염이 오래된것과 연관이 있는것인지 모르겠습니다 저번달에 내시경검사받아보니 위축성 위염소견이 있고 약먹을 정도는 아니랬습니다 저녁에 그러고 난이후 계속 목구멍이 좁아져서 숨쉬기가 힘들어서 예민해져 잠도 못자고 있네요 병원을 가볼건데 너무 무섭습니다 또 그럴까봐,호흡기내과,회사 건강검질결과 비결핵성 결절   ,안녕하세요   회사에서 출장 건강검진 받았는데 결과 보니   작년에 없던  비결핵성 결절 혹은 혈관음영 좌상폐라고 나왓네요  정밀검사 받아보라고   인터넷뒤져도 뭔지 잘 몰라서요  뭔지 알기쉽게 설명좀 부탁드립니다 ,호흡기내과,,,
마른 기침 증상 질문,저는 지금 미국 거주중인 대학생입니다 코로나에 걸린 이후부터 마른기침이 생겼어요 처음에는 기침 가래가 좀 있다가 지금은 가래는 없고 마른기침만 합니다 목감기약을 먹어도 소용이없고 목감기 캔디를 먹어도 소용이없네요 축농증때문에 마른기침인건지도 궁금합니다  개월전에 비중격만곡증 수술을 받았습니다 혹시 몰라서 비염약을  달치 지어와서 먹고있는대 아침저녘으로 먹는건대 평일에는 수업시간에 졸릴까봐 저녘에만 먹고있습니다 기침은 밤에 좀 많이 하는편입니다  축농증때문에 기침이 생긴건지 아니면 코로나 후유증인지 궁금합니다 기침약 추천해주거 있으시면 부탁드립니다 택배로 받으면되니까 ,호흡기내과,,,,,,
숨 쉴때 소리,요즘 숨 쉴때 기관지  가슴   그쪽에 정말 조금씩 통증이 생기고 숨 들여마실때도 쌕쌕 소리라고 해야하나  어쨋든 소리가 나요  담배 펴서 그런가    막 자주는 아니고 가끔씩 통증이랑 소리가 나는데 병원을 가봐야하나요  그렇게 자주 그러는건 아니라    ,호흡기내과,,,,,,
