0,1,2,3,4,5
코로나 확진경로,  일부터 코막혔고   일부터 목이 칼칼하고 근육통도 있었습니다  시간이 지날수록 오한이 있었고요  그래서 자가키트로 양성 보고 기숙사에서 집으로 왔습니다    일에 확진받았고 오늘로 격리  일차 됐습니다  솔직히 마스크 잘쓰고 다녔고 학교 기숙사에서 잘때도 마스크 잘 끼고 잤는데 걸려서 억울하거든요    그래서 어디서 걸렸는지 생각을 해봤는데 마음에 걸리는부분이  개정도 있는데 어떤게 걸릴 확률이 높았는지 알려주세요       일에 롯데몰가서 향수 시향을 했습니다  마스크 잠깐 내려서 향만 맡았습니다  그 사람이 확진인지는 모르겠지만 그 사람이 손으로 막 비벼서  만져서  시향지를 줬는데  그 사람이 확진이라면 가능성이 있을까요      기숙사에서 이미 룸메 두 명이 확진이였습니다    일에 한명 확진    일에 다른 친구 확진  이렇게 두명이 확진되고  인  실에서 저포함  명은 음성나왓습니다  그러고   일에 확진됐던 애가 격리 해제되고 일주일동안 생활했는데 그 사이에 그 친구 오빠도 확진됐다고 들었는데 주말에 집을 다녀왔습니다  일요일에 기숙사에서 그 친구가 제 음료를 빨대로 마셨는데 제가 그걸 깜빡하고 그대로 입대소 마셨습니다   격리 해제됐지만 집에 확진자가 있어서 전파력이 있을 수 있지않나요    저는 솔  히  번인거 같은데 잠복기 생각하면 아닌것 같구  어떤게 확률 높은 지 알려주세요  아 그리고 지금 제가 오미크론인것같은데 오미크론과 그냥 코로나 차이점도 적어주시면 감사하겠습니다  내공   걸게여,가정의학과, 개월지난 요구르트 실수로 마셨음,그 미니 요구르트 말구 좀 큰거 있잖아요 그게  개월 지났는데 모르고 다 마셨나봐요     병원에 가봐야 하는거 아닌가요    전문가가 답 해주시길 바랍니다 ,가정의학과
코로나 격리해제후 일상생활, 일 격리하고 그 이후   일이 되었는데요   일   일   일 지났어요  미확진 가족들 마스크 벗고 활동해도 될까요 ,가정의학과,코로나 증상인거 같은데 음성,코로나 증상처럼 목아프고 코가 맹맹하고 막히고 그래요 재채기 하고 근데 자가키드 혼자 했는데 음성이여서 혹시 몰라 병원가서 했는데 음성나왔어요 pcr검사 하고 싶은데 양성이여야만 할수 있는걸로 아는데 진짜 인가요   아님 얼마정도 하나요 ,가정의학과
유방암 수술 앞두고 체력 보강 어떻게 하면 좋을까요 ,유방암 수술을   일 앞두고 있습니다  면역력도 약해서 감기도 잘 걸리고 쉽게 피곤해지는 체질입니다  단백질 섭취 위해 고기를 먹어도 될까요  안좋을 거 같아 안먹으려고 하는데 살고기 위주로 조금씩 먹는것은 괜찮을까요  수술 앞두고 주의해야할 음식과 좋은 음식 알려주세요 그리고 비타민C와 비타민D 메가도스를 하고 있는데 괜찮은지요 ,가정의학과,허벅지 살 빼는 법,안녕하세요 저는 올해 중   되는 여학생 입니다  제가 작년 까지만 하더라도 말랐는데 갑자기 폭풍성장해서 지금 제 키가    에다가 몸무게가   kg나 나가요     허벅지랑 골반이 많이 굵어   졌는데 허벅지 살빼는법이 없을까요     ,가정의학과
당뇨병초기 발에통깁스 운동량제로 ,나이는  세 남성입니다 몸무게  kg 신장   cm 이라 비만에 해당된다고 인바디에 나옵니다 최근 혹시 당뇨가아닐까싶어 당체크기기로 피뽑아 테스트른 해보니 공복에        이정도 왔다갔다하며 식사후    정도 됩니다 혈압은       정도 전후이구요 건강검진결과 지방간 콜레스테롤이 수치가 높아 체중조절중에 있었는데 발목인대수술을 해서 통깁스를 한상태입니다 운동량이 전혀없어 하루에 한끼식사만 하고 있지만 그래도 살이찌는것같고  혈당이 너무 오르는거 같습니다 이대로 한달을 가만히 있다가는 만성당뇨와 고혈압환자에서 벗어날수없을거같은데 걷지를 못하는 한달 어찌 관리하면 될까요  저는 당뇨초기일까요  살려주세요  참고로 어머님이 당뇨고혈압 있으십니다,가정의학과,앉거나 누워있다가 일어서서 어지러움,누워서 휴대폰 한    시간 정도 보거나 앉아서 컴퓨터 한    시간 정도 하다가 일어나서 밥 먹으려고 하면 살짝 어지럽고 일어나서 아무것도 안 먹었는데 이상하게 배부르고 아무것도 안 먹고 싶고 살짝 두통이 있습니다  조금 심한 날은 하루에 아이스크림   개 나 음료   캔  만 먹고도 배가 안 고픈 날이 있습니다  나만 그런게 아니라 친구들도 그럴까 친구들에게 물어보니 자기들은 안 그런다면서 병원이나 가보라더군요 그래서 이런 이유가 있을까요  키    cm에 몸무게   kg으로 아주 정상적인   대 초반 남자입니다 ,가정의학과
중  급 복통, 일 전 부터 복통이 시작되면서 열이     도 이상 나고 계속 토할 거 같아서 보건실만 들락날락 하고 계속 춥더라고요 병원가기엔 좀 애매해서 물어봅니다  코로나는 이미 걸렸었고    학년 때 사고치고 다녀서 공부도 안했는데  학년 때 갑자기 열심히 하다보니 학업 스트레스도 받고 항상  시에 일어나니 피곤하기도 하구요  막상 학교가면 잠은 안오는데 공부 해야하니 너무 스트레스 받고 계속 배가 아파요 병명같은 게 있을까요    ,가정의학과,코로나 확진,백신  차도 안맞고 항원검사에  줄나와서 그러는데 혹시 경험담이나 정보 알려드리실분들은 감사하겠습니다 ,가정의학과
그냥 목감기인가요  코로나인가요 ,어제 화요일 아침부터 목이 너무 아팠어요  두통도 심했고  몸이 뜨거운 것 같아 열을 재니   도 정도 나왔어요   몸은   도 정도였고요   그날은 학교에 가지 않고 신속항원검사를 받아보니 음성이였어요  오늘 아침 열 인후통 증상이 있었지만 자가키트에서 음성이 나오는 걸 확인하고  학교에 갔는데요  학교가 끝난 뒤 집에 오니 열이 펄펄 끓었고요  목은 칼칼하고 침 삼킬 때마다 목이 너무 아팠어요   잠이 왔고 일어나보니 몸이 심각하게 뜨거웠고요  현재 열을 재니   도네요  약 먹기 위해 밥을 먹는데요  음식 맛이 느껴지지 않아요   진짜 미세하게 느껴져요   그냥 심한 목감기 일까요  개인적으로 양성인 것 같은데 엄마는 그냥 목감기라네요  양성이 맞다면 왜 신속항원검사에서 음성이 나왔을까요   긴 글 읽어주셔서 감사합니다,가정의학과,신속항원검사 진단서,언니가 신속항원 검사 했더니 양성 나왔습니다   지금 pcr검사 기다리고 있는 중이고요   그래서 학교 쌤께 말했는데 쌤이 학교 나오지 말라고 하셨어요 그리고 내일 진단서 가지고 잠깐 나오라고 하셨는데 신속항원검사 진단서 말하시는건가요  아니면 pcr문자  그거 말하는건가요   병원에서 신속항원검사 진단서는 안 주고 양성이라고만 하셨대용   병원에서 달라고 하면 주겠죠 ,가정의학과
배꼽 관리하는법,전에 누구한테 들었는데 배꼽 때 파다가 기절했다고   실제로 기절하나요 그냥 더러운채로 놔둬야하나요,가정의학과,종아리성형 고민중인데요 ,종아리가 굵어서 항상 스트레스 거든요  그래서 종아리성형 받아볼까 하는데 어떤거 받아야 하나요  보통 보톡스 많이 하던데 보톡스 맞으면 될까요 ,가정의학과
담관담석 제거후 발열,아버지가   세이시고  년전 힘이 빠지시면서 걸음이 불편하셨는데 일주일전 고열이 나시면서 걷지를 못하셔서 응급실로가서 검사한결과 담관결석이라고 응급실에서  틀동안 금식을 하시면 기력이 떨어져 아에 움직일수 없을정도로 힘이없다고 하시며 고열이 안떨어져  일동안 항생제를 맞으시고 열이 떨어져 바로 특수내시경을 하셔서 담관에 담석을 제거 하셨습니다 담즙배양관을 하셨고 특수 내시경마치고 다음날부터 미음으로 식사를 하시고 계시는데 갑자기 고열과 오한이 오시며 산소포화도가    까지 떨어져 산소호수를 코에 달고 산소포화도    으로 안정되셨는데  내시경 마치고 하루지나 열과오한 산소포화도의 증상이 나타나는 이유가 궁금합니다  그리고 앞으로 식사와 영양섭취로 기력을 되찾을수 있는지 담즙배양관은 언제 제거가 되는지 궁금합니다   ,가정의학과,디에타민 먹으면 왜 기분이 좋아지나요 ,넥사론정도 따로 먹고있는데 디에타민이 훨씬 효과가 좋은거 같아요 넥사론정은 항우울제고 디에타민은 식욕억제제인데 왜 디에타민을 먹으면 이렇게나 기분이 좋아지나요  계속 이 기분으로 살고싶어요 디에타민이 내성 생긴다는건 식욕 억제 말하는 건가요  이렇게 기분이 좋아지는 것도 계속 복용하면 점점 줄어드나요   디에타민이랑 비슷한 계열의  장기 복용 가능한  항우울제 없나요  제가 먹고있던 항우울제보다 훨씬 좋아요 너무너무 좋아요   가격이 너무 비싸긴 하지만   디에타민 독하다 들어서 디에타민이랑 비슷한 약 없나요,가정의학과
코로나 증상,제가 저번주 수요일날 밀접접촉을 하고 나중에 열이랑 목이 아프고 기침도 나왔는데 항원검사  번이나 했는데도 계속 음성이 나오는데 대체 뭘까요   내공   ,가정의학과,이런말 해도 될지 모르겠는데  ,저 코로롱 걸리는게 낫다고 생각들었어여 모든상황에선 아니지만 지금 같은 상황이 또 상간다면 차라리 코로롱에 걸리는게 낫다고 판단해여 지금 친구들중에서도 확진이 나오고 저희 가족도 나오는데 저만 안나오고 있어여 이걸 다행이긴 한데 제가 일상생활을 하기 너무 두려워요 음성이구나 생각하고 나갔다가 양성이면 다른분들깨 너무 죄송하고 또 안나가자기엔 제 가야하는곳등을 못가니 진짜 미치겠어여 차라리 코로나 걸리고 나서 치료를 받으면 맘이 편할텐데   저도 전에는 절대 걸리지 말고 마스크 잘쓰고 다녀야지 이랬는데 이제는 집에서도 마스크 밖에 나가기도 무섭고   힘드네여,가정의학과
과수면  오한  두통 등이 있어요 왜 그런걸까요  ,증상이 시작된 지는 얼마 되지 않긴 했는데 잠을 정말 하루종일 잡니다  온종일 잤어요   한 이틀 전엔가 스트레스를 받아서 그런지 잠을  시   이 되도록 잠들지 못하고  시   에 일어났거든요  그 당일에는 괜찮았는데 다음날부터 하루 종일 잤어요  원래 이렇게 많이 잔 적은 없어요  오한도 있고 소름 돋듯이 계속 그러고 머리가 아파요  오한 같은건 꽤 됐는데요    체중도 원래 좀 고무줄 같았는데 쪘다가 다시 막 한  키로 정도   이번달에 빠진 것 같아요  원래   에서   정도 되고 그랬는데 살이 빠지기 시작하더니 지금은   키로예요   배도 안 고프고요   근손실일까요 아님 그냥 일시적인 스트레스 때문에 그러는걸까요   제가 새로운 학교로 진학하긴 했거든요  ,가정의학과,코로나 확진자 책,코로나 확진자인데 공부할 때 썼던 책들은 코로나 완치되면 버려야 하나요  아직 덜 썼고 두고두고 봐야 하는 개념노트인디,가정의학과
코로나 초기증상이 일주일넘게  ,동거가족이 일주일 전에 코로나 확진되었었고 저는 확진자가 확진받은 그 날부터 분명 목이 살짝 아팠거든요   그래서 아 초기증상인가보다 했는데 동거가족이 격리 풀린 지금까지 계속 같은 증상이에요   원래 초기증상이 이렇게 오래 가나요  아니면 지금 제가 걸린건데 증상이 약해서 모르는건가요   ,가정의학과,코로나 걸렸는데용,저희 가족이 전부 다 걸렸는데 그럼 가족끼리도 다 붙어 있어도 되나요  그 사람이 썻던 물건도 만져도 되나요  만약 한 명이 완치를 하면 다시 재감염이 될 수도 있나용 ,가정의학과
코로나 증상,목에 뭐가 낀것같구   콧물도 나오고  열도 뜨끈뜨끈하구여 저 빼고 가족이 다 걸렸어여  목이 너무 불편한데 신속항원검사랑 자가키트는 음성이 나왔어요 어떻게해야하져   학교 가는게 맞는거죠  너무 많이 빠져서   ,가정의학과,오래 앉아있을때 다리 저림,의자에서는 거의 안그런데 화장실에 좀 오래 앉아있다보면   분 이상  한쪽다리에만 쥐가 심하게 납니다 발이 제일 저리고 종아리까지 느낌이 무뎌져요 차가워지고요   혈액순환에 문제가 있는건가요  골반이 틀어져서 그럴까요   병원을 가봐야하는지 모르겠습니다 ,가정의학과
코로나 목 부음, 일전에 코로나 확진을 받았습니다 약도 잘 챙겨 먹었는데 목 부음이 도대체 낫지 않네요   목이 너무 심하게 부어서 침을 삼킬때도 너무 고통스럽고 밥도 못먹습니다 목 부음 심할때 어떻게 해야되나요  해결책이 없을까요  약도 안듣는것 같아서 그래요   살려주세요 내공    걸어요   ,가정의학과,코로나 메스꺼움,제가 코로나에 걸렸는데 증상보니까 메스꺼움 구토 증세가 있던데요 제가 토하는걸 굉장히 싫어하는데 메스까움이 발생하는 이유가 두통이나 인후통 때문인가요   ,가정의학과
배우자 확진 코로나 잠복기,배우자가 저번주 금요일 코로나 확진되었습니다  그래서 금요일에 병원에 방문하여 코로나 검사 받았는데 음성 나왔구요 토요일에도 방문하여 검사했는데 음성나왔습니다  월요일에 병원 방문하여 코로나 검사했는데 음성 나왔구요  오늘 화요일 병원 방문하여 코로나 검사하였는데 양성나왔습니다      이렇게 잠복기간이 긴 경우가 흔한가요  억울하네요     회사에서는 금요일부터 나오지 말라해서 출근 못하고 있었는데요  오늘 감염 확진받아서  일을 더 쉬라고 합니다   제가 하는 일이 거의 반 프리랜서  이런 개념이라 일을 쉬면 급여가 주는데요     마누라 땜에 나오지 말라고 하는 것도 월급이 줄어서 화가 많이 낫는데  확진이라  일을 더 쉬라고 합니다     ,가정의학과,코로나 초기 증상,어제 코로나 확진자랑 밀접접촉을 했는데요 오늘 아침부터 목에 가래가 끼고 침 삼킬 때마다 목이 따끔거리고 심장이 빨리 뛰어요 잠도   시간이나 잤는데 방금까지  시간이나 더 잤어요  몸도 조금 무겁고요 코로나 초기 증상인가요  자가키트 해보긴 했는데 음성 나왔어요,가정의학과
가슴이 답답함,숨을 크게 들이쉬거나 딸꾹질 하거나 웃거나 하면 뼈가 아픈느낌인데 왜이런가요,가정의학과,목 아픔  가래,확진자랑 키스 하고 같은 공간에서도 확진자 나왓는데 저는 자가키트 네 번 했는데 음성 떳어요 그리고 인후통이랑 가래같은 침도 나와요 키트에서 음성 나오면 학교 나와야 한다는데 그냥 가면 되겟죠   ,가정의학과
성대결절 초기 증상인가요 ,매일 코노 한 번 가면   곡 이상 거의 한 달 정도 불렀어요  많이 부를 땐 코노  번도 가고 그랬는데 아무 증상 없다가 갑자기 어제부터 원래 올라가던 음이 목에 걸리면서 안 올라가고  억지로 올리면 내려올 때 쉽게 내려왔던 게 대부분이 공기소리  숨소리  로만 나와요   노래 부르고 가만히 있으면 목이 아주 살짝 엄청 조금 아프긴 한데 코노가 제 대학생활 낙인데  성대결절 초기증상인가요 ,가정의학과,오미크론 확진 후 기운없음 관련 질문입니다   ,  대인 엄마가 코로나 확진 판정을 받았는데  기운없음과 속 메스꺼움이 해결이안됩니다 비대면 진료로 병원에서 약 처방을 받았는데 그걸 먹어도 기운없음과 메스꺼움은 도저히 나아지질 않아요 뭘 어떡해야 할지 모르겠습니다       기운이 없는건 어떻게 해결을 해야하나요  기가 계속 빠지고 온몸에 힘이 빠지고 없대요    기운이없어서 식욕도 없어서 밥도 못먹고 죽만 먹고 있네요   죽도 겨우 먹습니다  다른 증상은 거의 없거나 미미하고 기운없음 메스꺼움 설사 이 세가지가 너무 심하셔요     엄마가 너무 힘들어합니다  기운없음을 해결할 방안이 있을까요   ,가정의학과
음식이 코로 올라와요   ,음식이 코로 올라와요    한 두번이 아니고  밥을 먹을때 마다 그렇습니다    밥을 먹으면  밥풀이 코로 올라와서 심한 재채기를 여러번 하고  코를 여러번 풀어야지 안정이 되요    귀에서 진물이 조금씩 나오는데  연관이 있을까요   ,가정의학과,생활치료센터 입소,만약 집에   대 이상 고위험군인 분과 같이 살고 있는데   살 관리대상x 이 코로나 확진 받으면 생활치료센터로 격리 들어갈 수 있나요   고위험군과 같이 살고 있어서 감염 우려의 이유로요     집이 좁고 환기가 잘 안되기도 하고  화장실이 한개라서요       거주지역은 평택입니다  이러한 이유로 입소 가능한 지 여쭤봐도 괜찮을까요 ,가정의학과
자려고 눈감았는데 숨이 잘 안쉬어지고 가슴 살짝 아픔 답답,자려고 눈을 감았는데 숨이 시원하게 잘 안 쉬어지고 가슴이 살짝 아프고 답답한 느낌이 있어요 못 자겠네요,가정의학과,코로나 잠복기,제가 토요일에 코로나 걸린 친구하고 놀았는데 물론 마스크는 안 벗었어요 그래서 일요일에 자가키트로 검사해보니깐 음성이 나왔습니다 어제는     였고 목만 조금 아팠는데 오늘은   도까지 올라가고 목이 걸걸해지고 아픕니다 그리고 오늘 자가키트 해봤는데 음성 나왔고요 이거 코로나 인가요    ,가정의학과
항히스타민,비염으로 인해 항히스타민을  달정도 복용했는데 입안이 바짝마르네요  부작용같은데 치료법은 어찌되나요  완치 안되나요    너무 힘드네요,가정의학과,갑상선수치요 ,Tsh      t       t       갑상선수치가 이렇게나왔는데  개월전에는 정상범위였는데 갑자기 이럴수 있을까요  채혈때 몸이않좋았고 전날 힘나라고 링겔맞은게 영향이있을수 있을까요 ,가정의학과
발톱 좀 봐주세요 어디 부딪힌 기억은 없고 통증도 없습니다  근데 이게  주일전부터 보이다가 점점 진해지는거같아요   뭘까요  병원은 어디로 가,발톱 좀 봐주세요  어디 부딪힌 기억은 없고 통증도 없습니다  근데 이게  주일전부터 보이다가 점점 진해지는거같아요   뭘까요  병원은 어디로 가야되나요,가정의학과,발가락 까만점  흑색종 ,안녕하세요   주 전 부터 발톱에 작은 까만 점이 보여 어디에 찍힌줄 알고 신경안썼는데  또하나가 발견됐어요  뭐죠 이게     알려주세요 ,가정의학과
종아리가 허벅지만큼 두꺼워서 스트레스,종아리가 허벅지만큼 두꺼워서 스트레스에요    만져보면 살인거 같기도 하고 잘 모르겠네요 아무튼 너무 스트레스 받는데 종아리 어떻게 살을 빼는게 좋을까요 ,가정의학과,오미크론 목아픔 증상만 있을수 있나요 ,주말에 확진자랑 밥을 먹었는데 가만히 있을때 콕콕 찌르는것 처럼 너무 아파서 자가키트  번 했는데 음성 나왔고 병원가서 신속항원검사 했는데 음성 나왔는데 혹시 몰라서 의사 소견서 갖고 PCR검사 하고는 왔는데 낼 결과를 봐야 알겠지만 원래 오미크론이 점점 목이 더 아파지고 귀까지 아파질수 있나요  그리고 잠복기에는 음성이 나오고 몇일뒤 확진되신분도 계신가요 ,가정의학과
자가키트 양성 자국,키트 돌렸는데 엄청 희미하게 육안으론 거의 안보이고 사진으론 좀 더 확실하게 보이는 양성 줄 있는데 원래 키트에 양성 자국이 있나요 ,가정의학과,가습기 틀면 기침,최근 오미크론에 걸렸다가 자가격리 풀린지 일주일쯤 됬습니다 걸린 뒤부터 목구멍과 입안  입술이 너무 건조해서 깨는 일이 너무 빈번해서 작은 가습기를 구매했습니다 세척 후 가동시켜 얼굴 가까히 대고 호흡했더니 기침이 너무 나요  생각해보니 코로나가 터지기 전에도 감기로 인해 병원에 내원했을때 이따금씩 가습기와 흡사한 기계 에서 나오는 수중기 같은걸 코와 입으로 들이마시라고 했었는데 그때도 항상 기침이 나왔어요 무슨 치료인지 명칭을 모르겠어요   이런 증상이 왜 나타나는지   혹시 무슨 병같은건 아닌거죠     호흡기랑 기관지 쪽이 좀 좋지않긴 합니다 천식 유무는 모르겠으나 비염 등을 달고사는 사람이긴 한데   그럼 촉촉한 가습기가 더더욱 좋은거 아닌지    왜 그런건지 궁금합니다,가정의학과
안녕하세요  예방접종 수두 a형 b형 간염  관련 질문드립니다 ,내년 병원 실습으로 인해 예방접종을 해야합니다   수두 a형 b형 예방 접종  당일 날 동시에 맞아도 되나요  궁금합니다 감사합니다 ,가정의학과,금단후증상으로 열이나는게 있나요  금연  일차인데 열이나고 오한이 나네요  시기가 시기인지라 금단후 오는 증상중에 열과오한이 있는지요    혹시,금단후증상으로 열이나는게 있나요  금연  일차인데 열이나고 오한이 나네요  시기가 시기인지라 금단후 오는 증상중에 열과오한이 있는지요    혹시 오미크론 코로나일까 걱정도됩니다만 다른통증은 없고 열과오한만 있어서요  답변부탁드립니다 ,가정의학과
익상견갑  너무 스트레스 받습니다 ,제가 익상견갑이 있는것을 모르고 팔굽혀펴기 턱걸이등 운동을 진행하였는데 몸이 좌측으로 틀어지고 좌측어깨가 더 발달했군요 더군다나 익상견갑이 있다는것을 인지하고 나서는 오른쪽 날개뼈가 너무 불편하게 느껴지기 시작했습니다  이런경우 어떻게 고쳐야 하나요   오른쪽 날개뼈가 너무 거슬리는게 스트레스입니다    ,가정의학과,산소포화도 맥박수,제 아는 지인이 양성인데 산소는 정상으로 나오고   맥박은 어제는   나오다가 갑자기 오늘은    나오면서 깜빡깜빡 거린다는데 괜찮은 건가요   그리고 수영 다닐 때도 원래 심박수가   대 나왔었대요,가정의학과
배꼽 아래 불편감,  세 여자구요 저번달 생리는   일에 했는데 원래 한달주긴데 어제 안해서 좀 불안하고    요즘 갑자기 배꼽 아래쪽에 장기 라고 해야하나 암튼 배꼽 아래 장기가 있을만한 곳에 불편감이 느껴진다고 하면 알아들으시려나요    뭔가 안쪽에 아프진않고 뭔가 불편한 느낌이 들어서요   생리도 안하고 좀 많이 불안하네요 관계 그런건 안해서 임신같은 건 아닌것 같은데   배꼽아래에 무슨 장기가 있죠     왜 이러는 걸까요   도와주세여 병원을 간다면 무슨 병원을 가야하죠  그리고 암 같은 건 아니겠죠    ,가정의학과,이게 무슨 흉터인가요 ,어렸을때 부터 계속 있던 흉인데요 갑자기 궁금해져서요 제 기억으로는    살때부터 있었던 같아요 어깨에 있는 흉입니다,가정의학과
고등학생 살,고등학교 다니는 남자입니다 제가 키가     정도 되는데   키로도 되지 않습니다 좀 건강하게 살 찌는 방법 이런거 아시는 분 좀 알려주세요   너무 스트레스 입니다,가정의학과,가족 코로나 확진,한 집에 같이사는 가족 중 한 명이 코로나 확진되면 그 사람은 어디서 자가격리하나요  화장실이 하나면 어쩔 수 없이 같이 쓰나요    ,가정의학과
과일 그릭요거트 먹었는데 설사,제가 아까 과일이랑 그릭요거트랑 꿀을 먹었는데 그릭요거트랑 꿀은 한 세입밖에 안먹었고 과일은 파인애플 청포도    그람씩 다 먹고 바나나 반개 먹었거든요 근데 배가 아프더니 설사하고 지금은 속이 좀 안좋아요 배도 좀 아프고요 뭐 때문인질 모르겠어요,가정의학과,몽유병인가여  ,제가 다이어트 한다고 막 밥 먹지 말자 이러는 생각에 요즘 차있는데 식욕이 왕성 하다보니깐 자꾸 못 참고 먹으니깐 먹고 나서 스트레스 받고 막 아 진짜 먹지 말자 이러면서 약간 강박    이 있는데 아무튼 그런데 제가 갑자기 자다가 일어 나서  아 배고프다고  아 진짜  이런 말을 해서 가족들이 다 깨고 엄마가 암바한테  아빠가 거실에 계셨는데   얘 밥 먹으러 간대    어   이런 말들을 하셨습니다 근데 제가 그럼 말을 하고 화장실로 갔다는 겁니다   저는 분명 그런 기억이 없는데 동생이 갑자기 동영상 보여주면서 언니 미쳤다고 그러더라구요 저 몽유병인가요 전에는 혼자 누워서 말만 조금 많이 한 그런 상태였어요,가정의학과
  살 심장쪽아픔,안녕하세요   살 학생입니다  오늘 집에가다가 어깨가 뻐근해서 스트레칭을했는데 갑자기 퍼지면서 상체 왼쪽이 마비되어 몸을 못움직이겠고 심장쪽이 아파서 숨도 잘 안쉬어져서 편의점 앞에서   분가량 쉬다가 비틀거리면서 집으로 돌아왔습니다  지금은 좀 좋아졌고 숨 들이마실때 심장쪽만 좀 갑갑하고 아픕니다  내일아침 병원을 가려 하는데 지식인에 검색해보니 다들 응급실을 가야한다며 심근경색 증상이라 하더군요  어떻게하면좋을까요  많이무섭습니다,가정의학과,이 증상 아시는 분 ,자꾸 머리가 아프고 어지럽고 속은 완전 울렁거려서 토할랑 말랑 하고요 너무 춥습니다 며칠전만 해도 고온을 하면 뜨거워서 못 했는데 너무 추워서 고온으로 합니다 하지만 너무나 춥네요 코로나 검사해봤을 때는 음성이 나왔습니다 그냥 폄범한 감기일까요 ,가정의학과
백신 부작용, 차 백신 금요일에 맞았고 토요일에는 열이 많이 나고 어지러워서 밥은 한끼 반 정도 먹고 타이레놀  시간 간격으로 세 개 먹었어요  근대 일요일까지도 계속 어지러워서 일어날 수가 없습니다   어떻게 해야 할까요 ,가정의학과,전자기기에서 삐소리와 웅웅거리는 소리,제가 평소에는 인식을 못했는데 이번에 에어팟  세대를 사면서 오른쪽에서 웅웅거리는 소리가 들리더군요 그래서 에어팟이 이상한가하고 가족이나 친구들에게 이 소리가 들리냐고 물었는데 저만 들리는거 같더라구요 그 후 오른쪽 귀에서만 티비에서 전자파소리  삐소리가 거슬리게 들리고 휴대폰에서도 오른쪽 귀에서만 전자기기 소리같은게 났는데 원인이나 질병이면 병명 같은거 아시면 알려주세요 ,가정의학과
코로나 자가키트 자꾸  줄 떠요, 월  일에 자가키트  줄 떠서 pcr 검사 받았는데 음성 나왔었고 그 후   일에도  줄 떠서 검사 받았는데 음성 나오고   일에도  줄떠서 검사 받았는데 모두 pcr 결과 음성 나왔어요 근데 이번에도 자가키트  줄 나왔는데 PCR 검사 받아야 하나요   아무증상 없어요   ,가정의학과,강남성모병원에 종합검진을 받으려 하는데,비용이 비싸서  진료부터 먼저 받고 소견서를 가지고 종합검진을 받아보려 합니다   그 진료를 내과를 가야되는지 가정의학과를 가야되는지  어떤 진료과목을 통해 진료를 받고 검진해야된다 라는 소견서를 받을 수 있을까요   ,가정의학과
발톱 이상하게 나는거 같은데 어떡하죠,작년   월에 발톱 들리고 오늘 축구하다가 발톱 뜯어져서 봤는데 이상하게 나는거 같아요 발톱 들리고 이중발톱으로 자라고 있었는데 뜯어져서 보니까 또 이중발톱으로 자라는거 같아요,가정의학과,발톱을잘못잘랐더니 이렇게됐는데 뭔가여 ,제가 발톱을자르다가 발톱 옆부분을 다 잘라버렸습니다   그러더니 그 발톱 옆부분이 이렇게 됐는데 병원가야하는수준이가요  아니라면 어떻게 대처하나요 ,가정의학과
가족 양성 학교 안가는법,가족 중에  명이 양성 나왔는데요 전 음성 나오면 학교 갈 수 있는 거잖아요 학교 가기 싫은데 엄마가 아침에 검사받고 가래요 학교 하루라도 빠지게 엄마 설득하는 방법좀,가정의학과,울쎄라 인모드 같이 하면 더 좋을까요 ,인모드 시술을 고민하다고 리프팅 효과가 덜하다고 해서요 울쎄라와 함께 받으면 좋을 것 같아서 문의 드립니다  울쎄라 인모드 보통 몇 삿으로 진행하는지도 알려주세요 ,가정의학과
눈이 어지러워요,밥을 먹거나 폰을 보거나 음식 만들고 앞에 딱 고개를 즐면 눈 초점이라고 해야 하나 눈이 너무 어지러워요 한   초 후에 나아지긴 하는데 이틀 째 그러고 있어요 왜그럴까요           ,가정의학과,남자 코 모공축소 방법 좀   ,  대 남자입니다  얼굴모공도 문제인데 특히 코 모공이 너무 눈에 띄어서 모공축소 방법을 찾고 있습니다  모공축소된다고 코팩을 붙여봤는데 피지만    남자 모공축소시술 알고 계시면 공유 부탁드려요 ,가정의학과
자주걸을때,요즘 걸을때자주 어지럽고 핑도는데 이유가뭔가요 ,가정의학과,식욕억제제 다른종류 같이 복용하지말라하잖아요,이유가 자세히 뭔가요 중추신경에 무리간다 말고 자세한 이유 알수있을까요   평소 엠피온정먹는데 너무 조절안되는날은 디에타민도 같이먹어볼까싶어서요  아니면 작용시간 끝나고 먹는건 되나요 ,가정의학과
목 열이   도 에요,코로나 걸렸는데 이마는 괜찮은데 목 열이   도 에요      어카죠 병원이 마감이여서 내일 신속항원검사 할껀데 몸 열 식히는 법 좀 알려주세요   ,가정의학과,제가 다른 사람들보다 피로를 더 많이 느끼는 것 같아요 ,안녕하세요 학생입니다  제가 제 친구들에 비해 피로감을 더 많이 느끼는것 같아서 이게 진짠지    알아보려고 질문 했어요 일단 자도자도 졸립니다  저는   시에자도 학교 오면 피곤해서 책상에 자는데 애들은 새벽  시  시에 자고 일어나도 생생합니다  그걸보니 정말 부럽습니다  어떻게 늦은시간까지 버틸 수 있는지   애들한테 얘기를 하면 너가 정신력이 부족한거다 다 변명이다라고 얘기하는데 저도 진짜 늦은시간까지 공부해서 제가 정해논 일을 끝낼려고 해도 안됩니다 자면 죽는다라는 제약을 걸고 했는데도 그냥 죽는게 낫다는 생각이 들 정도로 피로감이 듭니다   그냥 일상이 피로해서 낮잠 한번 안자면 일상생활을 못할 정도로 불편할 지경이예요  옛날에 운동도 많이했습니다  제가 생각 하기에는 옛날에 학교 가정 폭력을 많이 받아서 스트레스를 많이 받았었거든요    그래서 학교 끝날때마다 스트레스 때문에 제가 많이 지쳐서 학원도 빠지고 아무것도 못했는데 그 영향인가요    ,가정의학과
어지럽고 토할 거 같아요,오늘 아침부터 계속 머리가 지끈지끈 거리고  심장도 빨리 뛰고  속이 울렁거리면서도 토할 것 같은데 진짜 토할 것 같진 않아요 그리고 피로감도 엄청 느껴져요 이게 뭘까요  ,가정의학과,코로나 잠복기간,오늘 낮에 같이 점심식사를 한 사람이  알바 하기전에 자가진단 키트로 검사하니까 양성 반응이 나왔다고 합니다  그 소식을 듣고 저도 자가진단 키트로 검사했는데 음성 반응이 나왔어요 코로나가 걸려도 바로 반응이 나오진 않나요  잠복기간이 있는건가요  일단 음성이 나왔는데 일상생활을 해도 되는 걸까요 ,가정의학과
코로나 잠복기 전염 가능성,제가 금요일에 코로나 잠복기였던 친구랑 두 시간 정도 서로 마스크를 안 벗고 같이 있었는데 그 친구가 오늘 저녁에 자가키트를 해 보니까 양성으로 떠서요    저도 감염될 가능성이 있는 걸까요  급해요    답 얼른 주세요,가정의학과,갱년기인가요 ,저희엄마는   세이시고 아직 폐경하시지는 않지만 불규칙한 편입니다 원래는 되게 천사같은 성격이세요 가끔 기분파일때도 있지만요 근데 요즘 이상해요 뭔가 일 잘못되면 제가 생각 못해서 그런거라고 뭐라고 하고    그러다 서로 큰소리나면 갑자기 토라지고 또 갑자기 혼자 풀려요          그리고 술 안마시는데도 얼굴이 빨갛고    영상통화하다가 갑자기  왜 너만 이쁘냐고 그러고    나는 못생겼다 그러고       눈빛이 슬퍼보 여요       이거 갱년기인가요  제가 양보하고 이해해주는게 답인가요 ,가정의학과
소화가 잘 안돼요,요즘따라 소화가 잘 안되고 저녁에 뭘 먹어도 다음날 아침에 학교 등교할때나 오래가면  교시까지 배가 자꾸 아파요 꾸륵 꾸륵 거리구요 제가 밥을 먹고 나도 꾸륵 꾸륵 거리면서 배가 아파요 화장실   가면 설사도 하구요 제가 걸리는 거 있다면 음식을 먹고 눕는다는 거  혹시 이유가 그것 때문인가요  근데 저희 아빠랑 언니도 자주 그러던데 유전인가요  궁금합니다 그리고 배가 안 아플려면 어떻게 해야하나요  아플 때 좀 버티면 괜찮긴한데 너무 고통스러워요 제발 배 안 아픈 법 좀 알려주세요  ,가정의학과,백신 접종,제가 화이자를  차까지 맞았는데  차를 언제 맞았는지 모르겠어요    차는   월   일에 맞았는데 이걸로  차 언제 맞았는지 알수있나요   적어서 내야하는거라   ,가정의학과
코로나 오미크론 식혜 맛이 안 나요,제가 오미크론에 걸렸었는데요 음식맛이 다 잘나요 약간 들 나긴 하는데 다 잘 나요 그런데 식혜맛이 하나도 안 나요  직접 만든 식혜라서 상했나 하고 사서 먹었는데도 식혜맛이 안 나요 제가 식혜를 진짜 좋아하는데   다시 돌아올까요  그리고 식혜만 맛이 안 날 수가 있나요  왜 이러죠,가정의학과,코로나 확진자랑 빨대,제 친구꺼 음료수 있길래 빨대를 제가 입대고 모르고 마셨는데 친구의 친구도 그 빨대를 입대고 마셨대요 근데 그 친구가 코로나 확진받았는데 어제 자가키트 했는데 음성 나왔는데 살짝 목 아프고 머리 아파서 열 재봤는데     도 나왔는데 괜찮을까여    기분 탓일까용       아직 하루 밖에 안지나서 잠복기 일 수도 있나욥   ,가정의학과
삭센다 사용중 탁센 소염진통제  복용,삭센다 사용한지는 오늘로  일차고 탁센을 한번 복용해도 될지 궁금합니다  또 삭센다를 사용하는 기간중 감기약이나 소화제를 복용해도 괜찮을까요  먹으면 안되는건 뭐가 있을까요 ,가정의학과,오미크론 코로나,집에만 있고 밖에서 마스크 한 번도 안벗었는데 목감기 집에서 걸려서 이비인후과가니깐 신속항원검사 하라고 해서 했더니 양성에다가 PCR했는데 문자도 안보내주고 전화 걸었더니 보냈다는데 안왔는데 이게 무슨 경우죠   결과는 양성이라고 하더군요      집에만 있었는데 오미크론 걸린다는게 가능한건가요  목감기도 PCR하면 양성으로 뜨나요   만약 오미크론이라쳐도 그럼 마스크 효과도 없는데 뭣하러 쓰죠 ,가정의학과
코로나 확진자가 재택치료중 사용하던 이불이나 침대등을 어떻게 해야 하나요,코로나 확진자가 재택 치료중이어서  개 방에 생활하고 있습니다  문제는 격리가 해제되면 확진자는 면연력이 형성되어 관계는 없겠으나 다른 가족들은  확진자가 사용하던 이불  침대 기타 물건등은 다 버려야 하는 건가요  아니면 일정시간이 지나면 사용해도 되는건가요   가구나 이불들에 뭍어 있는 확진자의 코로나 바이러스는 어떻게 해야 없앨수 있나요 ,가정의학과,섬유낭종성변화,선생님 조직검사결과 섬유낭종성변화이구요  크기는     인데 맘모톰으로제거해야하나요 ,가정의학과
코로나 양성 후 코가 매워요,어제 병원에서 신속항원검사를 받고 양성 판정을 받았습니다 자고 일어나고 다음날 아참에서 일어나니 한쪽 코가 너무 매워요 그리고 맛은 느껴지는데 짠것을 잘 못느끼겠어요 병원에서 신속항원검사를 잘못 받은 걸까요   너무 아파요 매워요 왜이래요,가정의학과,다이어트약 어떻게 끊어야 하나요,작년   월  일 부터 푸링정 펜디메트라진  mg  을 거의 매일 하루에  알씩 복용해서 체중을   키로         감량했습니다  이제  개월이 거의 다 되어서 약을 서서히 끊으려고 하는데 약을 끊을때 갑자기 끊으면 절대 안되고 서서히 줄여나가야 한다고 합니다  그래서 약을 하루에  알    알     알 로 줄여가면서 끊을 생각인데  알    알     알을 각각 몇일정도 먹어가면서 끊어야 할까요 조언부탁드립니다 약은 아직   알 남아있어서 부족하진 않을거깉아요,가정의학과
LDL 콜레스트롤 수치가     나왔어요, 년전부터 계속         수치였는데 두달전에 다른검사중에 LDL   수치였어요  다른과에서 몇일전에 했던 검사결과지를 오늘 봤는데  LDL콜레스톨수치가    이 나왔어요  약을 처방 받아야 되는거죠  제가 심장 내과 오늘 진료 보고 내일도 진료가 있는데 처방해달라고 하면 되나요   고지혈증 약 처방 받아서 먹은적은 없습니다 ,가정의학과,다이어트 약 먹고 발기부전,다이어트약  일 복용중입니다  다이크로짇정  반쪽 대원디아제팜정 mg  아세드린정 틴틴정  스벨트정토프라맥정  mg   반쪽  근데 아침이나 뭐 수시로 발기가되었는대  잘안대는 느낌이 들어서요 다이어트약 때문에 그런건지 궁금해서요 ,가정의학과
코로나  차 백신 맞고 당일날 운동했는데 괜찮겠죠 ,오늘   시쯤에  차 백신맞고  시 까지 안아파서 밖에 축구하러 갔거든요 근데 쫌 빡세게 했어요 심장이 쫌 빨리 뛸정도로 했는데 괜찮을까요 의사쌤은  주동안 무리한 운동 하지말라고 했는데요  또 내일 축구 시합이 있어서 해야하는뎅   저 안죽겠죠  ,가정의학과,유학 건강검진 비용,일산 병원에서 하려고 하는데  에이즈  B형간염 C형 간염 흉부엑스레이 디프테리아 파상풍 백일해백신 MMR 장티푸스  이렇게 검사하면 얼마정도 나오나요 ,가정의학과
어지럽고 토할꺼 같은 증상,제가 그런건 아니고 저희 어머니가 건물에서 청소 하시는 일을 하시는데 간혹 일이 많은 날은 어지럽고 머리가 삥삥 돈다면서 토 할꺼 같다고 하셔서 병원을 가보라고 했지만 병원 가봤자 의사가 뭐 알겠냐고 하면서 계속 안가시더라구요 아마 검사비용 때문에 그러시는거 같은데 제 속이 답답해서 죽을꺼 같네요    검사비용이라도 알면 제가 대신 드리면 되는데 하     최근에는 자주 머리가 삥삥 돌면서 어지럽고 토할꺼 같다는 증상이 자주 나타납니다  뭐 영양제나 몸에 좋은거 그런거 없을까요  어디 영양소가 부족해서 저러시는거면 꾸준히 사드리고 싶은데 뭔지 모르겠으니 미치겠습니다     어머니 평소에는 밥을 좀 빨리 드시는 편이고  체형은 비만 입니다  그리고 밥 먹고 피곤하다며 바로 누워서 티비를 보시는 편 이고요  병원을 안가시니 네이버 지식인 이런거에라도 한번 적어봅니다   ,가정의학과,코로나   예방접종완료자 기준,  월 말 즈음에 백신  차 접종만 한 상태에서 코로나 확진되었습니다  그 후 아직  차 미접종 상태고요  현재 가족 중 확진자가 나왔는데 자가격리 해야 하나요  혹은 접종완료자여서 수동감시인가요 ,가정의학과
식욕억제제 디에타민 부작용 도와주세요  ,정확히  일전에 나비약 디에타민 처방받아서 첫날에  알 복용하고   시간째 잠 한숨도 못자고있습니다   이거 응급실이라도 가봐야할까요    두통 환각 환청 증세는 없는데 약간의 어지러움과 몸이 각성된 느낌입니다  이러다가   시간    시간    시간     시간 잠 못자다가 졸도될까 두렵네요  ,가정의학과,코로나 밀접접촉자,저 목요일에 아는 분이랑 밥을 같이 먹었는데 그 분께서 오늘 확진 판정을 받으셨대요 금요일에도 만났었는데 마스크는 안 벗었었고  금요일부터 증상이 있으셨다고 하는데 저는 밀접접촉자가 되는건가요 ,가정의학과
HCV 인슐린 바늘 찔림,병원에서 일하면서 치우다가 그만 HCV환자 썼던 인슐린주사기에 찔렸어요 피도 조금 났구요 지금은 시간이 없어서 그런데 금요일쯤에 병원을 갈 예정입니다   혹시 가정의학과를 가야할까요 아님 내과를 가야할까요   일반 작은내과에서는 혈액검사에 HCV Ab 결과가 나올까요  아니면 조금 큰병원을 가야할까요 ,가정의학과,저녁마다 속이 안 좋고 복통 증상,일주일 정도 됐는데요  매일 저녁마다 배가 너무 아프고 구역질 날 정도로 속이 안 좋아요  그럴 때마다 카베진  알 먹고 자면 아침에는 괜찮고요  다시 저녁이 되면 동일 증상이 반복됩니다   내과에 가봐야 할까요  요며칠 일자목 통증이 너무 심해서 정형외과에서 타온 약을 먹긴 했는데 그것 때문에 그런 건 아닌 것 같고요      밤에도 공부해야 하는 학생인데  배가 너무 아파서 일상 생활이 힘드네요  ,가정의학과
코로나 음성 질문합니다,  일에 아빠가 확진되시고   일 동거가족인 엄마와 저는 신속항원검사에서  저는 음성  엄마는 양성 판정을 받았습니다  아침에 검사를 받고 나서  시쯤에 갑자기 제가 오한과 동시에 열이     도까지 올라가면서 근육통까지 동반하여  시반쯤 신속항원검사가 가능한 병원에서  신속항원검사를 받으니 똑같이 음성이 나왔습니다     일 아침에도 신속항원검사결과 음성이 나왔는데 음성이 맞는걸까요   ,가정의학과,코로나 증상 미각상실,안녕하세요 일주일 전에 하루 이틀 열이나다가 약을 먹으니 열이 떨어지고  계속 증상이 바뀌다가 오늘 키트 검사로 양성이 나왔습니다      일부터 오늘까지 일주일이 지났는데 틈틈히 병원가서 PCR검사도 하고 집에서도 검사를 했는데 계속 음성이 나오다가 이렇게 양성도 나올 수 있나요   또 어제부터 냄새와 맛이 느껴지지 않습니다   무엇을 먹어도 식감만 다르고 음식의 주요 맛이 느껴지지 않습니다   그나마 느껴지는 건 약간 달다 짜다  음식의 맛이 안 느껴지니 너무 무섭고 음식 맛이 그립습니다   만약 코로나가 완치된다면 미각도 빠르게 돌아올까요  혹은 사례 중에 미각이 돌아오지 않을 경우가 있나요 ,가정의학과
티눈이 점점 퍼지는것같아요  다 제거해야되나요 ,어렸을때부터 양쪽 발바닥 앞꿈치 중간에 티눈이 있었습니다  티눈도 유전인지  엄마랑 똑같은자리에 생기길래 예전에는 그냥 신기해만하고 넘겼습니다  너무 오래되서 이미 깊은 티눈입니다   근데 그이외에 헬스장을 다니기시작한지  년째인데 헬스를 시작한이후로 티눈이 원래있던곳 말고 그주변으로 앞꿈치 엄지발가락쪽 으로 새로 생기기 시작했는데 점점 많아져서 걱정입니다  그냥 두면 원래 있었던 티눈처럼 깊어지고 두꺼워질까봐 제거하긴 해야될것같은데 병원에서 제거하는것도 한번에 안되고 돈만 많이든다고 들었습니다   병원에서 제거하면 새로생긴 티눈들은 대략얼마정도 나올지  번거롭겠지만 집에서 약바르는게 나을까요  원래 이렇게 티눈이 잘생기는 체질인걸까요 ,가정의학과,코로나 증상,제가 지금 목이 아플랑 말랑하는 상태이고 후각은 원래의   퍼센트만 맡아지고 미각은   퍼센트만 느껴져요 코막힘은 없고 그냥 평소보다 후각과 미각이 조금 저하된 느낌이구요 자가진단키트는 음성이 나왔습니다 콧물은 조금 나옵니다 혹시 지금 이 계절에 유행하는 감기나 그런걸까여 아니면 코로나 인거같나요 ,가정의학과
TBPE검사,간호조무사 시험을 보고 나서 가채점후 합격이길래 건강검진을 받아야한다해서 동네 종합병원을 가려고 하는데요 제가 지금 방광염때문이 처방약을 먹고있어요 검사할때 소변검사한다고 무슨 약 먹으면 안된다고 하던데 제가 먹고있는약은 문제가 없을까요 ,가정의학과,코로나 확진 후 기침,제가 코로나   확진이 되었는데요    열이나 오한같은 코로나 증상들은 싹 다 나았는데 기침만 점점 심해지고 있어요    코는 원래 비염이 있어서 막힘이 더 심해졌고요    이제  일뒤면 자가격리 해제인데 그때까지 기침이 계속 되면 어떡하나요   일차랑  일차에는 약을 먹으면 기침도 전혀 안 났는데 이제는 약도 아침 점심 저녁으로 먹고 있는데 더 심해지기만 해요     일째 먹고 있습니다  이러면 자가격리가 풀려도 밖에 나갈수 없나요  기침 멈추는 방법같은 거 없을까요 ,가정의학과
항생제 먹으면 코로나 항체 안생기나요,제가 목감기인줄 알고 병원갔다가 항생제 처방받아서  일동안 먹다가  갑자기 확진됬는데요   항생제 먹으면 코로나 항체가 안생긴다는 썰이 있던데  진짜 안생길까요    일동안 먹었는데  그럼 나중에 코로나 낫고도 이후에 또 걸릴수도 있나요   ,가정의학과,코로나 양성판정자가 같은 근무지에 출근을합니다 ,회사에 양성자가 나와서 단체로 신속항원검사를 했는데 한명이 양성이 나왔는데 음성나왔다고 거짖말하고 pcr검사를 받지않고  회사에 출근중입니다  이사실을 몇명은 알고있지만 상사라 말도못하고 있습니다  어떻게 해야올은건지요 ,가정의학과
코로나검사음성,오늘 인후통 열    도 있어는데 의심증상있어서 했더니 음성인데 안심할수있나요  병원가서pcr  시간소요 되나요  보건소로 가야하나요 ,가정의학과,조현병은 스스로 자각 못 하죠 ,제가 했던 생각들이 다 망상이었음을 들었던 소리가 실존하지 않았음을 알게 됐는데 조현병 증상과 맞아 보여서 걱정했어요 하지만 저 문장도 똑바로 제대로 구사하고 있고 만약 조현병자라면 스스로가 자각하지 못 하겠죠  제가 이런 생각이 든다는 것 자체가 조현병이 아니라는 증거겠지요 ,가정의학과
뒷구리살빼는법 좀 알려주세요,살이 많이 쪄서 도저히 안될거 같아서 살 뺄려고 하는데 뒷구리살이 겁나 안빠지네요  자꾸 팬티가 접히는데    뒷구리살빼는법으로 시술 고민중인데 시술 받으면 확실히 효과가 있긴 할까요 ,가정의학과,미열이 지속됩니다   , 주째 계속          의 미열이 나고 있습니다  코로나인가 싶어 병원에 가 검사도 받아봤는데 코로나는 아니였습니다  열 말고는 다른 증상도 없고 목도 안아프고 콧물도 안납니다  병원에서는 좀 지나면 괜찮아질거라 했는데 나아지지는 않고 계속 종합 감기약을 먹었는데도 열이 내리지 않습니다  병원에서 따로 약을 주지않아 약국에서 사와 먹었습니다 어떡할까요 ,가정의학과
코로나 재감염,안녕하세요 고 학생입니다  월   일에 코로나 확진판정 받고  월  일에 격리 해제되었는데요   주간 증상이 하나도 없다가 오늘 다시 두통  목 부음  기침  열등의 증상이 나타났습니다  주변에 확진된 사람들은 친구들  명정도와 가족들이 최근에 격리 해제되었는데 재감염일수도 있울까요  재감염이라면 재감염인지 아닌지 어떻게 확인하나요  ,가정의학과,턱선 살리는 법좀 알려주세요    ,어지간히 턱선이 거의 안 살아나서 고민인   대 남자입니다   현재    cm   kg정도 되는데요   턱선이 진짜 저보다 키가    cm 더 작고   kg이상 많은 사람들 보다 제가 더 턱선이 훨씬 없어서 고민 입니다     몸은 괜찮은데 유독 턱  볼  얼굴쪽이 심해요   진짜   kg이하까지 빼야 겨우 다른 사람들이랑 비슷하게 되는 수준인데   그러면 무게가 너무 줄어서 좀 그렇더라구요   특정 부위 살 빼는 방법은 지방흡입 외에 거의 없다는데 더 빼는거 말고 방법이 없을까요   ,가정의학과
팍스로비드  일치만 먹어도 되나요 ,팍스로비드  일치만 먹어도 될까요    일치정도 먹고 안먹어도 부작용은없겠죠 ,가정의학과,발톱 멍 곰팡이 질문 사진 주의 ,열흘 전쯤 발톱이 눌린 상태에서 오래 걸어서 엄지발가락에 멍이 들었는데 오늘 보니까 사진처럼 징그럽게 푸른 점  같은 게 여러 개 보이는데 그대로 둬도 괜찮을까요     아프거나 하진 않아요      곰팡이인가요   그냥 피멍인가요      ,가정의학과
팔뚝지방흡입 해볼까 하는데요 ,지금 날씨가 풀려서 살빼고 있는데 팔뚝살이 안삐져서 같이 좀 빼볼려고요 그래서 팔뚝지방흡입을 해볼까 하는데 괜찮을지    아니면 지방분해주사가 더나을지 고민되네요  효과 괜찮다면 비수술로하는 지방분해주사가 나을거 같은데   ,가정의학과,물 많이 마시면 살이 빠진다고 하는데,저는 오히려 물을 많이 마시면 몸  얼굴이 붓는 거 같아요 겨울에 특히 손발이 많이 찬 편이긴 한데 이와 관련이 있나요  물 많이 마시는 게 몸에 안 받는 사람도 있나요   L  L 정도 마시고 있습니다 ,가정의학과
감마티지피   이되어야정상인것같은데,부모님건강을 받으셨는데 감마티지피   이되어야 정상인것같은데 간 질환 의심으로 결과로 나왔는데   이면 심한상태인가요,가정의학과,코로나 의심증상,열은 안나는데 코가 미칠 듯이 간지럽고 예민하고 재채기가 자주 나오고 콧물 가래가 많이 나오는데 코로나 일 수도 있을까요   ,가정의학과
자가키트후 목아픈게 맞나요 내공  ,내일 학교가야해서 자가키트로 검사를 했는데 원래는 증상이 없었는데 검사후 목이 아프네요 원래 이런건가요 ,가정의학과,코로나 완치될 수 있나요   ,확진받고 하루가 지날수록 증상이 하나씩 늘어요   약 처방받고 두통은 나아졌는데 이제는 가래때문이 목이 너무 아파요 목소리도 제대로 안나오고요 앉아서 뭐 먹으려고 하면 속 울렁거려서 못먹겠어여 이거 정말 완치되는거 맞아요     가습기라도 있으면 좀 나을까요 약먹기전에 증상은 설사빼고 다 있었어요  차까지 맞았는데  ,가정의학과
몸이 이상한 것 같아요   ,  대 중반에 아무 것도 못 갖추고 가정을 꾸려   현재는   대 직장인이며 가정이 있고 대학원 박사과정 중에 있는 남성입니다  다름이라니라 몸에 이상징후가 계속 되어 이렇게 글을 남깁니다   외적증상은 머리 왼쪽 전체가 간헐적 두통과 소름 이라고 해야하나요  머리카락 하나 하나가 쭈뼛쭈뼛 거리는 상황이 있구요 점점 간격이 짧아지는 것 같습니다  그리고 목 뒤도 자주 통증이 있습니다   그리고 이 부분은 내외적 증상인데  대화를 할 때 집중의 흐름이 끊기는 느낌을 받습니다  선택적 단어만 캐치를 한다거나 제대로 대화를 못해 가족과도 사소한 다툼이 있습니다     그리고 직장에서나 집에서나 뭔가 해야할 일을 하는데 산만하다고 느껴질 정도로 여러 업무나 상황이 겹치면 놓히거나 까먹거나 해서 불필요한 동선이 생기거나 시간 소모를 하는 일이 잣아졌습니다     제가 집중을 못하는 건지    예전에 비해 이상하네요      건강 고수님들이나 선생님들께서 저 좀 도와주세요   ,가정의학과,디에타민 일주일에 얼마나 빠질까요 ,급하게 동창 친구 결혼식이 얼마 안남아서    디에타민을 처방 받았는데 일주일에 얼마정도 빠질까요     주 복용 예정이에요,가정의학과
편도염인거 같은데 방법  없을까요   ,이번에 코로나 확진이 돼서 격리하고 있는 사람입니다 근데  일전부터 침만 삼켜도 목이 죽을거같이 아프고 가만히 있어도 귀 안쪽에서 피가 나올 거 같고 목도 통증이 심한데 격리라 병원도 가지 못하고 있습니다 방법이 없을까요    ,가정의학과,갑상선 문제인가요 ,제작년에 스트레스를 너무 받았었는지 편도가 심하게 부었었데요 병원을    군데정도 갔는데 다그랬어요  그때 저는 편도 부었을때 물 삼키는거 조차도 힘들었고 밥먹는거 조차 힘들었어요 근데 그이후로 밥먹는거까진 괜찮은데 편도 붓고나서 그 이후로 아직도 물 삼키는게 힘들어요 물을 한번 마실때마다 너무 벌컥 마시게되고 목 안쪽에 뭔가가 막힌느낌  침삼킬때도 침삼키는게 힘들네요   병원을 가봐야되는건 아는데 결과가 안좋게 나올까봐 무서워서 못가고있어요   이런증상 아시는분 있으신가요 ,가정의학과
남자친구 건강,남자친구가 건강검진을 하다가 조금 문제가 있어 다음주에 위내시경  정밀검사를 해요 여자친구로써 해줄 수 있는게 뭐가 잇을까요  그날 전화도 해주고 또 머가 잇을까요 ,가정의학과,코로나 확진,올해 고 이 된 여학생입니다  학교를 이사가게 되서 멀리오는 바람에 전부 새친구 들을 사귀게 되었어요  그래서 지난주  일 동안 반 친구들이랑 친해져 가는 게 너무 즐거웠고요   근데 제 가족 중에 확진자가 생겨버렸고 전 백신을 안 맞아서 학교를 못 가요  pcr 검사도 내일쯤 가능하고요  학교를 못 가는 사이 친구들과 멀어지거나 소외될까 무섭고  내신이나 성적에 문제가 갈지도 무서워요   전 어쩌면 좋죠    ,가정의학과
진통제 교차저방,중 딸이 코로나확진으로 병원 비대면 처방으로 로노펜정 저녁 시에먹였어요  그런데 어제처럼 새벽에 열나고두통으로 잠설칠것같아  약국에서산 크린탈정 자기전  시에 한알먹였는데  괜찮나요,가정의학과,코로나 검사 자가키트 양성,머리아프고 목 쉬고 열나고 몸살인가 하고 혹시 모르니까 자가키트 그거 검사 했는데 양성  줄 나왔는데 지금 바로 보건소에 연락해야하나요  아님 내일 ,가정의학과
겨드랑이 멍울,오른쪽 겨드랑이에 났어요  움직이면 아프고 누르면 아파요  오른쪽 갈비뼈도 아픕니다 멍울이 나는 이유와 치료법 알려주세요 ,가정의학과,코로나 열만,제가  차접종 까지 마친 중학생인데요  어제 부터 열이 거의   도 까지 나는데 진짜 정신도 멀쩡하고 가끔 힘들고 목은 전혀 안아프거든요  그래서 자가키트 검사했더니 음성 나왔는데 코로나 말고 감기일수도 있는거죠  입맛이 없는것도 절대 아니고요  그냥 열만 나요 ,가정의학과
코로나증상인가요   ,어제부터 목이 좀 심하게는아니고 불편할정도로 칼칼하더니 오늘하루종일 감기약을 먹어도 칼칼한게 안낫고 종일 피로하고 갑자기 속이안좋아질라하면서 헛구역질을해요   ,가정의학과,제 발이 지금 거의  년째 이런데 발톱은 멀쩡한거 보면 무좀은 아닌거 같다고 그러는데 뭐 때문에 낫지를 않을까요  ,제 발이 지금 거의  년째 이런데 발톱은 멀쩡한거 보면 무좀은 아닌거 같다고 그러는데 뭐 때문에 낫지를 않을까요  ,가정의학과
어지러움증상,근  년동안 머리가 계속 어지러운데 딱 오후  시쯤부터  시까지만 매일 어지러워요  이유가 멀까요    열은 정상인데 어지러움이 심각하게는 아니에요       타이레놀 먹어도 다음날에 또 어지러워요    ,가정의학과,배꼽때가 돌덩이처럼 박혀있어요,배꼽때가 일반 배꼽때가 아니라 뿌리깊이 박혀있다고 해야하나요      예전에 로션발라서 뽑아보려다가 아랫배가 찌릿하고 아파서 포기했었습니다      대인데 배꼽때 꼈다고 피부과가기도 솔직히 조금 창피한데    이대로 두면 더 안될 거 같아서 병원에 가보려합니다  병원에서 이상하게 안보겠죠     내과 말고 피부과가는게 맞나요 ,가정의학과
헌혈 c형간염 항체 양성,제가 헌혈을 했는데요 검사결과가 c형간염 항체가 있다고 나왔어요  그래서 피를 혈액본부에서 재검을 하니 양성이 또 떠서 폐기했다고 하더라고요  그럼 저는 c형간염 항체가 있는 건가요  제가 도저히 이해가 안 가서 종합병원에 가서 c형간염 검사를 받았는데 거기서는 음성판정을 받았거든요  그거는 효력이 없나요  효력이 있다면 적십자사에 정정신청이 가능하나요  나이가 아직 어려서 좀 심란해서 지식인에 물어봅니다   ,가정의학과,오미크론인가요,  갑자기 몸에 소름이 돋으면서 걷는것도 힘들어짐 잘때    아침에 일어나자마자 목이 매우 아팠음  지금은 많이 나아짐   열을 재진 않았는데 열감 느껴지다가지금은 잠잠해짐   근육통이 오한이 들때 수반되었음  지금은 양호해짐   자려고 누웠는데 코 막힘증세    경미한 두통때문에 잠이 안옴   목 금요일    일전  학원쌤이 코로나확진을 받음  근데 맨 앞자리라 거의 밀접수준임   이 모든증세는  월  일 즉 어제부터 시작됨   이거 코로나 확실할까요     일전 항원검사   월 일 자가키트로는 음성 떴습니다 ,가정의학과
코로나 토,밥 먹은 직후 먹고있는중에 토가 나오려고 해요 코로나 걸린지 오늘부로 이틀째인데 원래 이렇게 토가 나오려고 하나요  빈속으로 있으면 안될 것 같아서 더 챙겨먹으려고 하는데 토가 나오려고 해서 미치겠네요 블랙아웃도  번 있었고 위중증은 아니겠죠 ,가정의학과,갑자기 오한이 심해요,신랑이 갑자기 오한이 심하네요 부들부들 떨고 춥다네요 열은 미열정도 인것같은데   우선 타이레놀한알먹었어요 꿀물도 한잔마시고요 어떻게해야하나요 ,가정의학과
쌍커풀이 갑자기 없어질수 있나요   ,제가 원래 쌍커풀이 있는 사람인데  일에 눈이 부어가지고 쌍커풀이 없어졌는데 일시적으로 이런건가요   아니면 갑자기 사라지는 경우도 있는건가요   ,가정의학과,외이도염있고  만성비염있도 있어요,목이 너무 아프네요 따끔거리고 잠을 못자겠는데 인두염인가요  아님 외이도염때문에 그런건가요 ,가정의학과
혈액 검사 관련 질문 하나 드릴께요 BUN   Creatinine ratio ,안녕하세요 혈액검사 관련해서 질문하나 드립니다   사진 첨부처럼 BUN   Creatinine ratio가 지속적으로 조금 높게 나오는 수준인데     BUN   Creatinine ratio가 몸 어디 부분이 안좋아서 수치가 지속적으로 높게 나오는건가요      해당 수치를 낮출려면 어떤 운동 또는 식이요법을 하면 좋을까요      이정도 수치면 많이 높은 편인가요 ,가정의학과,코로나 pcr검사 음성   아내는 양성,아내랑 밀첩접촉자인데 pcr검사 아내는 양성 저는 음성 나왔습니다 증상은 둘이 비슷하게왔고 저도 오한 두통 기침 목아픔이 있었고 아내도 증상은 비슷한데 코막힘이 심했어요 아내먼저 pcr검사 받고 양성 나와서 저도 받아보니 음성이더라구요 제가 후에 또다시 증상이 나타날수 있나요   아니면  차까지 맞아서 괜찮은건지   ,가정의학과
백신 관련 급해요  ,백신  차를  월 후반 쯤 맞았는데 맞고나선 근육통 말고는 별로 없었는데 갑자기 저번주 수요일  부터 가슴 윗부분이 답답한 증상이 있는 거에요 너무 무서운데 이거 어떡해요  만약 병원 가면 어디로 가야하나요    ,가정의학과,사레에 자주걸리는 이유,아버지가 최근에 사레에 자주걸리시는데 물마시다가나 뭐 드시다가 그러세요  항상 목에 뭔가 가레  같은게 걸린듯이 기침도 자주하고 사레 한번들리면 진짜 숨이 넘어갈듯이 괴로워하시는데 혹시 어떤 질병과 관련되어있을수도 있나요  관련된 검사 받을수 있는건 어떤게 있을까요   담배를 오래 피시긴 하셨어요 ,가정의학과
뱃살지방분해주사 맞아볼까 합니다 ,진짜 뱃살은 징그럽게 안빠지는거 같아요   다이어트도 해보고 운동도  해봤는데  다른 곳은 어느정도 빠지는데 뱃살만 꿈쩍도 안합니다    그래서 뱃살지방분해주사 알아보는 중인데요  진짜 효과가 있을까요   뱃살지방분해주사 직접 맞아보신 분만 효과 봤는지 답변 부탁드릴게요  ,가정의학과,코로나 확진자 질문입니당    ,한 사람이 코로나 확진이 된 후 증상이 없다가 다른 한 사람에게 옮기고  코로나가 옮은 사람이 먼저 코로나 증상이 나타나고 그 후에 확진증상을 보일수도 있나요   그러니까 확진이 되었는데 잠복기가 달라서 먼저 확진된 환자보다 옮은 확진자가 먼저 코로나 증상을 보일수도 있나요   저희 형이 먼저 걸리고 제가 걸린 거 같은데 증상이 제가 먼저 나타났고 다음 날 저희 형이 나타났습니다   저는 어디 돌아다니는데도 없고 저희 형은 맨날 술 마시러 다녔는데 저한테 옮았다고 그러니 너무 억울해서 그렇습니다 ,가정의학과
안녕하세요 외부 충격으로 인해 멍이 자주 생기는데 나중에 건강에 문제가 생기나요  피멍이 자주 들면 몸에 어떤 영향이 생기나요 ,안녕하세요 외부 충격으로 인해 멍이 자주 생기는데 나중에 건강에 문제가 생기나요  피멍이 자주 들면 몸에 어떤 영향이 생기나요 ,가정의학과,코로나 걸려서 운동을 못하는데 식단만 해도 되나요 ,제가 코로나 확진판정을 받았는데요  코로나 확진 전까지 일주일간 고삐 풀린 망아지 마냥 엄청나게 먹었거든요   먹은만큼은 못 태워도 운동량 제 기준에서 빡세게 했는데 오늘도 많이 먹었는데 검사 결과 나온거 보니까 확진이라네요   오늘 운동을 못하게 생겼는데 어떡하죠    내일도 컨디션 보고 해야할 것 같은데 내일부터 식단이라도 하면 좀 덜 찔까요   ,가정의학과
코로나확진 후 역학조사에서 기저질환 관련 질문있습니다 ,오늘 코로나 확진 판정받고  역학조사하라고 문자를 받았는데요  기저질환 관련해서 질문이 있습니다      약   년전 갑상선암 진단받고  전절제 후 꾸준히 갑상선호르몬제를 먹는 중입니다     알레르기성비염이 있습니다   요  가지 사항도 기저질환 있는것으로 체크하는걸까요  없음으로 체크해도 되는걸까요   보건소나 질병관리청이나 모두 전화를 안받네요 ,가정의학과,오미크론 기침 언제까지 하나요,오미크론 코로나  확진 판정받은 지  일째 되는 사람입니다  증상은  일째구요  인후통도 많이좋아졌고 열도 안나는데 기침이 계속나요  기침이 너무 많이 나오니까 그냥 생활이 너무 부족해서 힘든데 혹시 기침은 언제까지갈까요  다음주에 개강이라 학교에 가야하는데 자가격리해제가 되어도 기침이 나오면 어떡하죠    혹시 기침에 좋은 약 추천 해주실 수 있을까요 ,가정의학과
  세 고혈압 코로나 환자,     코로나 확진  기침  가래  근육통 o 인후염  고열    산소포화도  일차         일차 현재       유지  보건소 지정 병원 코로나 약 처방받고  회 복용 후 어제부터 갑자기    대로 혈압상승  약 복용 중지  오늘 아침        대 혈압유지  점심    대  상담요청      혈압이 어느정도까지 올랐을때 입원치료 응급실로 이송해야 하는지     산소포화도 수치가 몇  일 때 입원치료 응급실로 이송해야 하는지,가정의학과,코로나 밀접접촉자,이번주 수요일 학교에 갔는데 제 앞자리 친구가 금요일에 확진판정을 받았는데요 밥 먹을때 말을 하지 않았고 가림판이 있었고 환기가 되고있는 상황에서 저는  분 정도만에 빨리 밥을 먹고 마스크를 썼어요  그 친구가 수요일에 학교 끝날때즈음 자기 언니가 확진판정을 받았다고 말해주더라고요   그래서 그 친구는 그 다음날부터 학교에 안나왔는데 혹시 제가 아직 아무 증상도 없고 접촉한지  일째 되었는데 제가 지금 잠복기일수도 있을까요   또 양성이 나올수도 있을까요     저는 kf  를 썼고요 그 친구는 일반 마스크를 썼어요 ,가정의학과
지방간 관련 질문,눈자위가 노란색이면 지방간이라는데 저도 아주 야아악간 노란 것 같아서요    지방간일까요    당뇨 위험에 비만이긴 해요 근데 애매한 게 요즘 다이어트도 하고 있구 단 것도 전보다는 정말 많이 줄이고 물도 많이 섭취하고 있거든요  하루 삼 리터 정도   진짜 지방간인가여 ,가정의학과,코로나 확진후 증상,저희엄마가 코로나 확진 끝났는데 계속 심하게 기침하는데 코로나증상인가요 엄청 심하게 해서 다른병인지 코로나증상인지 모르겠어요,가정의학과
부모님 비타민D 부족인데 건강식품 vs 전문의약품 어떤게 나을까요 ,안녕하세요   최근 부모님 건강검진을 시켜드렸는데 비타민D 수치가   로 나왔습니다   수치가   부터 정상범주더라구요   고민인 부분은 이렇습니다      비타민 D 건강식품을 구매하여 드리는게 나을지      내과 방문하여 의사선생님께 비타민 D 전문의약품을 처방받아 복용하는게 나을지   아시는 분은 답변주시면 정말 도움이 될 것 같습니다   감사합니다 ,가정의학과,위염인가요 ,어제 오전에 법먹고 나서 부터 속이 안좋아서 그냥 자바렸는데 일어나니깐 속이 울렁거리고 토할거 같고 몸에 힘도 안들어가고 살짝 미열도 나서 가스활명수랑 이지앤프로식스 한 알 먹고 그 뒤로 한   분 후부터 막 속이 타드러가는거 처럼 속이 너무 쓰리고 잠도 잘 못잘정도로 쓰렸다가 새벽엔 배도아프고 계속 꾸르르륻 소리나고 오늘은 오전에는 좀 괜찮다가  시쯤 부터 머리가 아프고  시쯤에 닭가슴살 먹고 아플땐 맛있는거다 하면서 딸기라떼랑 크로플 시켜서 먹는데 또 속이 너무 않좋아져서 원래라면 다 먹을양인데 절반정도 씩 겨우 먹고 앉아있는데 속이 울렁거리고 약간 어지럼길래  시간 정도 자고 일어나니깐 누워있으면 괜찮은데 일어나면 토할거 같아요  코로나 검사는  번 했는데 모두 음성이였어요,가정의학과
위산과다때문에 검사맡을려는데 이거는 위내시경으로,검사맡아야하나요 ,가정의학과,코로나 확진자 화장실에서 환풍기 키면 안되나요 ,다른 세대로 바이러스가 유입되거나 그런 일이 생기지는 않나요     ,가정의학과
총콜레스테롤,헌혈하고 피검사 결과 받았는데 총콜레스테롤 수치가    미만이 정상인데 딱    이 나왔더라구요     만  세인데 총콜레스테롤이    이면 높은 수치 인가요   높은거라면 높게 나오는 이유가 뭐죠  아빠가 고지혈증이 있으시고 콜레스테롤 수치가 높으 신데 유전적인 요인일까요   찾아보니 비만이 요인이 되기도 하는거 같은데 저는    에    정도로 비만은 아니고 오히려 마른편입니다       피는 정상수치 살짝 벗어난건데   버려지나요  저 정도는 그냥 쓰나요 ,가정의학과,코로나 치료,저희 어머니께서 연세가 좀 있으신데   세   월   일쯤 부터 많이 아파하시더니  월  일에 코로나 확진을 받으셨습니다 그런데 지금도 너무 힘들어 하시구요 백신은  차까지 모두 맞으신 상태입니다 병원 입원치료를 여쭤보니 병원에선 받아주지 않는다고 하시구요 혹시 입원치료를 받거나 할 수 있는 방법이 있나요 ,가정의학과
산소포화도가    인데 괜찮은건가요  코로나확진되고 해제된지 일주일이 지났습니다  그런데 갑자기 어제부터 기운이 없도 현기증이 나고 머리가 핑핑,산소포화도가    인데 괜찮은건가요  코로나확진되고 해제된지 일주일이 지났습니다  그런데 갑자기 어제부터 기운이 없도 현기증이 나고 머리가 핑핑돌고 계속 미열이 있습니다     이구요    오른쪽눈이 안구건조증이 있긴한데 좀 뿌옇게 보여요,가정의학과,LDL 수치 다이어트,올해   살인 여성입니다  키는      몸무게는   키로정도 됩니다  이번에 건강검진을 받았는데 총 콜레스테롤 수치가    이라고 하더군요   LDL만    이고요   비만도 아니고 술도 잘 안 마시고 군것질도 잘 안 하는데 의사선생님도 도저히 설명이 안 된다며 일단 운동을 늘려보라고 하시긴 하셨습니다  최근 약  달정도 다이어트를 하긴 했습니다  기초대사량 부근으로 먹었구요  한 달에 한 번 정도는 좀 많이 먹은 날도 있습니다만  그게 지속되지는 않았습니다  식단은 군것질 거의 안 하고 탄수화물도 거의 안 먹었고 닭가슴살  두부  요거트  샐러드 등등 지방도 굉장히 적게 먹었어요  기름진 음식을 많이 먹었으면 모를까 혹시 이렇게 많이 안 먹는 게 콜레스테롤 수치를 높일 수도 있는건가요 ,가정의학과
B형 간염  차 예방접종과 코로나확진 관계 질문드려요 ,안녕하세요    대 남자입니다   지난해 말 건강검진 시 B형간염 항체가 없다는 결과가 나와서  그전까지는 미약하게 있다고 나옴    월  일경 B형 간염  차 예방접종을 하였고   월  일  차 예방접종을 할 예정이었습니다   그런데   월  일경 코로나 확진판정을 받아  월  일 B형간염  차 예방접종을 하지 못하였고   월   일 금  현재까지도  차 예방접종을 하지 않고 있습니다   격리기간   격리후  주일 정도는 몸상태를 지켜봤음   현재 전혀 몸에는 이상이 없는 상황인데     내일인      토 에  차 예방접종을 맞아도 될까요      원래  차와  차의 간격이 한달로 알고 있는데  주정도가 된 상황입니다  그래도 괜찮을까요      이왕 이렇게 된거 몇 달 더 지켜보고  차부터 다시 맞을까요    의사 선생님 답변 주시면 정말 감사하겠습니다 ,가정의학과,손목 체육시간,체육시간에 하키를 하다가 거의 날라가면서 넘어졌거든요    체육 할 때는 괜찮았는데 시간 지나니까 갑자기 손목이 살짝 떨리면서 폈다 쥐엇다 할 때 아프고 뒤로 살짝만 꺽어도 아프고 앞으로 꺽어도 아프고 진짜 연필만 들어도 아픈데 뭐죠 뼈에 문제가 있는 건 아닌 것 같은데 인대에 문제가 있는건가요    꼭 병원 가야하나용   ,가정의학과
발톱이 빠질려해요,발톱이 흔들리고 아프진 않는데 어떻게 해야하나요  당겨서 뽑으면 아플까요  양쪽 발이 다 그런데 무좀때문인가요 ,가정의학과,코로나 확진 소독,아기랑 저랑 둘이 코로나 확진이 되어서 자가격리중 입니다 요즘에는 소독도 안해주신다해서 집에 있는 소독제를 뿌리고 있긴 한데 빨아서 제손으로 접어 서랍에 넣은 옷들과 냉장고속 안건들인 반찬들이나 이런것들은 어떠케 소독을 하거나 소독제를 겉에 뿌리면 바이러스가 다 죽어서 일주일 뒤 먹어도 되고 입어도 되는건지 아니면 손이 안 닿았어도 버리나요,가정의학과
뱃살지방흡입 많이 아플까요   ,뱃살이 너무 많아서 스트레스입니다   다른 곳은 그래도 좀 마른 편인데  뱃살이 너무 거슬리네요    그래서 뱃살지방흡입 알아보는 중인데요  효과는 있을까요    제가 아픈걸 잘 못참는 편이라   많이 아플지도 궁금하네요   뱃살지방흡입 해보셨거나 잘 아시는분 있으면 답변 부탁드리겠습니다  ,가정의학과,코로나 입원하는 법,코로나에 걸렸는데요 가슴통증이 있어서 폐렴이든 뭐든 검사 해보고 싶은데 어떻게 하면 될까요  보건소에 말하면 입원을 시켜주는건가요   입원하는 경우가 궁금합니다    가슴통증 검사만이라도 못받을까요 ,가정의학과
뱃살지방분해주사 효과가 어떤가요 ,진짜 뱃살이 다 분해되면서 쏙 들어갈까요    제가 뱃살만 빠지면 체형은 좀 괜찮아질거 같은데 다이어트로는 너무 어렵네요    뱃살지방분해주사 맞으면 효과가 드마라틱하게 볼 수 있을지    그리고 뱃살지방분해주사 맞으려면 어떤걸 알고 있어야 하는지도  전문가님께서 알려주시면 정말 감사드리겠습니다   ,가정의학과,골밀도 검사,안녕하세요 골밀도 검사중 모르고 주머니에 휴대폰을 넣고 촬영했는데요  사진에는 찍히지 않았다고 하셨는데 소지한 휴대폰이 건강상 유해한 영향을 줄 수도 있을까요 ,가정의학과
얼굴살빼는법 급한데요,최근에 얼굴살이 너무 많이 붙어서 얼굴살빼는법 찾아보고 있습니다  얼굴살빼는법 혹시 정말 효과적인 방법이 있을까요  급해서 질문 남깁니다,가정의학과,얼굴지방흡입 고민됩니다,곧 결혼을 앞두고 있는데  사진을 찍어보니까 옆에 얼굴살이 너무 보기 싫더라구요   얼굴지방흡입 하면 괜찮다고 해서 알아보고는 있어요  혹시 결혼식이 한달정도 남았는데  괜찮을까요  얼굴지방흡입 해보신분 계시나요  ,가정의학과
코로나 걸렸었는지 검사받을 방법도 있나요 ,무증상 혹은 가벼운 감기 증상으로 넘어갔던 경우에 내가 코로나에 걸렸었는지 확인할 수 있는 방법도 있나요 ,가정의학과,초등학생 코로나 증상,안녕하세요 저는  학년이구요 초등학생입니다  수요일 오후에 실시한 코로나검사키트로 음성나왔고요 어제 저녁부터 머리도좀 아프고 배도아팠는데 지금은 머리아프고 따뜻하게입어도 춥고 근육통이 좀 심하고 입맛도 없고 또 뭐 먹으니까 배아파요 근데 또 열은 없어요 등교가능 한가요 ,가정의학과
코로나 증상 잠,코로나 걸렸을때 원래 잠이 많이 오나요  눈만 감으면 잠이 쏟아져요,가정의학과,아니 어제뷰터,아니 어제아침에 목이 쬬금 아팟엇는데  시 쯤 되니가 갑자기 머리도 아푸고 열도 먼가 나   는거같은거에여    근데 학원가야해서 갓는데 진자 넘나 아파서 영혼가출한상태로 공부햇다 그리고 집에와서 열재니까     도인가 그랫어요 그리고 열이 좀 떨어지고 갠차나서 언심햇는데 자고 알어나니까 열도 좀 오르고 목도 아프고 콧구멍도 막히고 난리임 hoxy  코로나 걸렷을가요  오늘 검사하긴할건디 불안  띠   ,가정의학과
코로나 확진 확인방법,안녕하세요 요즘 코로나시대에 지치며 슬슬 무뎌지고 있네요  문득 궁금한게 생겨서 지식인에 올려봅니다     만약 나도 모르게 확진됬고  무증상 이 후 완치됬다면 pcr 검사를 하면 전에 코로나 걸렸었는지 확인 가능한가요    차 백신부터는 접종하고싶지 않습니다  감사합니다   ,가정의학과,목 칼칼함 코로나 확진,제가 오늘 급식시간에 밥을 먹고 믈을 마실려고 했더니 정수기가 없어서 지금방금 물 마셨는데  아까전부터 물 마시기 전까지 기침이 나오더라구요  물 안먹어서 목이 칼칼해서 그럴까요  코로나 자가키트는 음성입니다  그리고 요즘 환절기라 콧물이 나는것도 정상이죠   ,가정의학과
백신맞고 코로나증상,저랑 하루종일 붙어있던 친구랑 어제 학원마치고 같은 증상을 느꼈고 둘 다 집가서 두번의 자가진단으로 음성이 나왔습니다 다음날 아침 저는 증상이 호전되었고 친구는 여전히 심했기에 친구는 병원에서 검사를 저는 등교했습니다  그리고 전   시에 화이자접종을 했고 친구는 양성이 떴습니다  문제는   시쯤부터 두통과 근육통 코막힘 피로 기침 아주 적은빈도  등 증상이 밀려옵니다  이러면 백신을 접종한 상황에서 코로나 신속항원검사를 해야하나요  아니면 백신을 접종해서  무조건 양성이 나와서  하는게 의미가 없나요 ,가정의학과,코로나 걸릴 가능성,남자친구랑    에 만나서 밥 같이 먹고  그 다음날인     오후부터 목이 너무 아프다고 하더니 몸살같이 아프다고 했습니다  이날 저녁 자가키트 음성  그리고 오늘     아침에 자가키트 하니 양성 나와서 PCR검사 후 확진 판정 입니다  저는 지금 아무런 증상이 없는데 걸렸을 가능성이 얼마나 되나요  ,가정의학과
친구 코로나 걸렸는데 걸릴확률,친구가 코로나에 걸렸는데 그 친구랑 평소에 마스크 벗고 지내고 얘기할때도 마스크 안쓰고 같은 병으로 물도 마셨는데 코로나 걸린 확률 높겠죠    병원에서 검사  번 하고 자가키트  번 했는데 다 음성이었어요 백신  차까지 맞았구요 만약 코로나확진인데  차백신 맞아도 되나요   증상도 목에 뭐 끼는 느낌 빼고는 딱히 없어요 pcr검사도 못하니까 잘 모르겠어요    ,가정의학과,배가 왜 아플까요, 월  일 밤   시쯤부터 배가 좀 아팠는데 자면 괜찮아질거라고 생각해서 자고 일어났더니 괜찮았는데  월  일 낮에 떡볶이 먹었는데 배가 아파서 편의점에서 약 사다 먹었어요 그냥 체한거같아서 체한약 달라고 말해서 약국에서 보라색 동그란거 여러개 들어있는거랑 초록색 병 줘서 먹었더니 괜찮아졌구요 근데 지금 또 배가 살살 아프네요 밥 먹었는데 배에서 가끔 꼬르륵 소리 나구요 윗배가 아프다 아랫배가 아프다 그런건 아니고 전체적으로 아파요    집에 속청이라는 약이 있어서 그거 먹으려고 하기는 하는데 이유가 궁금해서요  중 이고 술 안먹고 밥도 잘 먹슴당 이유 알랴주세요,가정의학과
코로나 자연치유,코로나에 걸리면 병원이나 약국에 코로나 증상 말하고 약 먹으면서 일주일 정도 격리 들어가고 끝나잖아요 일주일 동안 약 먹으면 알아서 코로나가 나아지는 건가요  다른 치료법 없이 ,가정의학과,코로나 밀접접촉자  검사 질문,제가 친구랑 어제 밥을 먹었는데 그 친구가 지금 상태가 이상해서 자가키트 해봤는데 음성나오고 신속항원검사 를 병원에서 했는데 양성이라는거에요 그래서 pcr검사하고 결과기다리는 중인데 만약 이친구가 양성이면 저도 밀접접촉자로 분류되어 pcr검사를 해야하나요  자세히 좀 알려주세요 학교를 갈수 있는건지 뭔지도    ,가정의학과
코로나 완치 후 다른 사람에게 바이러스 전파,코로나가 완치되면 항체가 생겨 재감염될 가능성이 낮다고 하는데요      또 다른 말로는 완치자가 다른 사람 에게 바이러스가 옮아 자신의 몸 속에 들어와도 항체가 있어 자신은 안 걸릴 수 있지만 그  옮은 바이러스를 다른 사람 에게 퍼뜨릴 수 있다는 이야기도 들었습니다  이것이 사실인가요      그렇다면 만약 저와 저희가족이 최근에 확진 후 완치가 되었더라도 저희 가족 중  명이 외부에서 새로 바이러스를 옮아오고 저에게 바이러스를 옮기게 되면 저희 가족은 이미 항체가 생겼기 때문에 재감염될 가능성은 낮지만 제가 친구들을 만나게 될 경우 그 친구들에게  외부에서 옮아온 전염력이 있는 바이러스를 전파할 가능성이 있나요     결론은 완치 후에 전파력이 없다 하더라도  새로운 사람에게 바이러스를 옮았다면 전파력이 있는 바이러스를 가지는 것이 아닌지 궁금합니다 ,가정의학과,코로나인가요  ,기침나고 목이 살짝아파요 자가키트로 검사 해봤는데 음성이예요 목감기랑 코로나랑 너무 헷갈려요 ,가정의학과
코로나 격리 후 바이러스 전파,코로나에 걸렸다가 내일 일주일이 지나 격리가 해제되는데요   내일 학교를 가야하는데 아직까지 기침이 나오고 목이 살짝 아프고 가래가 낍니다  이상태로 내일 학교를 가도 친구들한테 전파가 될까요   기숙사학교라서 내일 저녁에 기숙사에서 자야하는데 같은방 친구들한테 피해를 끼칠까봐 걱정됩니다 ,가정의학과,Pcr 검사 아픈가요 ,가족중에 확진자가 있어서 pcr을 받아야 하는데 pcr 많이 아픈가요    ,가정의학과
집에서 저 혼자만 코로나 확진돼서 격리중인데 손하나 까딱안하고 엄마만 부려먹는다고 엄마가 화내요  나와서 택배상자 치우고 제가 먹은거 제가 치우,집에서 저 혼자만 코로나 확진돼서 격리중인데 손하나 까딱안하고 엄마만 부려먹는다고 엄마가 화내요  나와서 택배상자 치우고 제가 먹은거 제가 치우라고 하는데 제가 마스크 끼고 손 소독하고나서 설거지하면 괜찮을까요  괜찮으면 냉장고에서 음식 꺼내서 알아서 챙겨먹으려고요 ,가정의학과,자가키트 했는데,너무아파서 그냥 바로뺏거든요  근데 넣어야하는 위치 절반도못넣은거에요 그래도 다시넣기에는 찝찝해서 용액 떨어트려보고결과봤는데 한줄이에요 그래도 다시해야겠죠    넣으니깐 코두곳에서 투명콧물 나오고 장난아니에역  ,가정의학과
제 동생이 아파요,여동생인데 pcr검사 결과 양성입니다 저와 엄마도 양성인데 저는 기침 말고 증상 없고 제 동생이 지금 열이   도에요 속도 울렁거린다고 하고 헤열제는 먹였고 옷은 시원하게 벗기고 있어요 도와주세요 제 동생 많이 아파요 진짜 도와주세요,가정의학과,코로나   입 상처,안녕하세요   살 남성 코로나 확진자  확진  일째  입니다   제가 음식을 먹다가 입안을 깨물어서 상처가 세게 났는데요 혹시 코로나 바이러스가 상처에 들어가서 큰 후유증이 남을 수 있나요    혈관쪽이나 머리나   걱정이 많아서 질문드려요  ,가정의학과
코로나 증상 있는데 음성,동생이 양성인데 전 음성이엇어요 근데 어제밤부터 막 목이 아프더니 오늘 아침엔 목도 아프고 근육통도 조금 잇어서 조퇴를햇는데 목도 아프고 두통도 잇고 근육통도 잇어서 신속항원 검사를 햇는데 음성이에요 ,가정의학과,지속적인 두통 및 발열, 월 초부터 지속적인 두통 및 어지러움  미열이 있어서 질문드려요  기침이나 목아픔  콧물 같은 증상은 없고 두통하고 열만 나요    일 중   일은 아침에 일어날 때부터 두통이 있고 서서히 열이 오르더라구요   타이레놀 같은 거 먹으면 괜찮아지기도 하는데 어떤 날은 약효가 떨어지면 다시 아파요  열은           사이로 나옵니다  코로나 검사도 몇 번 했는데 다 음성 나왔구요   이것 때문에 매일 누워있게 되고 집중도도 떨어져서 공부를 못하겠어요 힘들기도 하고요  아직 부모님껜 말씀 안 드렸는데 검사 같은 걸 해야할까요 ,가정의학과
다리를 쭉 뻗으며 기지개 펴면 죽을 것 같은 고통   ,다른 곳은 안그런데 유독 다리만 쭉  스트레칭하는 것처럼 발끝을 쭉 뻗으며 기지개를 펴면 양쪽 종아리가 죽을 것처럼 아파옵니다  요새 계속 그래서 정말 죽을 것 같습니다  왜 그런 걸까요  건강검진때 골다공증 위험 있다고 나왔는데 이것도 골다공증과 관련 있을까요  근데 뼈가 아픈 것 같진 않고 그냥 종아리가 통째로 빠개지는 느낌입니다  종아리가 속에서부터 폭발해버릴 것 같은 고통입니다       어느 병원에 가야하는지도 알려주시면 감사하겠습니다  ,가정의학과,코로나 샤워,얼마전에 코로나 확진받은 사람입니다  코로나 확진받았을때 샤워실을 따로 쓴다는 가정 하에 샤워를 하는것이 좋은가요  아니면 샤워를 하는 과정 중에 바이러스가 퍼진다거나 할 위험이 있을까요  고민이어서 어제 샤워를 못했습니다    답변부탁드려요,가정의학과
종아리지방분해주사 효과 보신 분 있나요  ,제가 다른 곳은 다 말랐는데 종아리쪽이 완전 무다리입니다    혹시 종아리지방분해주사 맞으면 다리가 좀 얇아질 수 있나요   정확히 어떤 효과가 있는지 알고 싶어요 ,가정의학과,신속항원 양성후 PCR음성,화요일 오후에 몸살기운 목이 조금 이상함 에 신속항원 양성이 나와서 바로 PCR받았는데 수요일에 음성이 나왔어요  그런데 열이 나고 몸살기운이 있어서 다시 PCR 받았는데 오늘 목요일 에 음성 나왔습니다  하지만 여전히 몸살기에 하루종일 열이          도 웃돌고요    지금은 목도 잠기고 따끔거리네요   요즘 코로나가 증상 발현때에는 음성이다가    일후에 양성 뜬다던데  그런건가 싶습니다      일단 음성이어서 내일부터 회사는 출근해야 한다고 하구요     신속항원이 양성이 나왔는데 pcr에서 음성이 나오고 다시 PCR검사에서 양성이 나오는 경우가 많을까요 ,가정의학과
얼굴살빼는법 좋은 방법 없을까요 ,얼굴살 좀 빼고 싶습니다  다른데는 마른편인데 얼굴만 너무  통통해서 찐만두 같아요   얼굴살빼는법 검색도 해보고 물어도보고 했는데  시술 받아보란 얘기가 가장 많긴하더라구요  진짜 시술 받으면 효과가 있나요   제가 잘 몰라서 아시면 답변 부탁드릴게요 ,가정의학과,머리왼쪽 에 온 대상포진 찜질문의,저는  이 된 남자입니다  월중순부터 시작된 대상포진이 머리왼쪽 이마에 통증이 발생해서 양평에 있는  의원에서 치료를 받았는데 심한 통증은 많이 줄었는데 밤에는 통증 심해 잠을 잘수 없어  물수건으로 온찜질을 하면 좀 편해지는데 찜질을 계속해도 괜찮은지 알고 싶어요   년전에 대상포진 예방주사도 맞았어요 답답합니다  ,가정의학과
성장기 골반,안녕하세요 이제 고 인 여학생입니다 제가 골반이 짝짝이라 걱정이에요 막 삐뚤어졌다는게 아니라 한쪽만 자랐 어요 골반뼈가 오른쪽은 여자처럼 자라있는데 왼쪽은 진짜 그냥 직선이에요 원래 성장기때 골반이 한쪽씩 커지나요 양쪽이 같이 자라는거 아니였나요  보기에도 티가 엄청나서 스트레스받으요 사실 제가 척추측만증도 좀 있어서    ,가정의학과,식도나 위장에 유리같은게 걸리면 아픈가요 ,궁금해서 그런데요  오늘 오전에 병에든 베지밀 을 다마신후 바로가 아닌    마실때는 전혀 아무 느낌 없다가     약  분정도 뒤에 명치부분에서 뭔가가 내려가며 따끔한 통증이 한번 느껴졌는데요  혹 병용기의 유리조각같은게 들어간건 아닌지     그래서 병을 자세히 봐도 따로 금이나 깨진건 없어요     그래서 혹    식도나 위에 유리조각같은게 걸리면 음식물 섭취나 물 마실때 아픈가요   점심을 먹었을때 물마실때 따로 통증같은건 없거든요 ,가정의학과
체육교사 하려고 하는데 천식 이있으면 안좋은가요 ,체육교사를 꿈꾸는 여중생 입니다  제가 얼마전부터 숨이 잘 안쉬어져서 병원을 갔는데 알레르기성 기관지염이라고 하시는데 그 후로 기침이 심해져서 천식을 살짝 의심 하고 있는데   제 꿈에 지장이 있을까요   ,가정의학과,하지불안증후근,저는   살되는 학생인데요 하지불안증후근인거 같아서요   가끔 한 한달에  번 정도 자다가 갑자기 놀라듯이 깨기도하고 자다가 미끄러지는듯한  느낌이 나기도해요 학원에서도 앉아있으면 뭔가 일어나서 움직이고싶고 뭔가 다리에 힘주어지는 느낌이 들어요  ,가정의학과
     신속항원검사,     신속항원검사에서 양성 나왔는데 따로 문자 안나오나요     확진 문자요    이래저래 필요한데 연락이 안와서요    아시는분 있으실까요 ,가정의학과,코로나 환자가 사용했던 식기,제가 코로나에 걸려서 방에만 있는데 밥을 먹고 제가 쓴 그릇을 엄마가 설거지 하시는데 엄마가 코로나 걸릴 확률이 있나요  지금 가족중에 저만 양성이에여,가정의학과
다리 발톱 글킴,원래 색이 이런가요  뭐 안발라도 되겠죠 ,가정의학과,코로나  ,저희 가족 구성원중에 확진자가 생겨서 저도 바로 검사를 하러 갔거든요   근데 항원검사랑 pcr둘다 음성으로 나왔어요 이 상황에서 개학전에 학교랑 병원에서 학교 가도 되는건가 라고 물어봤더니 증상이 없으면 가라고 하더라고요    오늘아침에 컨디션도 좋고 아무렇지도 않아서 학교에 갔어요   뭐 학교에서도 들여보내줬구요    그런데 학교 끝나고 몇시간 후부터 갑자기 머리가 너무 아픈거에요 오한도 오고 약간 열도 나는거 같고    제발 아니길 바라고 있지만 만약 제가 코로나 걸리면 오늘 학교친구들이랑 만나고 얘기도 하고 그랬는데 그 친구들한테 미안해서 어째요        죄책감때문에 미치겠어요   좀더 주의하고 가지 말걸 그랬나봐요  ,가정의학과
코로나 확진후 후유증 체중감소,제가 올해  월말에 코로나 확진되어서 기존 몸무게   kg에서 몇일뒤  kg정도 감소하여   kg  그이후 거의 한달간 기침이 계속되어서 병원가서 약먹고 기침은 없어졌는데 몸무게는   kg전후입니다  의도적으로 좀 많이 먹고 해도 좀처럼 몸무게가 증가하지 않네요   걱정스러워서 건강검진이라도 받아야하나 이러고 있습니다  비슷한 경험 있으신분들 있으신지요  걱정도 되고요  조언을 부탁드립니다 ,가정의학과,B형간염  차 맞았는데 항체 항원 없음,안녕하세요  제목처럼 직장에서 채용검진을 받았는데 B형간염  차까지 다 맞았는데 항체와 항원이 음성이라고 뜨고 예방접종을 권해드린다고 했는데 혹시 더 맞아도 상관 없는 건가요 ,가정의학과
코로나 잠복기 증상,  코로나 잠복기에도 증상이 나타나나요    잠복기에 증상이 있으면 옮길수도 있나요 ,가정의학과,비타민D주사 효과,제가 병원에서 피검사를 했을때 비티민d농도가   이 나와서 비타민디 주사와 비타민디 경구용 스프레이를 처방받았습니다  그러고 이주쯤 뒤에 간강검진때문에 피감사를 할일이 생겨서 비타민디 수치도같이 검사해서 알마전에 결과를 전달받았는데 비티민d 농도   이 나왔습니다   원래 비타민디주시맞아도 이정도밖에 안오르나요  검색해보면 한번맞으면    개월은 효과본다고하는데 저는 체감 효과도 딱히없고 실질적으로 혈중 농도도 크게 증가하지 않은거같아 질문남깁니다  주사는      IU  경구용 영양제는     IU 매일 회복용 였습니다 ,가정의학과
코로나 약 꼭 먹어야해요 ,오늘 코로나 pcr양성 판정 받았는데 꼭 약을 먹어야해요  궁금해서요  또 코로나 걸리면 귀가 먹먹해지는 현상도 있나요 ,가정의학과,남자복부지방흡입 해볼려고 하는데요 ,회사생활하는   대 후반 남자인데요 원래 체중이 좀 있었지만 요즘들어서 살이 더쪄서 옷이 안맞기 시작했어요 운동하고 식단해야지 하는데도 잘 안되더라고요  다른부위보다 배가 좀 심한데 남자복부지방흡입 하면 얼마나 효과가 좋을까요  인터넷 검색하면 엄청 좋아 보이던데      답변 좀 부탁드립니다 ,가정의학과
코로나 확진 후 치료됐는데 두통증세가 있어요,코로나 확진 후 완치됐는데 두통증상이 있는데 왜그럴까요  신속항원 검사해보면 음성이 나와요,가정의학과,코로나 질문,저와 같이 사는 친구 친한 직장동료가 코로나 확진이 됐어요 그 확진자분은  월      일에 만난 사람이 확진자였고  월  일에 코로나 증상이 나왔습니다  저와 같이 사는 친구는 금요일까지 같이 마스크 쓰고 일했지만 거의 둘이 붙어있다네요 동료가   일에 증상이 나와서 그 후로는 안봤다고 하는데 저와 같이사는 친구는 같이 밥도 먹고 자가키트는 저랑 제 친구 다 음성나왔어요 코로나 증상은 아직 없구요 제 친구가 확진자와 같이 일도하고 밥도먹었는데 오늘까지 아직은 음성에 증상도 없는데 저도 격리 하고 있어야 하나요  증상이 나와도 친구는 아마 코로나 잠복기가 있으니 늦어도 이번주 주말에나 다음주 초에 증상이 나올것 같은데 증상 나오기 전에도 음성인데 격리 해야하나요  저도 코로나 걸릴 확률이 있기는 한데 아직 음성인데 누구를 만나면 또 코로나 감염피해를 제가 주는건가요  빠르게 답변 부탁 드려요   양성도 안뜨고 증상도 없는데 잠복기때문에 아직 증상이 없는건지 음성이라 증상이 없는건지    남자친구를 만나려고 하는데 남자친구가 부모님이랑 같이 살아서 걱정이 돼서요 제친구도 아직 음성인데 제가 돌아다닌다고 해서 코로나 전염이 될까요 코로나 감염 되는게 증상이 나타나고부터 전염이 되는거죠   ,가정의학과
코로나는 아닌데 오한 등,오한이 좀심하고 또 소화도 잘 안되고 입맛도 없고 뭐 먹으면 조금 토할거같구 그래요  오늘 아침엔 물설사도 했구요 원래 스트레스 받으면 자주 아픈 편이긴 한데   왜 이럴까요 병원 가야 하나요  내과 가야 하눈 건가요 목아프거나 발열은 하나도 없어요 코로나는 검사해봤는데 음성떴구요 또 마음 편햐자는 법좀 알려주세여,가정의학과,진찰 받으려고 하는데요 ,제가 인후통 기침 가래 콧물 등의 증상이 있어서 A이비인후과에 가서 진찰 받고 약을 지어 왔습니다  그리고 여기에서 코로나 검사를 받았는데 양성 반응이 나왔습니다  바로 보건소 가서 검사받고 확진자 판정 받았습니다       주일 후에도 감기 증상이 계속될 경우  반드시 A 이비인후과로 가서 진료를 받고 약을 받아야 하나요  집 근처에 있는 가까운 가정의학과에 가서 진료 받고 약을 처방 받아도 되나요 ,가정의학과
복부지방흡입 효과 있나요 ,제가 뱃살이 좀 많은편입니다  다른곳은 마른편이라    다이어트를 굳이 하기보다는 복부지방흡입 알아보는 중인데요   복부지방흡입 시술하면 진짜 효과 볼 수 있나요   뱃살이 많이 들어가는지 궁금합니다 ,가정의학과,코로나 관련 질문,제 친구가 오늘 확진되었는데 제가 그 친구랑 일요일에 같이 밥을 먹고 놀아서 오늘 자가 진단 키트로 검사를 했는데 두줄이 나왔어요  그런데 두줄중에 t 에 있는 줄이 조금 연해서  시간   분 정도 뒤에 다시 새로운 자가진단 키트로 검사를 했는데 그때는 음성이 나왔어요 내일 보건소 가서 PCR 검사할건데 음성 나올까요 ,가정의학과
가슴에 이상한 멍울이 잡혀요,스무 살 여자입니다 하루 전부터 어딘가 모르게 가슴이 아프더니  제 기준 오른쪽 가슴의 오른쪽 윗부분이 빨갛게 조금 부어올랐고 이상한 멍울이 잡혀요 평소 가슴에서 만져지던 멍울과는 다르게 조금 더 단단하고 큰 느낌이에요 유독 이 부분만 조금 뜨겁고 빨갛고 부어올랐더라고요 만지면 아프기도 하고요 이게 뭘까요,가정의학과,코로나 확진 질문,안녕하세요 아빠가  일전에 코로나 확진이 되고  아빠는 각방에 혼자 있어서 접촉 X  저랑 엄마랑 동생도 pcr 검사해서 저랑 엄마는 음성 동생은 재검사 떴어요 저는 그냥 잘못찔렀나 보다 싶어서 pcr 검사받은 그다음날에 동생이랑 붙어 있었는데 목이 너무 칼칼한거에요   동생도 마찬가지 였고요   처음에는 목만 칼칼하다가 미열도 나고 동생은 고열이 났어용 그래서 그 다음 날 아침에 동생이 소아과 같은데를 가서 저빼고 엄마랑 동생이 코로나 검사를 했는데 동생이 양성인 거에요  pcr이 아니라 정확하진 않은데 대충 맞음  근데 저와 동생이 증상이 같아요 증상이 머리띵하고 목에 가래낀것 같고 미열나고  약먹으먼     칼칼이정도 이거든요  콧물 이나 후각미각상실은 아니에요   근데 어짜피 저희 가족이 아빠땜에 자가격리를 하고 있어서 그냥 따로 pcr 안받고  요즘에 코로나도 감기라고 하잖아요  이번주는 집에서 자가 치료할려고 했는데  약도타옴  한 한달전에 제가 안구 통증이랑 머리아픔이 고열 심하게 왔을때 청소년 외과에서 노란색 링거 인것같은데 비타민 링거 인것 같아요  그거 한방을 맞았는데 진짜 신기하게 싹 나은거에요   그래서 심해지면 링거를 맞으려 하는데 괜찮을까요   질문    제가 코로나일 가능성    코로나 걸려도 pcr 안하고 집에서 약먹고 치료해도 되나요    너무 아플시 비타민 링거 맞아도 되나요    긴글 읽어 주셔서 감사하고 성의있는 답변 부탁드려요,가정의학과
팔뚝지방분해주사 효과 좀 알려주세요  ,팔뚝살이 진짜 너무 빼고 싶어요   팔뚝 땜에 매일매일이  스트레스입니다   그나마 다행인거는 다른쪽은 다 말라보이는데     하필 팔뚝이   팔뚝지방분해주사 맞으면 팔이 좀 얇아지나요   효과 괜찮으면 바로 예약 하려구요   팔뚝지방분해주사 관련 정보  아시는 분 있으면 꼭 답변좀 부탁드리겠습니다  ,가정의학과,전해질 불균형   인가요,안녕하세요 나이는   대초반 보디빌딩을 좋아하는 청년입니다  운동강도는 일반인은 혀를 내두를정도로 하는데요 하체  가슴운동을 너무 강도있게 하면 운동끝나고   분뒤쯤부터 경련인지   근육이 접힌다고 해야하나  뷰르르으 떨리고 미치겠습니다  쥐는 아닙니다  도대체 어떻게 해결해야할까요 원래 포카리 마시면서 운동할땐 갠찮았는데 노로바이러스 걸린이후엔 포카리도 소용이 없네요 Bcaa 먹으면서 운동할때가 가장 효과가 좋긴 했습니다  지금 bcaa가 없어서 실험을 못하네요     경련이 엄청 일어나긴 하지만 또 자고 일어나면 근육통만 엄청심하고 경련은 귀신같이 사라집니다  제발 도와주세요 하체  가슴운동할때 너무 겁납니다 ,가정의학과
손떨림  현기증 증상 문의,안녕하세요  밥 먹은지 얼마 되지 않았는데도 손떨림  현기증 증상이 있습니다   평소에 공복이 오래 되거나 하면 그랬었는데  어제는 딱히 공복이 길지 않았는데도 그래서요  저혈당 증상일까요   평소 혈압계쟀을때 정상이었는데요    아 예전에 호지킨 림프종으로 항암치료 받은 적 있습니다  도대체 왜 손이 떨리고 현기증이 나고 기운이 없는지 모르겠어서 답답하네요     어디 쪽하고 연관이 있을까요 ,가정의학과,유방암 진단 받고 수술전입니다 ,어머님이 유방암 진단받고 대학병원에서 검사진행 중이십니다       수술은  개월 뒤라고 하는데 그동안 비타민 d 챙겨 먹어도 될까요      수술전에 챙겨먹어야 될 음식이라던가 있을까요       잎새버섯 암에 좋다고 해서 물 끓여 먹었는데 수술 전에는 끊어야 될까요   아님 먹어도 되는건가요       수술전에 홍삼 먹어도 될까요   모르는게 너무많아 의사한테 물을수도 없고 질문 전부 아니라도 조금이라도 아시면 답변 부탁드립니다    급해요   ,가정의학과
코로나에 관해,코로나 집에서 약먹고 버티면  주일 이내로 완치 돼나요   현재 열을 완전히 내렸고 기침을 하는 정도  걸린지  일 됐습니다  ,가정의학과,잘 때 다리 밑에 베게 배고자는거 좋나요 ,제가 오래 앉아서 하는 일을 하는데요 다리 밑에 배게배고 자는게 좋다고하더라고요 어느정도 높이의 배게를 배고 자는게 효과가 좋나요  그리고 이 방법이 정말 효과가 있나요  아 그리고 압박스타킹도 같이 신고자는게 좋을까요 ,가정의학과
코로나 오미크론두통증상,확진된지   일차입니다 인후통 오한 몸살 두통  일만에 좋아졌구요 후각   저하 및 케찹이나 간장 김치에서 휘발유냄새 알코올냄새같은냄새났었구요   일차인데요 코는좋아졌는데요 두통이아직있습니다 이비인후과 에서는 소염진통제먹으라고하는데요 먹어도아파요 오미크론후유증인가요  아니면신경과가봐야할까요 만성이될까바두렵네요 의사님들 답변좀 해주세요,가정의학과,자기진단 키트,병원가서 코로나 검사했는데 양성이면 pcr검사에서 음성 나올 확률은 적은가요 ,가정의학과
코로나 pcr검사 결과 안나왔는데,어제 코로나pcr검사  시 반쯤에 했는데 연락이 없어요 다만 아침부터 고열이 시작되어서 확진인거같은데 해열제 사러 약국 가도되는건가요  보건소도 연락이 안되고 검사받은 병원도 연락이 안되요,가정의학과,  대 남성 코로나 백신접종,  년  월   일에 화이자 백신으로  차접종을 완료한   세 남성입니다   접종 익일 새벽에 체온이     도까지 상승하였으나 정상 반응이라 생각되어 타이레놀  정 복용하였으며  이후 체온이     도까지 하락하는 것을 확인하였습니다  그러나 당일 오후부터 체온이 빠르게 재상승  접종 후  일차가 되는 날에는 체온이   도까지 상승하였습니다  약을 복용하고 체온은 재차 하락하였으나 그 이후에도 여전히 약 복용 없이는 체온이   도 근처에서 유지되는 상황이었습니다   일간 지속된 고열이 이상하다고 생각되어 병원을 방문한 결과  코로나   신속항원검사에서 양성 판정을 받아 현재 pcr 검사 실시 후 결과 대기 중입니다          상기한 이상 반응이 통상적인 이상반응의 범위인지     그리고 백신 접종과 짧은 시간적 간격을 두고 실시한 신속항원검사에서 백신 접종만으로 양성 판정이 되는 경우는 없는지 궁금합니다 ,가정의학과
오리궁뎅이 스트레스,안녕하세요      살 대학생 입니다   제 가족이 다 오리궁뎅이라 저도 오리궁뎅이인데 제 옆모습 찍어서 그대로 그린거거든요  스쿼트를 하니까 엉덩이가 더 커지더라구요 그래서 안하고 다른 걸로 다이어트를 하고있는데 어떻게 해야될까요    예전에   키로 감량했는데 턱  배  팔뚝만 빠지고 볼살 엉덩이 허벅지 종아리 다 그대로라서 너무 현타가 왔어요      저 오리궁뎅이 많이 심각한가요  친구들이 없는거보단 낫다고 하긴 하는데 전 너무 빵실해서 스트레스 받아요     바지를 입고 배에 힘을 주면 똥꼬가 먹더라구요     이런건 어떻게 해야하나요     ,가정의학과,코로나 확진자 격리,동거인은 격리 안하는거 알겠는데 그럼 확진자 본인은 격리 몇일 하게되나요  이것도 의무는 아닌가요  하긴 동거인이면 확진자나 다름없는데 격리가 의무가 아니면 확진자 본인도 의무가 아니겠네요 ,가정의학과
신속항원 검사받고 양성 떳는데 pcr검사는 못 받았었는데요,신속항원 검사받고 양성 떳는데 몸이 너무 안좋아서 pcr은 못 받고 집에서 쉬었는데 이제 좀 몸이 괜찮아졌어요  근데 정책 바뀌기 전에 신속항원검사 받은거라 pcr검사 받아야하나요   그럼 양성 뜨고 지금까지 격리한거 말고 다시 일주일 격리해야하는 건가요   ,가정의학과,실내소독기 인체 영향,요즘 들어 실내 소독기 사용하는 일이 많지 않습니까  사무실에서 소독시킨다고 업무중에 자주 사용하고는 하는데  혹시 소독 성분이 다 날아가기 전까지 기다리기에는 업무가 많습니다  그러다 보니 아직 강하게 소독제 냄새가 나는데도  그냥 맡으며 일을 봅니다  혹시 소독제가 폐 등 신체에 미치는 영향을 의학적 사실에 기반해서 설명해주실분 계신가요 ,가정의학과
병원 코로나 검사,저 초  인데 저번즈 금요일 날에 열이 나서 안갔는데 오늘 열이 또 있는거에요 그래서 자가키트 해봤는데 다행이 음성인데 쌤이 병원에서 코로나 검사 하라고 했는데 혹시 보건소랑 똑같이 깊게 넣나요   아님 병원이 더 넣나요 제가 코가 민감한 편이라 코에 뭐 쑤셔넣으면 코피가 나와요 빠른 답변 부탁드립니다,가정의학과,어제부터 열이나고 오한이 있어요,몇일전에 바지락을 먹고 설사를 한번했어요 그이후 열이나고 오한이 드네요 해열진통제를 먹어도 열이 안떨어지는데 왜이런걸까요 열이계속나니까 머리까지 아파요 열나도 병원가면 진료볼수 있나요 ,가정의학과
코로나 전염성,코로나가 원래 이렇게 확진이 잘 안되나요    아빠가 양성인데도 불구하고 이미 식사랑 이것저것 다 해서 코로나 옮을법도 한데 코로나 음성만 떠서요      pcr 검사를  너무 일찍한걸가요   코로나 확진인 사람 옆에 잇어도 안 옮나요    아님 제가 좀 더 늦게 코로나 검사를 햇어여 햇나요   ,가정의학과,코로나 확진자 가족 질문,혹시 가족중 한명이 확진이 되면 다른 가족들도 전부 pcr검사로 해야하나요  아니면 혹시 신속항원검사로도 가능한가요 ,가정의학과
강남윤곽주사 전문적으로 잘하는 괜찮은 곳 좀 알려주세요 ,윤곽주사 좀 맞아보려고 하는데요  제가 이런 피부 관련 시술은  처음이라   이것저것 알아보는 중입니다  윤곽주사도 잘 못맞으면  안좋다고 들어서요  제가 강남쪽에 거주해서 강남쪽에 위치한 곳으로  찾는중인데요  혹시 강남윤곽주사 전문적으로 잘하는 곳 있을까요   추천 좀 부탁드립니다 ,가정의학과,침샘비대증인가요 ,제가 오늘 술을 마시고 구토를 하였는데 그뒤에 한    시간 뒤 잠깐 엎드려서 자고 일어났더니 턱 아래가 아프더라구요 부운것처럼 점점 완화되는거 같기는 한데 혹시 큰 문제 일까요 ,가정의학과
먹는삭센다,먹는 삭센다 어디 파나요  제가 중 이라 곧 졸업사진을 찍는데 운동만 하니까 살이 많이 빠지지도 않고 좀 오래걸려서 진짜 급하게 빼야돼서 먹는 삭센다랑 같이 빼려고요   알려주세요,가정의학과,코로나 양성,숨 쉴 때마다 이상한 소리가 나는 거예요 이상하기도 했는데 그냥 넘겼어요 그리고 엄마 앞에서 하품하니깐 트림했냐길래 하품이라고 했거든요  근데 왜 이렇게 이상한 소리가 나냐길래 저도 모른다고 했어요 제가 인후통 증상이 있는데 경험이 없어서 인후통 증상 중 하나인 줄 알았어요 근데 아니래요 이거 무슨 증상이고 저 괜찮긴 한가요  참고로 코로나 확진자입니다,가정의학과
턱윤곽주사 효과 괜찮을지 걱정됩니다 ,제가 턱살이 좀 심한 편인데요   턱윤곽주사 알아보는 중입니다   진짜 효과가 있을까요    턱윤곽주사 맞아보신분 계시면  답변 부탁드립니다  그리고 어떤 효과가 있는지도 알려주세요  ,가정의학과,갑자기 목구멍이 꽉 막히는 것 같은 증상과 울렁거리는 증상이 생깁니다  계속적으로 나타나는 것은 아니고 하루에    번씩 간헐적으로 증상이 나타,갑자기 목구멍이 꽉 막히는 것 같은 증상과 울렁거리는 증상이 생깁니다  계속적으로 나타나는 것은 아니고 하루에    번씩 간헐적으로 증상이 나타납니다  속이 쓰리지는 않으나 가끔 두통이 동반되고 피곤함이 계속됩니다 ,가정의학과
보톡스윤곽주사 맞아도 괜찮을까요 ,안녕하세요  요즘 보톡스윤곽주사에 흥미가 생겨서요   보톡스윤곽주사는 정확히 어떤 효과가 있을까요   부작용이나 이런건 따로 없을지   효과는 드라마틱하게  볼 수 있을까요   아직 이런건 한번도 안해봐서 알고 싶어요 ,가정의학과,긴장되고 사람 만나기 무서워요,고등학교에 곧 입학할 예비고 인데요 옛날부터 낯을 많이 가렸는데 중 후반 되면서 엄청 심해졌어요 버스타는 것도 너무 힘들고 아는 사람 마주칠 것 같거나 사람 많으면 오래 걸려도 버스 안 타고 걸어서 가요 학원에서도 조금이라도 사람 마주치면 너무 불편하고 그래서 옮긴 횟수도 정말 많고 수업을 하고 나면 옷은 땀 범벅이고 종이도 젖어있어요 친구  가족이 아닌 사람과 전화라도 하면 바로 몸에서 열이 얼굴로 훅 올라오면서 땀이나기도 해요 그냥 새로운 사람을 마주치고 밖에만 갔다와도 막 답답하고 힘들어요 어쩌면 좋을까요 해결방법 좀 알려주세요 ,가정의학과
윤곽주사란 어떤 효과를 볼 수 있는 주사일까요 ,질문 그대로입니다  윤곽주사란 정확히 어떤 효과를 보는 주사인지 궁금합니다   얼굴 윤곽이 좀 줄어드는건가요  아니면 얼굴 윤곽에 있는 살이 빠지는건지    알고싶습니다  ,가정의학과,명치 멍울  피로감,안녕하세요  한달 전에 우연히 명치 쪽을 눌렀는데 멍울이 만져지더라구요  서있거나 앉아있을 때 만지면 안 느껴지는데 옆으로 돌아서 누웠을 때나 허리를 숙인 상태에서 명치 쪽을 만지면    원 정도 크기의 동글동글하고 말랑거리는 멍울이 만져집니다  멍울을 만지면 아프고 움직이기도 해요   식습관이 안 좋아져서 요즘 운동하면서 관리하고 있는데 제가 빵을 자주 먹거든요    잠도 새벽에 자고 낮잠도 안 자서 그런지 오후만 되면 엄청 피곤합니다  또 역류성 식도염이 있고 음식을 먹으면 명치 쪽이 조금 땡기다가 괜찮아져요  조사해보니까 검상돌기 같은데 혹시 종양일 가능성이 있나요 ,가정의학과
층간소음피해자인데 정신과를 가도 될까요 ,특이하게 저는 층에서 사는데  층에서 아이들이 악을 지르고 높은데서 뛰고 난리도 아니어서 수시로 그럽니다 어린이집 다니는 애들이 가면 안다니는애가 혼자 하루종일 악지르고 뜁니다 제가 층이라 반박도 해보지만 그때뿐이고 쿵하고 찍고 높은데서 뛰면 바닥이 울리면서 충격까지 줍니다 아파트가 옛날아파트도 아니고  년 좀 넘는아파트인데도 쿵하고 찍어서 하도 놀래서 가서 항의했더니 할머니가 나오시더군요 애들 명이랑 아빠엄마는 뒤에 숨어서 뭐하는건지 보니까 거실에 얇은매트 한개 깔아놨드라구요   시넘어 뛸때도 인터폰하니 그냥 미안하다 그러고 똑같고 그것도 뛸때는 맨땅에 뛰어서 그것땜에 노이로제 걸려서 집중도 안되고 소리가또 들릴까봐 노심초사하고 사람이 이래서 미쳐서 사단이 나는구나 이해할 정도가 되었습니다 정신과를 가면 좀 나아질까요 근본적인 해결방법과 정신과 가보신분들 조언 부탁드립니다,가정의학과,코로나 걸린 후 등교,  일에 코로나가 걸려서 자가진단 키트로 진단 했더니  줄이 선명하게 나왔어요  그때부터 지금까지 계속 격리중이고 지금은  일째 되는 날입니다  열은 한번도 없었고 목만 조금 따가웠는데 현재 증상은 아예 없습니다  저는 pcr 검사를 받고 음성이 나와야 학교에 가야되는거 아닌가 했는데 부모님께서 그냥 가라고 하셔서 어떻게 해야될지 잘 모르겠습니다  이대로 학교에 가도 되는건가요 ,가정의학과
하품하다가 구역질,초등학교  학년 여학생인데 가끔 속쓰리고 자꾸 목에 뭐가 걸린것같아서 일부로 구역질 하려고 목안으로 손가락 넣어서 구역질도 하고 하품하다 구역질 나올것같을때가 많아요 이거 왜이런가요,가정의학과,병원에서 링겔 받는 법,제가 하루에 한 끼만 하는데 그것도 살려고 먹는 거란말이에요 식욕도 없어서 많이 안 먹음 근데 이대로 가다가 진짜로 죽을 거 같아요,가정의학과
머리아프고 속이 안좋아요,요즘 운동하면 어지럽고 속도 안좋고 토나올거 같아요 조금만 운동해도 헥헥거리고 아무것도 안먹어도 속이 안좋아요 왜그런걸까요  ,가정의학과,간접흡연 때문에 미치겠어요,엄마가 집에서 맨날 전자담배를 피는데 그 냄새때문에 미칠거같아요 몇번 말해보기도 했는데 오히려 화를 내요 건강이 안좋아질것같다고 걱정해도 화내요 그리고 제가 그 냄새를 맡으면 목이 아프고 두통 있고 가래랑 기침이 나오는데 이것도 간접흡연의 영향인가요  간접흡연 된 뒤로 목소리도 낮아지고 가래가 많이 껴요 엄마 대신 제가 부작용이 온건가요 진짜 스트레스받아 미칠거같아요 밥먹을때도 뻑뻑 펴대는데 진짜 미칠거같아요 좋게말해도 다 안받아들이고 무시하고 오히려 화내요 도와주세요,가정의학과
손사마귀 질문,주사  주전에 맞아서 까만딱지 되길래 기다렸다가 어제 딱지 좀 갈라져서 걍 땠거든요 근데 괜찮을까요 끝쪽 사마귀 살짝 있긴 한데 어떡하나요,가정의학과,코로나 질문,저는 코로나 백신  차 부작용으로 두드러기가 났습니다   그런데 요즘 저의 형이 기침을 하고  열도 조금 있는지 모르겠지만  기운이 없는지 기침 좀 많이 해요  요즘에   아까 몇 시간 전엔 열이 조금 있던 것 같던데요   저는  차 접종자인데 혹시 저의 형이 양성이면 저도 자가격리 해야 하나요  학교 수업은 그럼 어떻게 듣나요   못 들으면 이후 내신  시험  미래에 손실이 생길텐데     코로나 왜 있어 가지고     중국 우한  에서 생겼다고 들었는데요   중국 우한의 첫 원인 제공자 빨리 사라졌으면 좋겠네요 ,가정의학과
골절후 박카스 마셔도 되나요 ,수술은 작년   월   일에했고 핀박혀있는데 뼈는 잘 붙고있다고 합니다 다붙진않았구여 커피나 콜라같은 카페인많은거 마시지말라고해서 제가 잠이많고 피곤해서 박카스를 마시려 하는데 여기에도 카페인이   mg정도 있다고 하더라구요 마시면 뼈 늦게붙나요 ,가정의학과,맥박이 빠르고 숨이 차요 ,산소포화도는      로 정상인데 숨이차고 맥박수도 올라요  평소 맥박         사이인데 숨이 차서 산소포화도 측정기 껴보면         넘어가고    대까지도 올라요  산소농도 정상이어도 맥박수 오르면 숨이 차나요 ,가정의학과
동생이 오늘 코로나 자가격리 해제되었는데요 ,저 마스크 안 쓴 상태로 화장실 나오다가 제 동생이랑 얼굴 가까이에서 마주봤어요  제 동생도 마스크 안 쓰고 있었고요 저 감염 될 위험 있을까요 ,가정의학과,수족냉증 다리 올리는 스트레칭,수족냉증이 너무 심해서 유튭에 혈액순환 스트레칭 찾아보니 누워서 벽에 대고 다리를 직각으로 뻗는 게 도움이 된다고 하더라고요 근데 수족냉증은 발에 피가 안 가서 일어나는 거 아닌가요  다리를 반대로 하면 더 피가 안 가는 거 아닐까요  어떻게 이 운동이 수족냉증에 도움이 되는 건지 넘 궁금해요,가정의학과
냄새 맛 상실 코로나,제가 코로나 증상인지 뭔지 잘모르겠지만 냄새랑 맛을 최근 못 느끼는데 언제쯤 돌아올까요  진짜 냄새는 하나도 안나고 맛은 예전처럼 뭐가 들어갔는지 이런거 하나도 못느껴요   그냥 매운맛 순한맛 구별할 정도만   이런 코로나증상 있다고 하는데 혹시 걸렸던 분들중에 이러신분 있으시면 언제쯤 돌아오는지 알려주세요  지금 미치겠어요 진짜,가정의학과,두통과 오심이 있습니다 ,동생과 저랑  식후 에 두통과 오심이 심합니다  어떤 병의 증상일까요    공통 증상 및 특징   동생은  일전부터 식후 두통과 오심이 있고 변이 묽습니다  설사는 아닙니다  저는 어제부터 식후 두통과 오심이 있고 변이 묽습니다    복통  발열  근육통 같은 다른 증상은 전혀 없습니다    둘 다 따로 먹는 처방약은 없고 영양제는 비타민D       iu  정도만 먹고 있습니다    둘 다 코로나 바이러스 완치자  완치 후 최소  주 경과   의학적  임상적 근거 혹은 의료진이시면 경험적 근거에 기반하여 답변해주시면 감사드리겠습니다 ,가정의학과
코로나 확진,제가 코로나 확진이 되어서 목이 너무 아픈데 침 삼킬 때 마다 귀에서 똑똑 소리가 나고 귀가 멍멍해서 잘 안 들리는데 완치 되면 괜찮아질까요  어떻게 해야될까요   목에 가래가 있어서 뱉으면 약간의 피와 섞여서 나와요,가정의학과,대학병원 외과 분야,대학병원에서 신경섬유종 수술을 받으려고 하는데 외과는 처음 입니다  어느 전문분야 교수님한테 진료 예약을 해야 진료를 볼 수 있는지 답변 부탁드립니다 ,가정의학과
장염인가요, 일 정도 됐어요 아무 이유 없이 배아파서 화장실 가면 물설사 죽죽 싸구요 밥 먹으면 당연히 쌉니다 그냥 자다가도 물설사 나와서 달려간 적 있어요 점점 심해져서 열도 나고 두통도 심해졌어요 좀 더럽긴 한데   급한 상황 아닌데도 불구하고 그냥 아무 느낌 없이 죽 나와서 팬티에도 지렸습니다 왜이런가요,가정의학과,손톱 옆에 뭔가가 났는데 이거 사마귀 인가요 ,오른손 약지에 이렇게 사마귀 같은게 있어요  사실 고등학교때부터 있었던 것 같네요    년은 넘은 것 같아요  그전까지 크게 불편함을 못 느껴서 그냥 지내고 있었는데  오늘 정상피부와 해당부위의 경계가 갈라지면서 피도 나오 알콜로 손소독을 했더니  알콜이 침투하면서 찌릿 찌릿 할 정도로 아프네요  이게 어떤 질환인가요   치료는 어떻게 해야할까요 ,가정의학과
코로나 재확진, 월달 말에 코로나 확진 되고 나서  월 초에 격리 해제 통지서 받았거든요  근데 어제 자가키트 해봤는데 양성이 떠서 방금 신속항원검사 받고 왔어요 신속항원검사도 양성이 뜨겠죠  그럼 다시 자가격리 해야 하나요  코로나 확진 된 후로 이제야 한 달 조금 더 지났는데   또 격리를    ,가정의학과,무슨 병 같은 건가요 ,눈 초점이 흐려요 눈에 힘이 없어요 숨 쉬기도 힘들고 크게 쉼호흡 몇 번 해야 조금 나아져요 잠도 제대로 못 자요 맨날 두 세 번 깨고 잠도 잘 안 와요 편두통도 자주 오고 두통은 맨날 있어요 원랜 잘 안 먹었는데 요즘따라 너무 많이 먹어요 배가 이미 부른데도 더 먹고싶어요 그러다가 하루에 두번씩 토해요 요즘 좀 가정사로 힘든 일이 많이 있었는데 그거 때문일까요  죽고싶다는 생각을 깨어있는 내내 하는거 같아요 우울증 뭐 그런건가요 ,가정의학과
코로나 음성,같이 놀았던 친구  명이 코로나에 걸렸는데  마스크는 안벗고 몇시간정도 이야기하고 걸어다녔거든요 근데 제가 너무 불안해서 애들 양성 나오고 바로 신속 항원 검사 했는데 음성이 나왔어요  번이나   근데 오늘 학교에서 같이 놀았던 친구가 희미하게 두줄이 나왔는데 코로나 검사 또 오늘 학교 마치고 했거든요 근데 또 음성이에요   목이랑 코 둘다요   그리고 제가 목이 좀 아팠는데  어제 집에서 노래   곡을 소리지르면서 계속 불렀는데 그것 때메 그런거같기는 한데  열도 안나고 제가 걸릴 가능성도 있는건가요   ,가정의학과,삶의 이유   다들 왜   사세요  ,힘들고 지치고 아무리 노력해도 즐겁지가 않고 책임져야할 가족도 없고 너무 이유가 없네요 제 삶엔   님들는 도대 체 왜 사사나요 ,가정의학과
코로나 폐손상,엄마가 코로나 양성판정을 받으셨고 지금은  일이지나 격리해제인 상태입니다    대 후반정도이시고 엄마께서 폐가 아프시다고 하시는데 많이 심할까요 ,가정의학과,머리가 아프고 조금 어지럽고 속이 안좋아요,제가 오늘 아침은 거르고 점심만 먹고  시에 학원을 갔거든요  근데 한  시쯤부터 머리가 아파오기 시작하더니 학원이 끝난   시엔 심해졌어요 원인이 무엇이고 어떻게 해결해야 하나요 ,가정의학과
입맛이없어요 다양한 이유도있는데 궁금하네요,요즘갑자기 입맛도살아지고 의욕이없고 무기력하고 기분도이상하고 하루의 한끼도 겨우먹을가말가에요 왜이런건가요  잠도 많이오고 임신은아니에요 돌다가오는 아들하나키우고있어요 아들에겐힘들진않는데 육아를엄마랑해서자주싸우기도해요 스트레치수치가엄청나요 요즘은감정컨트롤이안되고 화를자꾸내요 신경이날카로워지고 자꾸만울고싶어요 혼자있고싶어요 마음이굉장히힘들어요 운동은안해도 저녁에스트레칭도잠시하고자요 아이는또 잠을 너무안자요 이래저래너무힘들어요    삶에 의욕이없어져요     관심받고싶어요 살아가는것에 덜컥 겁이나고무서워요 사람이무섭고 싫어요    왜이럴가요 ,가정의학과,아토피가 심한데 듀피젠트   처방받을 수 있나요 ,엉덩이  골반옆부터 허리  등  목 쪽이 전체적으로 심한데  우연찮게 피검사로 간수치가 높다고 해서요  술도 안하는데 높아서  원래 먹던 아토피 약이 문제인거 같다고 해서 약을 다 끊었는데  너무 심해져서 간수치 안높이는 약을 찾다가 듀피젠트를 봤어요  가격이 너무 쎄서 보험이 되는 수치  그런게 있다고 들었는데  혹시 그런쪽 잘 아는 서울에 병원이나  보험되는 범위같은거 잘 설명좀 부탁드릴게요,가정의학과
코로나 신속항원검사 정확도,신속항원검사 언제가 제일 정확한가요   지난주 목요일에 확진된 친구랑 밀접접촉 옷 만지고  친구가 쓰는 책 만짐  거의 완전히 몸 붙은 상태에서 대화 했는데  오늘 전문가용 신속항원검사에서 음성 나왔습니다  그런데 어제 같이 수업한 학원 친구가 양성이라고 방금 전화왔습니다  신속항원검사 정확도는 언제 제일 정확할까요  아직 잠복기인가요 ,가정의학과,백신 부작용 관련,백신  차까지 맞았는데  백신부작용으로 계속 엄청 무기력하고 피곤한데      이럴 때  아로나민 골드나 우루사 같은 것들이 도움이 될까요    전문 의사나 약사분만 답 부탁드립니다 ,가정의학과
코로나 재확진 질문이욤,제가   일 새벽에 증상이 있은 후 바로 자가키트 양성 나오고   일 격리   일      에 격리해제 되었습니다 지금 격리해제 된지  주차인디 제 일터 주변에 확진자들이 너무 많이 나오고 또 같이 밥을 먹었어요    최근에  일에 같이 일하는 지인이 코로나에 걸렷고 저는      지굼 인후통이 있어요 재확진이 이렇게 빨리 걸릴수 있는지   키트는 음성이 나오곤 잇는데 불안해 죽겟어오  ,가정의학과,목이아파요,어제 코로나에 걸렸는데 오늘 목이아파오면서 침삼킬때 목이 찢어질 것 같고 음식 삼키기도 너무힘들어요 엄마는 코로나 증세라고 하시는데 저는 목젖  코와 입이 만나는 그 부분이 너무 아프더라구요    진짜 지옥같아요,가정의학과
많이 걸으면 다리가 간지러운 이유,많이 걸으면 다리가 간지럽잖아요 근데 제 지인이 그 느낌이 지방이 타는 느낌이라고 하는데 맞나요  그 간지러운 느낌은 왜 나는 건가요  ,가정의학과,이것도 코로나 의심해봐야 하나요 ,제가 오늘 아침부터 기침이 나고 아까  시반쯤  열이     도가 나오는거예요 그러나가 한시간뒤에     으로 내렸고 지금도     인데 그저께 오빠가 친구를 만났는데 그 친구가 확진이 된거에요 근데 오빠는 아무렇지도 않고 저도 그저께 부모님이랑 잠깐 나갔다온게 다거든요    근데 부모님도 멀쩡하신대 코로나 의심해봐야할까요,가정의학과
코로나 빨리 낫는법,오늘 확진판정을 받았는데 인후통증세가 너무 심해서요  목기침도 자주나오고 기침할때마다 목 너무아프고 미쳐버릴거같습니다  목에 라이터를 지지는 기분이 듭니다  목 통증을 최대한 줄일 수 있는 방법이 있나요  ,가정의학과,부모님이 대사증후군인데 도와주세요  ,안녕하세요 전 중학생 여아입니다  제목 그대로 엄마가 대사증후군이에요    정확히는 대사증후군 주의군이라고 써져있었는데 엄마는 알려주지도 않고 숨길려했던것 같아요   우연히 오늘 부모님 방에서 대사증후군 주의 단계라고 써져있는 종이를 보게됬는데 위험 요인중에 높은 혈당 높은중성지방혈증  개를 보유하고있다고 하더라고요     개 보유면 대사증후군이러고해서 좀 찾아봤는데 암 사망률을 이어서 대사증후군우로 인한 사망률이  번째로 높다고하더라고요   어제 부모님이랑 말다툼을해서 그런지 죄책감이 더 많이 들어요   어떡해야될까요  대사증후군 주의군의 원인은 무엇인가요  대사증후군 주의군이면 다시 정상으로 돌아올 수는있나요  이럴 때 어떤게 몸에 좋고 어떤게 안 좋나요  어떤걸 많이 먹고 많이 해야되나요  대사증후군 주의군일 대 어떤걸 조심해야할 지 알려주세요  부탁드립니다  ,가정의학과
몸이 무너지고 힘이 쫙 빠지며 움직일 수가 없습니다,안녕하세요 요즘 자도자도 피곤하고 잠이 깨었을때 정말 말로 설명할 수 없는 최악의 컨디션인데 온몸에 힘이 쫙 빠지고 가위 눌린 것처럼 움직일 수 없는  그런 느낌이며 피로감은 극에 달합니다  간신히 움직이면 그때 서서히 풀리는 느낌이고 일서나서 생활을 하다보면 또 극심한 피로감이 몰려와 바로 눕게 됩니다  가슴이 쎄한  뭐 그런 느낌도 있구요 열감도 있고 몸이 완전히 바닥으로 무너져 내리는 느낌입니다  어디에 문제가 있는건지    병인가요 ,가정의학과,할머니가  차 백신맞고서부터 계속 아프시더니  지금은 의식이 없으십니다  코로나 백신 부작용 보상 지원,안녕하세요  저희 할머니가  차 백신 맞고나서부터 계속 아프셨습니다  성남중앙병원에서 검사를 했었는데  약만 처방해주셨습니다  그래서 가정의원가서 영양제를 맞으면서 버티셨습니다   근데 지금으로부터 약  주전에 할머니가 새벽에 너무 아프다며    를 불러달라고 전화하셨어요  바로는 못가서 오후에 응급실에 갔습니다  성남시의료원 응급실에서 검사를 했는데  그 뒤로 의식이 없으십니다   성남시의료원에서 병실이 없어서 응급실에서  시간을 대기하고  서울삼성병원에 병실 하나가 나왔다고하여  삼성병원으로 갔습니다  또 바로 못들어가도 한참을 대기하여 중환자실에 겨우겨우 입원을 하셨습니다   여러가지 검사 후  균혈증 페혈증 뇌수막염 요로감염 근육농양 의식저하 콩팥기능저하  그리고 오늘은 대장     괴사되어 대장  소관을 제거했다고 합니다  병원에서는 가망이 없다고 하십니다   병원측에서는 원래 건강하셨던 분 같으신데  왜 이렇게 된 건지 모르겠다고 하십니다  계속 이유를 모르겠다고만 하시고  검사란 검사는 다하고   수술이란 수술은 다 하고 있습니다   지금 뇌에 관도 삽입했고요   온몸에 염증이 가득 차있다고 합니다    저희 아빠가 심적으로도   그리고 금전적으로도 너무 힘들어하십니다  약  주간 병원비만  천만원정도 나왔습니다     이게 백신 부작용일까요  아님 원래 아팠던게 백신을 맞고서야 증상들이 나타난걸까요  또  백신 부작용 보상을 받을 수 있을까요    ,가정의학과
지금 얼굴만 열이 갑자기올라요  ,도와주세요    지금 몸은 정상체온인데 얼굴만 열이 계속오르는데 이유좀 알려주세요    코로나 아닌가 걱정이네요  몇일전이랑 오늘 코로나검사하러갔을땐 음성나왔고 증상도없는데 검사받고와서 집에와서 몇시간 쉬었는데 갑자기 얼굴만 열이 나네요  이유가 뭘까요,가정의학과,코로나 걸리면 학교 며칠 못가나요 ,오늘   일 신속항원검사 양성이 나왔습니다  Pcr검사도 하고 내일 결과 기다리는 중인데 만약 pcr양성 판정이나오면 학교를 못가는데 학교출석에 기록이 될까요  그리고 며칠동안 학교를 못가나요  만약  일만에 나으면 검사하고 바로 등교가능한지요   아님 정해진 일수 격리 후에 등교가능한가요  그냥 궁금해서 여쭈어보아요  ,가정의학과
백신부작용,저는 이제   살입니다  월   일 화이자  차를 맞고 당일에는 아무런 느낌도 없고 아프지도 않았습니다 그런데 새벽에 잠을 자려고 누웠는데 갑자기 팔이 미치도록 아프더라고요 그래도 그냥 참고 계속 잤습니다 새벽에 팔이 너무 아파 잠을 설치고 아침에 일어나 보니 겨드랑이가 너무 아팠습니다 그래서 그냥 뭐 괜찮겠지 하다가 타이레놀을 하나 먹고 저녁에도 타이레놀을 두 개를 먹었습니다 타이레놀을 먹고 나서 그 뒤로부터 어지러웠습니다 팔은 점점 나아졌지만 겨드랑이는 계속 쓰라리는 느낌으로 계속 아프더라고요 보니까 겨드랑이도 부어있었습니다 그리고 목이 뻐근해서 스트레칭을 하다가 승모근 쪽에 멍울이 잡히더라고요 이 증상을 네이버에 찾아보니 백신 부작용이라네요 아침에 병원을 가려고 하는데 백신을 맞았던 병원을 가야 하나요  아니면 정형외과나 다른 병원을 가야 하나요  그리고 백신 부작용이면 나라에서 보상금을 준다는 이야기가 있던데 사실인가요 ,가정의학과,중학교 건강검진 대상,중학교 건강검진 몇학년만 하는건가요  저는 올해 중 고요 중 때 학교에서 건강검진을 했었는데  학년때도 해야하나요 ,가정의학과
집에 코로나 양성 명인데요  급해요 ,엄마랑 저랑 둘다 양성 확진 떴는데요        마스크 벗고 생활해도 되는건가요  아빠는 멀리 계셔서 상관없는데요           둘다 걸려서 에라이 하고 엄마랑 수다도 떨고 마스클  벗고 생활했는데 큰 문제 있을까요        이제부터라도 마스크 끼고 생활해야겠죠  저는 확진    일차이고 엄마는  일차입니다          칼답으로정확하게 대답해주시면 채택해드려용,가정의학과,코로나 격리 질문,언니가 코로나 확진이 됐어요 저희 엄마 아빠께선 접종 완료자시고 자가진단키트에서 음성이 나왔으면 수동감시자로 격리 말고 일상 생활 가능한가요      개학일인데 전 등교중지 말고 정상 등교인가요 ,가정의학과
코로나 목아픔,코로나 확진됐는데 목이 너무 아파요 이틀 전에는 쉰목소리만 나고 아프진 않았는데 오늘 일어나서 침 삼키니까 하늘나라 가는줄 알았어요 진짜 너무 아파요 가면 갈수록 더 아프고 이제는 귀도 아파요    침 삼키기가 너무 싫고 원래 삼킬 때만 아팠는데 이제는 그냥 가만히 있어도 아파요 코도 건조해져서 코로 숨쉬기도 힘들고 너무 아파서 자려고 누우면 코가 막혀서 잘 수도 없어요  물 많이 마시라고 하는데 음식 중에 물 삼키기가 제일 힘들어요 목에서 칼날들이 쓸고 내려가는 느낌  진짜 미치겠어요   어떻게 해야 증상이 빨리 없어질까요 가글도 하고있고 타이레놀도 먹어봤는데 효과없어요   그리고 목아픔 얼마나 가나요  ,가정의학과,유두 주변에 하얀색에 뭔가가 있습니다,  대 여자입니다 어릴때부터 이런게 있었으며 함몰유두예요 아래 사진처럼 나있습니다 만지면 아프지도 않고 짜보지도 않았어요 아직 부모님한텐 말씀을 안드렸어요  양쪽에 모두 나있고 두쪽다 함몰입니다   대충 비슷하게 그렸어요 ,가정의학과
코로나 증상 중에 집착,코로나 증상 중에 무언가에 집착하는 증상도 있나요  예를 들면 친구가 답장을 안 한다고 집착을 한다던가 하는거요  최대한 빠른 답변 주시면 감사하겠습니다 ,가정의학과,겨드랑이 멍울,생리중인데 갑자기 오른쪽 겨드랑이에 멍울이 작게 생기고 건들이면 아파요 왜 이러죠    ,가정의학과
코로나 밀접접촉자,제 친구가 이틀 전에 코로나에 걸렸는데 그 친구 코로나 검사 결과 나오기 하루 전에 저랑 친구랑 놀았거든요 그래서 내일 코로나 검사 받으러 가려하는데 코로나 증상 몇가지만 알려주세요 저는 뒷머리가 아프고 숨이 조금 불안정하게 쉬어지는거같아요,가정의학과,지방흡입 고민중인데요,날씨가 따뜻해져서 살빼는데 옆구리살이 안빠지네요 그래서 지방흡입으로 빼보려고 하는데요  지방흡입으로 빼고 싶은 부위만 뺄수 있나요  효과는 있겠죠  아니면 지방분해주사로 해도 효과는 있을까요  답변 좀 부탁드립니다 ,가정의학과
코로나 이후에 미각 상실 증상,코로나 격리해제 되고  주일 지나서 재확진도 아니고 몸 아픈곳도 없는데 미각이 안느껴집니다  월   일부터 증상이 있었고요 어떻데 대처하면 될까요  한의원 갈 생각을 하고 있긴 합니다,가정의학과,피부과 모공축소 시술 알고 싶어요,코로나에 마스크를 쓰고 다녀서 그런지 아님 나이가 들어서 그런지 모공이 늘어졌다고 해야하나 넒어져서 매번 화장 떡칠   트러블까지 생기네요 모공축소 시술 알아보고 있는데 피부과 모공축소시술은 어떻게 하나요  혹시 모공레이저도 있나요  도움 좀 주세요  ,가정의학과
신속항원 양성후 pcr음성,신속항원 양성 pcr 음성이 나왔는데 이게 두번째에요 화요일에 신속항원 양성떠서 pcr결과 음성 목요일 신속항원 재검사 양성 후 또 pcr 음성인데 증상이 없는겅 아니라 불안해서 집안에만 있네요 다시 검사를 해봐야할까요,가정의학과,피코슈어레이저 기미잡티제거와 모공축소에 효과가 좋나요 ,기미잡티 때문에 진짜 고민이에요  집 주변에서 포토나와 피코레이저를 받았는데 더 진해진 것 같아요  인터넷으로 검색해보니 피코슈어레이저를 추천하더라구요  아무래도 국산 장비에 비해 효과가 좋을 것 같은데  더 짙어진 기미잡티 때문에 고민이네요  그리고 피코슈어레이저가 모공축소에도 효과적이라고 해서요    대가 가까워서 그런지 모공도 늘어져서   혹시 받아보신 분 있으시면 답변부탁드려요 ,가정의학과
속이 울렁거리고 어지러울때 물마셔도 되나요   ,오늘 코로나 양성판정 받고 점심에 죽먹고 약먹고 잤는데 일어나보니 온몸이 땀으로 젖어있었어요   미열도 있었고 일어나보니까 어지럽고 속이 너무 안좋은데 탈수증세인가여    따듯한물 마셔도 될까요,가정의학과,머리 박았을 때,  대초반이 머리를 쎄게 박았는데 너무 아프시다고 우시면서 일어나지시도 못하고 너무 아프시다고 하세요 어떻게 하죠     계속 누워만 계시고 오른쪽에 옆에쪽을 박았는데 어떡하죠,가정의학과
코로나 감염,안녕하세요 제 남친이 수요일에 키트두줄이떠서 목요일에 검사받고 금요일인 오늘 검사결과가 양성이 나왔는데요 수요일에 같이 뽀뽀하고 키스하고 해서 침이 섞였을텐데 키트로는 계속 한줄이나와서 돈을내고 목요일에 pcr검사를 받았고 오늘 금요일날 음성문자를 받았는데 그 잠복기가   시간 정도라고 병원에서 얘기하시던데 내일 토요일날이 잠복기 끝나는 시간인데 그때도 키트 해봤는데 한줄나오면 안걸린걸까요  그리고 확진자랑 침이 섞였는데도 안걸리는 경우가 있나요  ,가정의학과,발 동상인가요  ,좀 간지럽구 빨개지구    무슨증상인가요   ,가정의학과
코로나 잠복기 학원,이틀간 자가진단키트 음성 나오긴 했는데 날이 갈수록 머리아프고 목 붓는 느낌 들고 암튼 코로나 증상이랑 겹치는데요  진단키트 오류가 꽤 있다고도 하고 잠복기는 검사하기 어렵다기에  저녁에 학원 가야되는데 걱정돼서요  안 가는 게 맞을까요 ,가정의학과,코로나 인가요 ,저희 언니가 어제 새벽에 속이 안좋아서 잠을 제대로 못자다가 기침을 계속 하고 열도 나는데 혹시 코로나인가요  콧물도 좀 있는거같고 근육통도 있는거같은데 어떡하죠    학원에서 며칠전에 확진자가 나왔는데 밀폐된 공간이고 접촉을 안했다고 하는데 코로나인가요  남아있는 가족들은 어떡하죠    엄마 아빠 남동생까지 걸리면 난린데   한번 걸리면 몸 망가진다고 했던가 안좋아진다고 들었는데 어떡해요    치사율이 낮은건 아는데 요즘은 걸려도 집에있잖아요 선별진료소 가서 검사한다고는 하는데 빨리 알고싶어요    곧 개학인데 밖에 못나가는건 아니겠죠    ,가정의학과
코로나 확진 후 하혈,제가 오늘 신속항원키트로 두줄이나오고 선별진료소 갔다와서 연락 기다리고 있는데 금방 화장실 다녀오고 나서 하혈이 나요 백신은  차까지 맞았고 백신 맞은지도 오래됐고 생리도 잘 해오고 했는데 코로나 증상 중에 하혈을 할 수 있나요  ,가정의학과,신속 항원 검사,코로나 신속 항원 검사를 해서 검사 해 봤는데 두 줄이 나왔는데 보건소에 전화해야 하나요 ,가정의학과
드라이아이스 변기,드라이 아이스를 모르고 변기에 버리고 녹을 때 까지 기다렸는데 이산화탄소량이 많아져서 두통이나 호흡곤란이 올 수도 있다는데 건강에는 아무 지장 없는 거죠  ,가정의학과,백신 맞고 코로나 양성,어제 백신을 맞고 밤부터 슬슬 팔이 아프더니 자고 일어났더니 오한 근육통 두통이 있었습니다 팔고 계속 아팠구요 사실 한  일전부터는 목이 살짝 기침이 나올락 말락 했고 그렇개 아프진 않고 지금은 약간 칼칼 하고 기침 나올려고 하눈 강도가 좀 세진거 같지만 완전 기침이 나오지는 않아요 혹시 몰라서 자가키트를 해봤는데  줄 나왔습니다 근데 열은 어제 밤부터 재봐도 지금도     도 근처 왔다리 갔다리 해요 열이 이정도 인데도 코로나 양성 일수도 있나요 ,가정의학과
배가 아파요  ,배가 계속 아픔니다 누워서 만져 보면 왼쪽 골반뼈 튀어나온곳  배꼽보다는 조금아래로 내려가  에서 한  센티 정도 떨어진 위치 이구요  계속 아픈것이 아니라 꾹 찌르는 듯한 통증이 찌르르하고 밀려 가슴쪽까지 올라오다 사라지는데 이것이 계속 반복해서 나타나는거죠    대략적인 문제가 뭘지    변도 잘보고 있습니다  한달 이상 된거 같구요    있다가 없을때도 있구요     다이어트 한다고 탄수화물 잘 안먹습니다  미역국이나 무 깍아먹는정도 이구요    호두 피호두  몇알씩 깨먹고있습니다    그러보니 호두 먹으면서부터 그런거 같기도 하구요  많이 멋지는 않아요    병원을 간다면    어디를 가야 할까요  일반내과로 그냥 가면 되나요   ,가정의학과,코로나 걸렸을까요   ,저희 언니가 걸렸고 증상 보이고 난후에 하루 이틀 정도 같이 보냈는데  물론 접촉 없이    너무너무너무 불안해요    차까지 맞긴 했는데 코로나 바이러스 가 집에 남아있었을수도 있고       저 오늘 pcr검사했는데 내일 결과 나오거든요  언니 코로나 걸리고  일 정도 지났는데 증상 하나도 안보였어요      너무 떨려요  ,가정의학과
코로나 확진,이번주 화요일에 친구 둘이서 저랑 같이 밥 먹었는데요 한명이 수요일에 걸리고 또 한명은 목요일에 코로나에 걸렸어요 그럼 저도 코로나 걸럈을꺼 아녜요 그래서 일단 먼저 걸린 친구 때문에 수요일에 자가키트 해서 음성 나오고 목요일에 한명 더 걸린 친구 때문에 자가키트 하고 이빈후과 가서 감사를 했죠 자가키트에서 음성 나오고 이빈후과에서 한 것도 음성 나오고 오늘 또 자가키트로 검사 하니 음성이 나왔어요 그러면 수 목 금 다 음성이잖아요 내일 병원에서 또 와서 감사 하자는데 그 검사에서 음성 나오면 나가서 놀아도 되는건가요 더 기다려야 하나요 병원에서 하는건 보건소 pcr이랑 똑같은 길이의 면봉이에요 저는 아무런 증상도 없어요,가정의학과,두드러기   ,등 날개에서 부터 귀밑에 까지 두드러기가 나오는데요     동네병원가서 주사 및 약  알레르기  처방 받아서 먹는데도 나아지질 않네요    이 약을 계속 먹어야 될까요      제생각에는 음식 뭐 그런거 보다 샤워할때 너무너무 뜨거운물로   어깨 목 부위를 샤워기물로 마사지 한뒤로 생기는거 같은데요     화상입은줄 알았어요      그냥 나두면 나을까요   두드러기 부위에서 미열이 좀 나고 가렵네요    전에 두드러기 생긴적이 없어요   ,가정의학과
,,,코로나 오미크론,   제 몸에 바이러스가 퍼지기 전이면 양성 안나오나요      꼭 아프기 시작해야 양성 나오는건가요  ,가정의학과
,,,간수치가 두배 상승   괜찮나요  ,제가 엊그제 채용검진을 했는데     년도 보다 간수치가 두배나 올랐어요   정상범위긴 한데  속상합니다      년     년 건강검진시 간수치가 상당히 좋았는데   그때 오히려 일도 많이하고 술도 많이먹고 방탕하게 살았습니다      년  월 간수치        이렇게 나왔는데   어제 검사한 채용검진 간수치 보니 두배가 올랐오요    SGOT     SGPT    이렇게 나왔습니다    까지 정상 범위긴 한데   나이가 들수록 정상범위 안에서 지표가 나빠지는거 같아서 걱정이 됩니다        이범위도 괜찮은가요   살찐게 원인일수도 있나요  ,가정의학과
,,,  살 여학생인데 키는    cm입니다 키가 중  이 후부터 잘 안크는데 이제 더 이상 키가 안크는 것일까요    생리도 합니다 ,  살 여학생인데 키는    cm입니다 키가 중  이 후부터 잘 안크는데 이제 더 이상 키가 안크는 것일까요    생리도 합니다 ,가정의학과
,,,코로나 검사,제가 코로나가 양성이면 증상이  일전부터 있었다고 하고   일전에 만났던 사람도 검사 받아야 하나요  꼭 답변 부탁드립니다 ,가정의학과
,,,고열 후 두통, 차 백신을 맞고 부작용으로 고열이 하루종일 났었는데요 PCR검사 결과 음성나와서 부작용이 맞습니다    고열이 나면서 머리가 심하게 아팠을때는 열이 나서 그런가보다 하고 참았습니다    차 백신 맞은지 일주일이 넘었는데 이제 열은 하나도 안나고 다 멀쩡한데 두통이 아직도 있습니다    완전 정상체온인데도 아직도 관자놀이쪽이랑 뒤통수가 아프고 많이 어지럽습니다   살짝 귀가 먹먹한 느낌도 있구요    이것도 백신 부작용인가요  아니면 고열이 난 뒤로 문제가 생긴건가요  ,가정의학과
,,,이거 무슨 증상일까요    ,요즘 매일마다 겪는데 왜 이런지 모르겠어요 뭐 때문인진 모르겠는데 힘들고 눈물도 많아지고 아무것도 하기 싫고 항상 혼자 있고 싶고    참고로   살 학생이에요,가정의학과
,,,코로나가족격리,가족중 한명이 오늘 오빠가 코로나가확진되었습니다 저도검사를받으러가야되는데   차접종후  일지난  저는 집에 들어간적없었고   차접종까지끝난  남자친구와동거중이었는데 격리를해야하는건가요  음성이라면 남자친구집에서격리를하면안되나요 ,가정의학과
,,,기침이 너무 심합니다 도움 부탁드립니다,기침을 시작한지   년 정도 된거 같아요  겨울에 특히 심하구요  기침을 하다보면 구토가 나올때까지 합니다  요즘은 기침을 하다가 가끔 현기증이 나서 넘어지기도 하고  기침을 할때 자주 팔이 저립니다  병원을 가도 별문제는 없다고 하고  종합검진을 받았을 때도 별 말이 없더라구요  무슨증세지 모르겠어서 한번 적어봅니다  도움 좀 부탁드립니다,가정의학과
,,,다이어트약처방,다이어트약 처방은 한병원에서 계속처방이가능한가요 아님  인당정해진 처방 개월수가따로 있나요 지금성형외과에서처방받아 먹고있는데 하루에두포 먹으랬는데 한포씩만 먹어도효과가좋아서 이틀한포 삼일에한포 이렇게 조절해서 먹고 있는데 또 처방해달라하면 해줄지 아님 다른병원을 가야 하는지요 처방전받아서 약을 빨리 먹을려는건아니고 조절해서 먹고 있거든요,가정의학과
,,,LDL수치,LDL 콜레스테롤 수치가     년   월 건강검진에서 는     로 높게나왔는데  개월뒤 몇일전에 핼액검사를 다시했는데   으로 더높게나오는데  개월만에 이렇게 높게 나올수도 있은지  나름 관리한다고했는데 조언부탁드립니다  ,가정의학과
,,,스트레스 받을때,제가 스트레스를 많이 받는편인데 취미도 없고 해소할 방법이 없더라고요   그래서 제가 스트레스 받을때 좋아하는 아이돌 노래 듣는데 이거 말고 막 숨쉬면 괜찮아진다는  이런 방법 알렺세요   그리고 스트레스 푸는방법이랑 잡생각이 안나는 행동  도 알려주세요 ,가정의학과
,,,중학교 학년질문,매일 오줌을 눌때 심장이 쿵쾅쿵쾅하는데 정상인가요 ,가정의학과
,,,코로나 관련,제가 오늘 아침에 자가키트로 코로나 검사를  번이나 했는데요   음성이 나왔는데 목이 살짝 간지럽고 가래도 끼는것 같은데   양성인가요   ,가정의학과
,,,친구가 확진인데 키트로만 검사해도 되나요 ,제목 그대론데 제가 이번주에 정말 자주 만난 친구가 확진이에요   근데 저는 어케해야할까요 그냥 키트로만 검사하고 일상생활 해도 되나요  백신은 다 맞았어요 증상 없고  ,가정의학과
,,,목디스크 아닌 사람 목보호대,요즘 전자기기를 많이 써서 그런지 거북목 처럼 되고 목이 뻐근한데 파란색 목 보호대 써도 괜찮은가요  보호대 쓰면 목 아픈게 좋아질까요  ,가정의학과
,,,코로나 증상,안녕하세요 오늘 갑자기 두통이 생기고 기침도 조금 하고 목이 따끔해요 몸도 축 쳐진 것 같고 힘이 없어요 근데 제가 다니는 학원에 코로나 확진자가 나왔다고 하셔서 나도 확진 됐나  해서 그 자가용키트 로 해봤더니 음성이 나오긴 했는데 다 정확하지 않다고 해서 너무 걱정 돼요 저 확진 됐을 수도 있나요 ,가정의학과
,,,학생인데 겨드랑이가 아파요,한달전부터 두통이 심했고 저번주부터 콧대가 아프고 목이 부은것 같은데 일요일 부터 겨드랑이가 아파요   살여잔데 무슨 증상인가요       ,가정의학과
,,,가족 코로나 확진,여동생이 몇 일전 부터 감기 증상이 있었는데 감기 안 떨어지길래 어제 코로나 검진키트 사다가 검사를 했습니다   번 했는데 다  줄 양성 떠서  가족 단체로 오늘 아침일찍 PCR 검사를 하고 왔습니다  여동생 제외하고 모든 가족이 음성 통보 받았는데  출근이나 운동시설 다녀도 괜찮을까요  여동생 포함 모든 가족  차까지 접종 완료했습니다 ,가정의학과
